Transaction_ID,Region,Country,Product_Line,Revenue,Marketing_Expense ,Profit,Quarter,Date,Channel,Age,,,,,
634272,Europe,France,Services,2016048,121949,40%,Q1,29-11-2023,Online,31,,,,,
538403,Africa,Brazil,iPhone,1070550,229901,30%,Q1,01-07-2021,E-Commerce,22,,,,,
261920,Africa,France,iPad,8337453,284308,30%,Q2,22-11-2023,E-Commerce,25,,,,,
898579,Africa,France,Services,827123,301858,20%,Q3,23-01-2022,Apple Store,36,,,,,
666299,Europe,Japan,iPhone,4149061,60560,25%,Q4,12-06-2023,Apple Store,25,,,,,
682166,Asia,UK,Wearables,9158322,418497,40%,Q2,21-06-2023,E-Commerce,19,,,,,
969541,Asia,Brazil,iPhone,5983879,187967,30%,Q2,25-09-2024,Offline,20,,,,,
772762,Africa,India,iPhone,5839253,274902,20%,Q1,12-03-2022,Offline,22,,,,,
911395,Europe,France,Services,6406484,283160,20%,Q4,27-09-2024,Online,28,,,,,
609191,North America,France,MacBook,3882968,301222,30%,Q3,11-07-2024,Retail Partner,50,,,,,
885015,Oceania,Japan,Services,7347466,452751,20%,Q4,24-11-2022,Apple Store,48,,,,,
332846,Europe,USA,Services,6627454,373859,35%,Q4,21-01-2025,Apple Store,29,,,,,
677031,Asia,France,MacBook,1538738,118861,35%,Q3,26-03-2022,Offline,29,,,,,
782530,Asia,France,Services,610357,499532,40%,Q1,01-10-2022,Apple Store,26,,,,,
658997,South America,China,Wearables,1330152,30055,40%,Q3,27-09-2024,Retail Partner,27,,,,,
419075,North America,Canada,iPhone,9778939,267857,35%,Q1,29-08-2020,E-Commerce,26,,,,,
783132,Africa,Germany,Wearables,6556325,438750,30%,Q2,02-08-2022,E-Commerce,30,,,,,
543151,Oceania,UK,Wearables,324891,123788,40%,Q1,04-10-2023,Online,24,,,,,
519579,North America,Japan,MacBook,9522264,131795,35%,Q4,18-05-2021,Apple Store,47,,,,,
428894,Asia,Germany,Services,5377465,265103,40%,Q3,30-04-2021,Offline,26,,,,,
826490,Africa,France,iPhone,8305187,139745,40%,Q1,18-01-2022,Apple Store,24,,,,,
219139,Africa,France,MacBook,3970385,142865,30%,Q2,20-03-2022,Apple Store,19,,,,,
701899,Africa,China,MacBook,5183966,87299,20%,Q4,11-05-2021,Retail Partner,22,,,,,
364278,North America,Australia,Wearables,7837775,479339,20%,Q3,09-02-2024,E-Commerce,30,,,,,
169891,North America,Brazil,iPhone,1115547,386350,30%,Q1,07-07-2023,Retail Partner,31,,,,,
421070,Oceania,USA,MacBook,2391116,333825,20%,Q4,02-05-2024,Online,19,,,,,
993484,North America,Japan,iPad,7204421,413574,20%,Q2,16-12-2021,Retail Partner,35,,,,,
959594,North America,Brazil,MacBook,3041180,491822,25%,Q4,06-08-2021,E-Commerce,34,,,,,
329272,Africa,Brazil,Wearables,3335121,231444,20%,Q4,17-04-2022,E-Commerce,27,,,,,
947965,South America,Germany,iPad,3770207,149871,40%,Q1,20-09-2021,Offline,37,,,,,
714006,Asia,France,Wearables,2694451,221367,30%,Q4,22-03-2021,E-Commerce,26,,,,,
217913,North America,India,iPad,7704886,59132,40%,Q2,03-03-2024,Offline,34,,,,,
866737,South America,France,iPhone,8749715,399782,30%,Q1,21-03-2020,Online,26,,,,,
850042,Europe,UK,MacBook,4428813,31782,20%,Q4,10-07-2024,E-Commerce,21,,,,,
335755,North America,Brazil,MacBook,6455627,182309,30%,Q3,13-12-2020,Online,22,,,,,
350264,Oceania,UK,iPad,8852289,150505,30%,Q4,16-01-2025,Online,33,,,,,
534212,North America,China,Wearables,9969909,424034,20%,Q4,31-10-2021,Online,20,,,,,
256318,North America,France,iPhone,62751,137363,20%,Q3,04-07-2020,E-Commerce,19,,,,,
917829,Africa,Australia,Wearables,3485452,467862,35%,Q4,28-09-2021,E-Commerce,29,,,,,
215569,Asia,China,Wearables,3649814,13399,35%,Q2,15-09-2023,Retail Partner,21,,,,,
440743,North America,Canada,iPhone,4882976,484526,25%,Q1,28-12-2024,Retail Partner,27,,,,,
493767,North America,France,Wearables,3840722,472350,35%,Q1,01-03-2022,Online,31,,,,,
187952,South America,Germany,Services,7562027,218250,30%,Q1,26-12-2021,Online,28,,,,,
698925,North America,Brazil,MacBook,8995605,89028,20%,Q3,03-11-2021,Online,31,,,,,
458153,South America,Australia,iPad,1620667,301013,20%,Q3,17-09-2020,Apple Store,29,,,,,
407067,North America,Australia,iPhone,7779233,470235,40%,Q2,07-10-2023,Apple Store,34,,,,,
758742,Oceania,Australia,MacBook,116967,74839,20%,Q4,28-09-2023,Offline,42,,,,,
619036,Africa,Germany,Services,9750176,174090,25%,Q4,28-08-2020,E-Commerce,34,,,,,
788418,Asia,Germany,Services,4564647,341790,40%,Q3,28-04-2023,E-Commerce,33,,,,,
317714,Europe,Germany,iPhone,5116085,117718,30%,Q2,01-02-2020,Apple Store,24,,,,,
627122,Europe,Germany,Wearables,8684580,136447,35%,Q3,04-07-2021,Apple Store,30,,,,,
183560,South America,Germany,iPad,8555585,177545,30%,Q3,07-08-2022,Retail Partner,39,,,,,
367973,Asia,Australia,Wearables,5536644,471858,30%,Q1,05-01-2024,Apple Store,40,,,,,
773395,Asia,Canada,iPhone,4177443,267721,35%,Q4,30-05-2022,Apple Store,29,,,,,
960763,Europe,India,iPad,9647229,268872,30%,Q3,05-12-2020,Offline,29,,,,,
222611,North America,Canada,iPhone,9248924,186689,30%,Q2,20-05-2024,Retail Partner,26,,,,,
153239,North America,India,iPad,7901353,362114,20%,Q2,08-12-2020,E-Commerce,27,,,,,
135576,Europe,China,Services,135906,454208,40%,Q4,30-08-2024,E-Commerce,28,,,,,
489581,North America,China,MacBook,5578215,121814,30%,Q1,06-01-2023,Online,27,,,,,
854102,North America,Germany,Wearables,6005519,292404,20%,Q3,06-02-2023,Apple Store,40,,,,,
630284,North America,Germany,Wearables,6713951,477991,30%,Q3,21-06-2024,Offline,29,,,,,
391665,South America,Germany,Services,1296497,483499,20%,Q1,03-08-2020,Retail Partner,26,,,,,
128981,Asia,China,iPhone,6976457,4392,40%,Q2,27-05-2021,Apple Store,31,,,,,
959317,Europe,USA,iPhone,3748198,408610,40%,Q3,18-05-2020,Offline,19,,,,,
135315,North America,France,Services,2663504,366385,30%,Q1,23-02-2020,Retail Partner,30,,,,,
318185,Asia,India,Wearables,8822855,151159,30%,Q2,11-06-2023,Retail Partner,18,,,,,
655464,Oceania,India,Wearables,5707097,392957,30%,Q1,29-08-2021,Offline,22,,,,,
275616,Africa,UK,iPad,3720408,40070,25%,Q2,08-12-2020,Retail Partner,43,,,,,
744818,Africa,Australia,iPad,9676619,287772,35%,Q3,17-07-2021,Online,27,,,,,
219980,Africa,France,Services,3487928,191594,20%,Q1,20-12-2021,Retail Partner,43,,,,,
306783,North America,China,iPhone,8359957,373462,40%,Q1,17-02-2021,E-Commerce,27,,,,,
293306,South America,Japan,iPhone,6061202,16651,20%,Q1,03-07-2024,Retail Partner,32,,,,,
384559,North America,Germany,iPad,3207214,114756,30%,Q1,01-07-2021,E-Commerce,25,,,,,
128605,Africa,France,iPad,2315822,403156,20%,Q4,24-11-2020,E-Commerce,29,,,,,
987321,Africa,France,Wearables,5341322,44808,20%,Q2,18-04-2020,Retail Partner,25,,,,,
838736,South America,Germany,Services,8156188,389159,20%,Q2,20-05-2021,E-Commerce,29,,,,,
439989,Oceania,Germany,Wearables,4859549,475646,30%,Q3,23-08-2022,Retail Partner,18,,,,,
652968,North America,Brazil,iPad,1532858,364190,40%,Q3,14-09-2021,Retail Partner,25,,,,,
862700,North America,India,MacBook,9915166,149097,25%,Q3,30-05-2023,Retail Partner,31,,,,,
484231,North America,USA,iPad,7162358,129474,20%,Q3,24-01-2024,Online,35,,,,,
160359,Africa,UK,Wearables,9548257,119163,25%,Q2,28-11-2020,Offline,33,,,,,
768895,North America,India,Wearables,2882806,126216,40%,Q2,16-09-2021,Offline,27,,,,,
236342,Oceania,USA,iPhone,4194135,210842,30%,Q4,04-05-2023,Offline,23,,,,,
598597,Africa,Brazil,MacBook,5856742,91930,30%,Q3,13-09-2023,Apple Store,20,,,,,
403872,South America,India,Wearables,2245757,49728,40%,Q4,25-06-2024,Apple Store,20,,,,,
532571,North America,Japan,iPad,5830569,190185,30%,Q2,11-08-2021,Retail Partner,34,,,,,
437313,Africa,Brazil,Wearables,5807630,334684,40%,Q1,06-10-2020,Online,23,,,,,
579972,Europe,Brazil,iPhone,245586,326887,40%,Q2,20-04-2024,Apple Store,21,,,,,
194598,Oceania,Japan,Services,7387639,454669,35%,Q1,21-09-2023,Online,31,,,,,
471251,South America,Germany,iPhone,9343879,177128,35%,Q3,13-08-2024,E-Commerce,24,,,,,
470810,North America,Brazil,MacBook,3022287,352703,30%,Q4,19-05-2022,Retail Partner,29,,,,,
658590,Asia,Japan,Services,3233762,336017,30%,Q3,19-07-2020,Online,32,,,,,
693702,South America,UK,Services,8256316,489714,30%,Q2,26-03-2024,Retail Partner,37,,,,,
879164,South America,Japan,Wearables,1673641,166398,30%,Q2,03-06-2021,Online,24,,,,,
517427,Asia,France,iPad,3340952,110822,20%,Q1,29-06-2022,Online,30,,,,,
323882,South America,China,iPhone,1651786,334127,40%,Q2,10-06-2021,Online,29,,,,,
468568,South America,France,iPad,2861344,182739,20%,Q1,04-12-2023,E-Commerce,25,,,,,
778060,South America,Germany,MacBook,9431973,470769,30%,Q3,16-09-2023,Retail Partner,39,,,,,
527992,Oceania,India,Wearables,4519129,422122,25%,Q3,04-05-2020,Offline,43,,,,,
839244,North America,Germany,Wearables,9458127,441881,40%,Q1,19-08-2024,E-Commerce,29,,,,,
113303,North America,Canada,Services,9165934,122261,20%,Q2,05-01-2022,E-Commerce,27,,,,,
408075,Africa,USA,Services,2605643,14004,30%,Q1,28-12-2022,Apple Store,45,,,,,
855784,North America,Brazil,iPhone,3785450,181585,30%,Q3,17-10-2020,Apple Store,24,,,,,
273642,Africa,France,Services,54023,252145,20%,Q3,08-08-2020,Online,34,,,,,
650761,Europe,Germany,iPhone,4227435,29718,20%,Q4,01-12-2024,E-Commerce,34,,,,,
346802,South America,UK,MacBook,8125871,250305,30%,Q4,16-04-2022,Offline,38,,,,,
813600,Africa,Japan,iPhone,4506708,2699,20%,Q2,03-11-2024,E-Commerce,25,,,,,
330311,Asia,France,Wearables,5304357,224248,35%,Q1,13-08-2023,Apple Store,43,,,,,
549037,Europe,France,Services,1278368,463376,20%,Q1,29-09-2024,E-Commerce,30,,,,,
296772,Africa,Brazil,Wearables,7885263,387241,40%,Q4,21-06-2021,Retail Partner,27,,,,,
280682,South America,UK,iPhone,8445909,233145,40%,Q2,07-09-2021,E-Commerce,19,,,,,
323263,Asia,USA,iPad,1489050,424182,40%,Q4,20-12-2022,Online,32,,,,,
267458,Oceania,Japan,MacBook,5304721,260610,25%,Q3,06-02-2022,E-Commerce,24,,,,,
731767,Europe,Brazil,MacBook,7300045,350390,20%,Q2,09-11-2024,Online,26,,,,,
598651,Oceania,Canada,iPad,616581,364376,20%,Q1,04-01-2024,Offline,30,,,,,
277818,Europe,China,MacBook,2093300,50053,40%,Q4,03-12-2024,Apple Store,33,,,,,
184628,Asia,UK,MacBook,7434926,197420,30%,Q2,10-06-2022,Online,22,,,,,
161030,North America,China,iPhone,526142,92484,20%,Q2,19-12-2024,E-Commerce,30,,,,,
969031,Europe,Germany,MacBook,2233044,409833,20%,Q2,26-07-2024,Offline,37,,,,,
806973,Africa,Australia,iPhone,9609490,499783,25%,Q1,29-08-2022,Online,24,,,,,
240054,Europe,China,iPhone,1148998,81832,40%,Q4,25-05-2024,Retail Partner,28,,,,,
212458,South America,Canada,iPhone,2087666,365176,30%,Q2,18-07-2024,Retail Partner,21,,,,,
843252,South America,Brazil,iPhone,9382898,192514,20%,Q1,20-01-2021,Retail Partner,21,,,,,
195340,Oceania,Germany,Wearables,7812359,206851,30%,Q3,24-03-2024,Online,24,,,,,
604866,Europe,India,iPad,9564352,290955,40%,Q4,28-03-2022,E-Commerce,32,,,,,
862102,North America,France,MacBook,2471185,375296,30%,Q4,13-03-2024,Online,20,,,,,
582515,Africa,Brazil,iPhone,1005907,19915,20%,Q3,29-08-2023,Offline,31,,,,,
282177,South America,France,MacBook,1910077,47641,40%,Q2,30-09-2022,E-Commerce,22,,,,,
854345,South America,Germany,Services,7929556,81689,40%,Q3,28-09-2024,Apple Store,44,,,,,
770680,South America,USA,MacBook,2109464,459632,20%,Q2,26-08-2022,Offline,50,,,,,
413766,North America,Japan,Services,5139176,162353,25%,Q1,20-04-2024,Online,31,,,,,
461608,Europe,USA,iPhone,7569606,14948,25%,Q2,22-01-2024,Offline,22,,,,,
607388,South America,Brazil,Wearables,8519710,226866,35%,Q2,08-03-2022,Apple Store,19,,,,,
684629,North America,UK,iPhone,6910864,487750,30%,Q1,28-11-2023,Offline,32,,,,,
388200,Africa,Brazil,Services,7030053,326436,20%,Q1,23-03-2023,Offline,50,,,,,
607063,Europe,Brazil,Services,3901124,142541,35%,Q4,11-06-2020,E-Commerce,26,,,,,
930339,Africa,Canada,MacBook,9966797,326636,40%,Q2,26-01-2023,Offline,28,,,,,
670220,North America,Germany,Services,4649720,477784,40%,Q4,09-04-2020,Retail Partner,37,,,,,
802286,Oceania,Canada,Wearables,8203581,484192,40%,Q4,28-12-2021,Offline,27,,,,,
765289,Africa,Canada,iPhone,3514729,1182,20%,Q2,31-07-2021,E-Commerce,31,,,,,
236808,North America,Australia,MacBook,7706693,13597,30%,Q4,31-05-2024,Offline,38,,,,,
167594,Asia,Germany,iPhone,7983439,403611,30%,Q1,21-12-2023,Retail Partner,20,,,,,
637035,North America,UK,iPhone,3182962,265567,20%,Q3,19-08-2024,Apple Store,24,,,,,
249311,South America,Japan,MacBook,6524649,344743,40%,Q3,30-08-2023,Apple Store,31,,,,,
731645,North America,India,MacBook,8372102,461674,40%,Q4,21-03-2024,Offline,23,,,,,
869668,North America,Japan,Wearables,3106272,71104,20%,Q1,07-08-2020,Retail Partner,25,,,,,
404494,South America,France,MacBook,7757442,444784,30%,Q1,06-04-2022,Apple Store,26,,,,,
616817,North America,Australia,MacBook,1122999,59140,30%,Q2,18-03-2023,Offline,28,,,,,
518486,North America,Brazil,MacBook,6083441,11910,30%,Q4,29-04-2020,Retail Partner,21,,,,,
924960,Europe,Japan,Services,2204702,344535,40%,Q3,16-11-2020,Offline,26,,,,,
607498,North America,India,MacBook,1497883,222738,25%,Q4,17-12-2021,Apple Store,27,,,,,
860455,North America,France,Wearables,9098701,97158,20%,Q3,04-04-2023,Retail Partner,33,,,,,
858657,South America,USA,iPhone,5668825,353183,35%,Q4,13-04-2020,E-Commerce,29,,,,,
275514,North America,Brazil,Services,7837492,436245,40%,Q2,15-01-2025,Offline,42,,,,,
232080,North America,India,iPhone,9509481,398631,40%,Q3,28-12-2024,Apple Store,27,,,,,
504152,Oceania,France,MacBook,5778624,370174,40%,Q4,07-01-2024,Retail Partner,27,,,,,
126476,Oceania,China,Services,5904622,191353,20%,Q2,08-07-2020,Apple Store,45,,,,,
410586,South America,USA,iPad,5244364,39603,20%,Q2,29-04-2020,Online,28,,,,,
794785,South America,Japan,iPhone,1298636,477364,20%,Q3,24-11-2021,Offline,26,,,,,
971454,North America,India,MacBook,8919203,135808,25%,Q1,02-06-2021,E-Commerce,25,,,,,
280135,South America,China,iPhone,7218796,53072,40%,Q1,07-05-2022,Offline,20,,,,,
811123,Asia,USA,iPhone,4810452,442040,40%,Q3,06-05-2020,Retail Partner,30,,,,,
808672,North America,Japan,MacBook,1745493,51862,25%,Q4,14-11-2023,Apple Store,28,,,,,
518777,South America,Germany,Wearables,6516985,399525,40%,Q1,03-06-2024,Retail Partner,18,,,,,
231866,Oceania,UK,Services,8997080,377637,25%,Q4,20-03-2020,Apple Store,26,,,,,
947059,North America,UK,iPhone,5943811,374746,40%,Q4,18-11-2023,Online,32,,,,,
565999,Europe,Canada,Wearables,5546398,295476,30%,Q4,05-01-2021,Apple Store,28,,,,,
630113,Oceania,UK,Wearables,3732519,159000,35%,Q3,30-09-2024,Offline,31,,,,,
476928,North America,UK,Wearables,3854814,166231,25%,Q3,27-05-2023,Apple Store,27,,,,,
779892,Asia,Germany,iPad,7493800,254808,20%,Q3,18-09-2020,Retail Partner,44,,,,,
887803,Oceania,UK,iPhone,1251770,310965,20%,Q2,28-10-2020,Retail Partner,20,,,,,
728331,Africa,India,Services,2723923,25412,30%,Q1,18-06-2023,Apple Store,47,,,,,
285505,North America,China,iPad,5242710,396025,30%,Q1,19-05-2021,E-Commerce,32,,,,,
967066,South America,Brazil,iPad,7491017,375947,30%,Q1,12-05-2022,Apple Store,27,,,,,
725633,Oceania,UK,iPhone,5246061,31707,30%,Q3,26-09-2021,E-Commerce,27,,,,,
298621,Oceania,USA,MacBook,7037713,380351,30%,Q4,23-11-2020,Online,20,,,,,
705871,Africa,India,iPhone,542840,308748,30%,Q4,07-09-2024,Online,28,,,,,
549742,North America,India,MacBook,7580300,382863,20%,Q3,04-03-2023,E-Commerce,31,,,,,
394301,North America,UK,MacBook,6609298,466098,30%,Q4,30-11-2020,Online,28,,,,,
647234,South America,Japan,Wearables,2646832,149133,40%,Q3,10-07-2020,Online,19,,,,,
890795,Africa,India,MacBook,5151263,183224,40%,Q4,13-04-2023,Offline,24,,,,,
388783,Oceania,India,Wearables,1046183,343900,40%,Q1,02-02-2022,Offline,24,,,,,
284139,Africa,Canada,Wearables,6712971,386725,30%,Q2,26-03-2023,Apple Store,45,,,,,
869852,Europe,Japan,iPhone,5533302,270708,30%,Q1,16-09-2022,Retail Partner,23,,,,,
948032,North America,France,Services,1329632,471231,25%,Q2,09-05-2023,E-Commerce,26,,,,,
225147,Africa,Japan,Wearables,9922152,51149,30%,Q4,03-06-2023,Retail Partner,43,,,,,
519591,North America,Canada,Wearables,1138187,106362,20%,Q3,11-01-2023,Online,21,,,,,
572242,Africa,Australia,iPhone,272396,474599,20%,Q3,18-11-2021,Apple Store,31,,,,,
990347,North America,Canada,Services,7772918,353395,25%,Q1,23-06-2023,Retail Partner,34,,,,,
369392,Asia,Brazil,MacBook,3531288,432890,35%,Q1,30-05-2022,Online,27,,,,,
400972,North America,India,iPhone,5218553,253105,35%,Q3,04-05-2023,Retail Partner,29,,,,,
637420,Asia,France,Services,4989726,157502,20%,Q1,18-02-2024,E-Commerce,33,,,,,
519705,Europe,France,MacBook,5053308,335416,30%,Q2,29-03-2020,Online,23,,,,,
605577,North America,India,MacBook,7961969,234367,30%,Q3,26-02-2023,Online,35,,,,,
612060,Europe,Canada,MacBook,5244898,60165,20%,Q4,23-07-2023,Online,31,,,,,
853050,North America,USA,MacBook,3717848,395285,20%,Q2,14-09-2022,Offline,21,,,,,
975860,Europe,France,Wearables,8074417,357227,25%,Q1,30-06-2020,Offline,20,,,,,
324227,Africa,France,MacBook,1791432,303055,20%,Q1,02-03-2020,Apple Store,23,,,,,
954446,North America,Germany,Wearables,6379616,275216,40%,Q2,09-12-2020,E-Commerce,25,,,,,
867512,Asia,India,iPhone,229436,91463,20%,Q2,02-09-2022,Retail Partner,26,,,,,
660301,Asia,France,Services,7919549,200949,30%,Q1,18-02-2024,Retail Partner,42,,,,,
715515,North America,USA,Services,2563528,105495,30%,Q1,14-09-2022,Online,25,,,,,
495783,Africa,China,MacBook,6392400,431092,30%,Q2,24-01-2021,Apple Store,41,,,,,
722301,Oceania,France,iPhone,2831792,216116,30%,Q3,23-01-2025,Retail Partner,31,,,,,
482062,North America,India,Services,7236561,116115,20%,Q3,18-10-2022,Online,27,,,,,
145277,South America,Brazil,Wearables,1037618,162343,40%,Q1,16-08-2022,Online,22,,,,,
754672,North America,USA,MacBook,5102734,150761,40%,Q2,03-03-2021,Offline,47,,,,,
386293,Europe,USA,Wearables,6529467,142265,30%,Q3,01-08-2021,Offline,39,,,,,
460028,Asia,France,iPad,261224,121511,40%,Q2,09-11-2020,Retail Partner,28,,,,,
163222,North America,India,Services,9350122,125024,20%,Q4,14-12-2022,Offline,35,,,,,
383393,Asia,Canada,Wearables,1949424,364863,40%,Q1,06-11-2024,E-Commerce,20,,,,,
921712,South America,India,iPad,6493198,81406,20%,Q1,18-12-2020,Offline,44,,,,,
391914,South America,Canada,iPhone,1769410,277385,25%,Q4,19-08-2024,Retail Partner,31,,,,,
938016,Asia,Brazil,Wearables,8437316,266637,40%,Q4,16-05-2020,Offline,36,,,,,
701396,Oceania,Brazil,iPhone,9960385,60430,35%,Q2,26-04-2023,Online,21,,,,,
206433,South America,Brazil,Services,36633,447441,40%,Q1,24-01-2024,Apple Store,40,,,,,
570764,South America,India,MacBook,9468265,370477,30%,Q3,14-10-2022,E-Commerce,22,,,,,
617580,Asia,India,Services,8309982,59488,30%,Q3,08-06-2022,Apple Store,50,,,,,
882768,Oceania,Brazil,iPhone,3235081,298115,40%,Q1,22-09-2020,Offline,28,,,,,
111881,Asia,China,MacBook,7178377,114817,40%,Q2,03-09-2022,Retail Partner,49,,,,,
145786,North America,Australia,iPad,9118446,14615,20%,Q2,30-06-2022,Online,29,,,,,
101325,Africa,Brazil,Wearables,7474159,443294,35%,Q2,03-12-2021,Offline,45,,,,,
453289,North America,France,iPhone,5314194,393055,20%,Q4,12-06-2020,Offline,26,,,,,
192208,North America,Australia,iPad,6077485,430292,25%,Q1,16-06-2022,E-Commerce,33,,,,,
636819,Oceania,Japan,iPad,3383530,94632,40%,Q4,10-02-2022,Retail Partner,30,,,,,
623594,Oceania,China,iPad,8315681,74797,40%,Q1,14-12-2021,Online,34,,,,,
163583,Oceania,Germany,MacBook,2034577,41020,30%,Q3,04-09-2020,Apple Store,28,,,,,
866015,South America,UK,Wearables,5771044,321217,30%,Q4,15-10-2023,Retail Partner,33,,,,,
611972,Oceania,Canada,iPad,5091915,176586,30%,Q3,09-12-2022,Apple Store,35,,,,,
856411,North America,Australia,MacBook,685195,48490,20%,Q4,17-05-2022,Online,35,,,,,
596812,Oceania,Brazil,Wearables,5992338,237039,40%,Q1,07-07-2020,Retail Partner,22,,,,,
770570,Africa,Germany,MacBook,5874635,164236,25%,Q1,09-08-2020,Apple Store,50,,,,,
575577,Africa,France,MacBook,967027,221473,35%,Q4,22-05-2024,Apple Store,27,,,,,
156170,North America,Germany,Wearables,215095,377315,25%,Q2,16-11-2020,Apple Store,37,,,,,
518962,South America,UK,Services,7509774,285934,35%,Q3,04-09-2021,Online,30,,,,,
815978,Africa,Brazil,iPhone,7928742,399507,35%,Q4,25-04-2022,E-Commerce,23,,,,,
680878,Oceania,UK,Wearables,7451822,8481,25%,Q3,17-05-2024,Retail Partner,45,,,,,
758960,Asia,Brazil,iPad,3376378,487899,35%,Q1,23-12-2021,Online,30,,,,,
151496,South America,Canada,iPhone,5125259,345593,35%,Q4,05-01-2025,Retail Partner,29,,,,,
717879,Oceania,France,iPhone,8868549,219002,20%,Q2,24-06-2024,Apple Store,20,,,,,
516476,South America,UK,Services,5373153,70969,20%,Q4,18-10-2020,Online,29,,,,,
843942,North America,Japan,iPhone,9392786,86856,30%,Q2,27-09-2022,E-Commerce,23,,,,,
831529,Asia,Canada,iPad,1583286,267747,30%,Q2,02-04-2021,Retail Partner,26,,,,,
127236,Africa,China,iPhone,6900200,162823,30%,Q4,25-11-2024,E-Commerce,30,,,,,
506089,Oceania,Canada,iPad,2747577,215560,35%,Q2,01-11-2022,Offline,43,,,,,
166242,North America,India,Services,5525923,7787,20%,Q4,29-08-2022,Online,25,,,,,
241839,Africa,Australia,Services,4759760,218880,40%,Q1,08-03-2024,E-Commerce,31,,,,,
413346,Africa,Japan,Services,4860299,167945,40%,Q1,08-11-2020,Retail Partner,45,,,,,
966094,Asia,Brazil,iPhone,2425485,207351,40%,Q4,19-12-2023,Apple Store,19,,,,,
174050,North America,USA,Wearables,292120,100885,30%,Q2,16-05-2022,Offline,33,,,,,
943584,North America,China,iPhone,15948,175187,30%,Q2,01-08-2020,Online,20,,,,,
504894,Asia,Brazil,iPad,7773968,24760,40%,Q2,07-12-2024,Retail Partner,39,,,,,
277632,South America,India,iPad,2115963,209972,25%,Q1,30-11-2024,Online,29,,,,,
922165,Asia,Canada,MacBook,8392215,22501,40%,Q1,25-02-2021,Retail Partner,46,,,,,
685013,Europe,Japan,MacBook,595748,173167,30%,Q3,14-10-2022,Online,35,,,,,
114414,Africa,Germany,iPhone,1180998,36992,40%,Q1,10-08-2023,Online,23,,,,,
337296,North America,USA,Wearables,8073183,104873,20%,Q4,19-08-2023,Apple Store,30,,,,,
139502,Asia,Germany,Wearables,8515550,454900,20%,Q2,10-05-2023,Offline,40,,,,,
576220,Oceania,Canada,iPad,4922682,2243,25%,Q2,17-08-2024,Offline,28,,,,,
418722,Africa,Brazil,iPad,7861598,150636,40%,Q4,20-05-2020,Online,35,,,,,
871447,North America,UK,iPhone,2593323,349356,20%,Q3,18-09-2023,Retail Partner,28,,,,,
221304,North America,China,iPad,5101401,198258,40%,Q1,12-06-2024,Online,30,,,,,
612965,Oceania,Germany,Wearables,1083398,301534,40%,Q3,07-10-2022,Online,29,,,,,
122706,Asia,Germany,iPhone,5750468,279410,40%,Q1,03-11-2024,Apple Store,31,,,,,
402815,South America,France,MacBook,1567569,40203,20%,Q2,02-04-2023,Online,30,,,,,
867969,South America,France,Services,1367614,329946,20%,Q1,29-01-2023,Offline,46,,,,,
363054,North America,Japan,iPhone,4870755,35908,40%,Q3,28-04-2024,Online,29,,,,,
826514,Africa,Japan,MacBook,2864831,199458,25%,Q4,17-08-2024,Online,34,,,,,
460006,Europe,India,MacBook,729849,109362,25%,Q2,03-03-2023,E-Commerce,32,,,,,
522154,North America,UK,MacBook,9303827,407682,20%,Q3,18-06-2023,Apple Store,41,,,,,
615228,North America,India,iPhone,2668665,319790,30%,Q1,15-07-2023,Apple Store,22,,,,,
614661,Asia,Germany,Services,6526676,248010,40%,Q2,19-02-2024,Apple Store,47,,,,,
195325,North America,India,iPhone,3222789,393710,20%,Q1,16-01-2021,Offline,22,,,,,
691837,Oceania,Brazil,MacBook,9271251,235032,25%,Q2,02-02-2021,Retail Partner,48,,,,,
507002,Africa,UK,Wearables,3313046,139585,40%,Q4,21-02-2020,E-Commerce,19,,,,,
664982,Oceania,USA,MacBook,3381337,284822,35%,Q4,17-03-2022,E-Commerce,35,,,,,
752085,Africa,Australia,Wearables,8158611,48171,40%,Q4,02-06-2020,Apple Store,34,,,,,
324313,Africa,Germany,iPhone,4846842,493113,35%,Q2,30-08-2020,E-Commerce,29,,,,,
384776,North America,Brazil,iPad,731121,344008,30%,Q1,18-02-2020,E-Commerce,33,,,,,
548075,North America,India,Services,8345549,175418,40%,Q4,15-12-2024,Offline,43,,,,,
376425,Europe,France,Wearables,6870748,462535,30%,Q2,14-11-2023,Offline,20,,,,,
496749,Asia,UK,iPhone,9616831,22952,40%,Q3,17-07-2021,Online,27,,,,,
523428,North America,India,iPad,7053839,249577,25%,Q1,30-11-2021,Online,30,,,,,
659212,Africa,France,iPad,3447709,251193,20%,Q2,31-08-2020,Online,27,,,,,
460622,Africa,Canada,iPhone,28778,417964,30%,Q1,08-01-2021,Apple Store,26,,,,,
642140,South America,Australia,Services,5057748,179459,30%,Q2,19-10-2024,Apple Store,37,,,,,
350708,Europe,Australia,iPad,8387049,400450,20%,Q1,25-04-2024,Offline,36,,,,,
537891,North America,Brazil,MacBook,7288511,299934,30%,Q2,07-12-2021,E-Commerce,20,,,,,
878162,North America,France,iPhone,5045697,450566,35%,Q3,17-07-2022,Online,27,,,,,
709252,South America,UK,Services,8321098,216241,30%,Q2,02-08-2023,Apple Store,30,,,,,
568096,Africa,Brazil,iPhone,2040840,62749,20%,Q4,16-09-2022,Retail Partner,28,,,,,
464227,North America,Australia,Services,4944843,130381,30%,Q4,15-10-2023,Offline,42,,,,,
832105,Oceania,Brazil,iPhone,8716555,117358,40%,Q1,01-01-2023,Apple Store,21,,,,,
519358,Europe,Canada,iPhone,4373543,334840,30%,Q2,14-08-2022,Offline,31,,,,,
396000,Oceania,France,iPhone,2039723,493083,25%,Q3,02-05-2023,Retail Partner,27,,,,,
878837,Oceania,Brazil,MacBook,963943,36506,40%,Q4,26-11-2022,Online,26,,,,,
177926,North America,China,iPhone,647220,122833,25%,Q1,13-07-2020,Retail Partner,23,,,,,
459782,South America,UK,Wearables,706882,305006,40%,Q3,12-03-2024,Retail Partner,45,,,,,
131274,South America,Brazil,Wearables,4070754,41104,35%,Q4,09-08-2021,Online,28,,,,,
922459,Europe,India,iPad,8265415,124941,20%,Q4,14-06-2021,Offline,28,,,,,
749494,Oceania,Australia,iPhone,8426810,440340,30%,Q4,30-11-2021,Retail Partner,18,,,,,
914328,Asia,France,Services,2466023,21601,35%,Q2,10-07-2020,E-Commerce,29,,,,,
839529,Oceania,Canada,MacBook,3024612,349546,20%,Q2,15-12-2022,Apple Store,44,,,,,
368073,North America,Germany,MacBook,876109,160066,40%,Q3,05-08-2020,Apple Store,19,,,,,
245916,Oceania,Germany,Services,9160930,4425,40%,Q2,08-05-2024,Apple Store,40,,,,,
377636,Asia,France,iPad,3204453,56191,20%,Q3,02-04-2021,Offline,40,,,,,
838064,South America,Japan,iPhone,1277469,20912,20%,Q1,23-12-2021,Retail Partner,31,,,,,
897401,North America,USA,Services,6267806,76194,30%,Q2,06-09-2022,E-Commerce,31,,,,,
336538,North America,China,Wearables,8596082,390836,30%,Q2,13-11-2021,Apple Store,38,,,,,
824871,Asia,Brazil,Wearables,5208234,285015,30%,Q3,14-08-2024,Apple Store,38,,,,,
348322,South America,UK,iPhone,7195771,74843,40%,Q1,18-09-2020,Online,29,,,,,
761423,Asia,India,Wearables,9413677,407073,40%,Q3,27-07-2020,Online,22,,,,,
201488,Asia,Germany,iPad,6876542,243217,40%,Q4,30-12-2021,Online,29,,,,,
455261,Europe,France,Services,5665568,43347,40%,Q1,07-08-2024,Offline,30,,,,,
857874,North America,Japan,Wearables,2845124,481832,40%,Q4,31-10-2022,Apple Store,28,,,,,
942803,Europe,Germany,iPhone,5747061,434020,30%,Q1,18-11-2021,Apple Store,30,,,,,
917938,South America,China,Wearables,6498917,49599,25%,Q4,13-04-2020,Offline,39,,,,,
934222,North America,Canada,iPhone,9154565,302872,40%,Q2,15-03-2024,Retail Partner,18,,,,,
403465,North America,China,iPad,3169301,119076,35%,Q3,17-06-2022,Offline,43,,,,,
455332,North America,UK,Services,7215522,264712,35%,Q2,29-12-2022,E-Commerce,28,,,,,
582879,Oceania,USA,Wearables,1513874,230187,40%,Q4,07-11-2023,Retail Partner,37,,,,,
532665,Asia,Canada,Wearables,9230178,150402,20%,Q1,18-11-2020,E-Commerce,35,,,,,
122155,North America,Japan,iPhone,7557941,496555,30%,Q3,27-12-2020,Online,28,,,,,
880729,Europe,Canada,Wearables,848244,436985,40%,Q2,07-12-2022,Offline,31,,,,,
178748,Africa,Germany,MacBook,7471186,287381,40%,Q3,25-08-2024,Apple Store,33,,,,,
888652,North America,Australia,MacBook,811117,340878,30%,Q4,19-11-2024,E-Commerce,29,,,,,
757437,South America,UK,iPad,7814,283004,20%,Q3,22-10-2022,E-Commerce,28,,,,,
321004,Oceania,India,iPhone,2371429,476036,35%,Q1,12-06-2022,Online,18,,,,,
164460,South America,UK,iPhone,5534214,404203,30%,Q2,27-12-2023,Apple Store,22,,,,,
196054,South America,France,iPad,2415067,97595,30%,Q1,06-04-2024,Apple Store,40,,,,,
513654,South America,China,Services,9907379,189400,25%,Q3,30-01-2020,Retail Partner,42,,,,,
838124,Africa,USA,Services,9362677,42362,25%,Q4,18-09-2024,Offline,25,,,,,
110271,Europe,Brazil,Services,19748,279296,25%,Q1,20-01-2025,Offline,26,,,,,
160983,North America,UK,Services,5045531,363745,25%,Q1,14-08-2024,Retail Partner,26,,,,,
978176,Asia,USA,Services,6030496,384912,40%,Q4,04-05-2024,E-Commerce,31,,,,,
890698,Asia,China,Wearables,2333578,488639,35%,Q4,24-03-2021,Offline,27,,,,,
227620,Asia,Australia,iPhone,893233,482040,30%,Q3,03-05-2021,Retail Partner,27,,,,,
765949,Oceania,Brazil,iPhone,6011675,9159,20%,Q1,21-12-2021,Offline,34,,,,,
657861,Oceania,UK,Wearables,176887,43035,40%,Q3,09-09-2024,Offline,41,,,,,
363151,South America,Germany,Services,9407358,478228,20%,Q1,07-08-2024,Apple Store,34,,,,,
447787,Oceania,Brazil,Wearables,6096395,328294,20%,Q3,17-06-2020,Retail Partner,27,,,,,
719786,Africa,UK,iPad,4025748,357315,30%,Q3,10-04-2024,E-Commerce,31,,,,,
435654,Oceania,Japan,Services,4137226,3727,20%,Q2,16-11-2021,Apple Store,40,,,,,
885806,Europe,UK,MacBook,4194724,488277,30%,Q1,10-04-2023,Online,22,,,,,
645087,Asia,Brazil,Services,374623,368852,30%,Q2,17-02-2024,Online,28,,,,,
754083,Africa,China,iPhone,2725514,310024,40%,Q4,10-10-2021,Offline,24,,,,,
132248,Oceania,China,iPad,41603,142669,40%,Q3,14-12-2022,Offline,26,,,,,
653035,Europe,Germany,MacBook,7170299,195546,20%,Q3,18-02-2024,Apple Store,34,,,,,
452219,Africa,Germany,iPhone,6527611,436659,40%,Q3,19-05-2022,E-Commerce,34,,,,,
727640,Asia,Canada,iPad,5559985,116330,40%,Q2,20-07-2020,E-Commerce,28,,,,,
765743,Africa,UK,iPad,2869667,400851,20%,Q4,05-07-2020,Apple Store,43,,,,,
461012,North America,Brazil,iPad,4171975,233573,35%,Q4,17-04-2020,E-Commerce,32,,,,,
250333,Asia,Canada,iPhone,9747236,346357,25%,Q2,07-09-2023,Offline,21,,,,,
528540,Oceania,France,MacBook,2348357,187151,30%,Q2,17-08-2023,E-Commerce,23,,,,,
129825,Oceania,Australia,iPad,858293,167160,20%,Q3,16-05-2023,Online,28,,,,,
741672,Oceania,Japan,Services,2278536,55588,25%,Q2,06-12-2024,E-Commerce,31,,,,,
437508,North America,China,Wearables,344373,39129,20%,Q3,18-12-2021,Apple Store,37,,,,,
530117,Africa,Australia,Services,7256461,10729,40%,Q2,27-05-2023,Online,27,,,,,
198042,Asia,Japan,iPhone,5370668,198830,20%,Q4,05-07-2020,E-Commerce,25,,,,,
815052,Oceania,USA,iPad,2678609,289086,30%,Q3,14-08-2021,Online,25,,,,,
491383,North America,UK,Services,7364084,456147,25%,Q3,15-11-2024,Apple Store,33,,,,,
519286,Europe,Australia,Wearables,5742795,472803,30%,Q3,26-02-2020,Retail Partner,42,,,,,
614238,North America,Brazil,Wearables,7578402,476797,35%,Q2,24-09-2020,Apple Store,33,,,,,
740293,Africa,Germany,MacBook,1461668,396843,20%,Q2,15-01-2025,Online,23,,,,,
808172,Africa,India,Services,132802,389396,30%,Q1,13-01-2025,Online,31,,,,,
186101,Oceania,India,Services,9565001,454614,35%,Q3,01-12-2022,Retail Partner,25,,,,,
917124,Oceania,Japan,Wearables,7121162,162983,35%,Q4,04-07-2022,Retail Partner,29,,,,,
502458,North America,Brazil,Services,5180285,492232,40%,Q1,30-05-2023,Online,25,,,,,
922323,Oceania,India,Wearables,8838130,116088,30%,Q1,30-12-2021,Offline,40,,,,,
627016,Europe,Japan,iPhone,5185915,319641,40%,Q3,17-10-2020,Retail Partner,24,,,,,
535361,Oceania,Brazil,iPhone,15369,183285,30%,Q1,10-02-2020,Retail Partner,34,,,,,
538971,Europe,Germany,iPad,2726246,17346,30%,Q3,15-05-2020,Offline,28,,,,,
743108,South America,India,iPad,8177385,392829,25%,Q2,05-10-2020,E-Commerce,34,,,,,
657950,Africa,Canada,MacBook,3824332,238827,20%,Q2,12-11-2021,Offline,22,,,,,
566143,Asia,Canada,iPad,2140733,171405,20%,Q4,08-10-2020,Apple Store,36,,,,,
129635,Africa,USA,Services,2126762,55604,30%,Q4,24-09-2023,Online,25,,,,,
194552,Asia,China,Wearables,628609,192230,40%,Q1,29-10-2024,Retail Partner,18,,,,,
981276,Europe,Japan,iPad,4298289,333551,20%,Q3,04-07-2020,Retail Partner,33,,,,,
810756,Asia,India,Services,8774109,75687,30%,Q4,17-07-2020,E-Commerce,30,,,,,
651779,North America,Australia,Services,6384936,433648,35%,Q1,22-12-2021,Offline,36,,,,,
305571,North America,China,MacBook,7658675,79866,25%,Q1,24-06-2021,Online,29,,,,,
882000,Asia,India,Wearables,5414064,439042,30%,Q3,22-02-2022,Retail Partner,45,,,,,
757363,Asia,India,Wearables,6492032,357953,30%,Q4,06-08-2021,Online,19,,,,,
948375,Oceania,Australia,MacBook,1734516,343737,40%,Q1,26-12-2020,Offline,21,,,,,
625006,Africa,China,MacBook,6305728,159568,20%,Q4,15-01-2023,Retail Partner,23,,,,,
277501,North America,France,Services,5873750,401171,20%,Q3,03-09-2024,Offline,36,,,,,
144910,North America,USA,Wearables,7356552,45431,20%,Q3,16-02-2020,Apple Store,28,,,,,
949639,South America,China,iPhone,6502365,164364,35%,Q2,21-08-2021,Retail Partner,23,,,,,
997392,South America,France,iPad,2456272,375809,20%,Q3,21-03-2024,Offline,34,,,,,
251590,Asia,Germany,Services,9205439,245986,30%,Q2,21-03-2023,Offline,35,,,,,
419498,Europe,Brazil,Wearables,514431,490484,20%,Q3,01-11-2020,Offline,45,,,,,
181434,Europe,France,MacBook,4534500,245258,40%,Q4,22-03-2022,Online,28,,,,,
539227,North America,Canada,iPad,1349433,405484,30%,Q2,02-12-2020,Offline,43,,,,,
219908,South America,China,Wearables,6890113,478227,35%,Q2,06-05-2022,Online,20,,,,,
818415,Europe,France,MacBook,2804902,142499,40%,Q2,26-01-2022,Online,20,,,,,
334472,North America,India,iPhone,46217,339953,35%,Q1,18-02-2020,Retail Partner,29,,,,,
344159,Europe,Australia,Services,2520352,348326,20%,Q4,20-09-2021,Apple Store,45,,,,,
569537,Africa,UK,Services,3824922,42910,25%,Q2,31-05-2024,Offline,41,,,,,
796874,South America,India,Wearables,3684250,291803,30%,Q1,17-11-2024,Apple Store,41,,,,,
623056,North America,Canada,Wearables,1268135,219661,40%,Q2,03-02-2024,Apple Store,39,,,,,
328656,Oceania,France,iPad,3760277,249105,40%,Q4,05-11-2024,Retail Partner,40,,,,,
444402,North America,India,MacBook,4585249,101842,40%,Q2,22-12-2021,Apple Store,33,,,,,
105505,North America,Australia,iPhone,7856103,323452,35%,Q4,04-08-2021,E-Commerce,24,,,,,
336472,South America,Australia,MacBook,8970925,372625,30%,Q3,11-10-2024,E-Commerce,20,,,,,
813638,South America,Canada,Wearables,2978842,258191,30%,Q2,06-12-2021,Offline,21,,,,,
901876,Oceania,Australia,MacBook,4660001,309479,30%,Q4,18-09-2021,Offline,32,,,,,
166117,Asia,UK,iPad,5759426,423212,25%,Q3,23-12-2023,E-Commerce,30,,,,,
871126,North America,UK,Services,2983887,395257,30%,Q2,11-12-2023,Retail Partner,50,,,,,
334595,North America,Germany,iPhone,5618344,379737,20%,Q4,10-12-2024,E-Commerce,23,,,,,
620783,Africa,Germany,Services,7217584,29574,25%,Q4,02-08-2024,E-Commerce,27,,,,,
804723,Europe,USA,iPad,2754298,14878,30%,Q3,14-04-2023,Retail Partner,40,,,,,
144689,Africa,Brazil,iPhone,5112530,246790,40%,Q4,19-12-2022,E-Commerce,19,,,,,
776528,Asia,France,iPad,1806829,454326,20%,Q1,13-02-2024,Online,25,,,,,
236857,Africa,Japan,Services,2062891,83393,30%,Q2,17-01-2025,E-Commerce,26,,,,,
323557,Africa,Canada,iPhone,4132583,156790,25%,Q3,03-05-2021,Offline,31,,,,,
475594,Oceania,Brazil,Wearables,2247732,304099,20%,Q3,21-12-2023,Online,23,,,,,
273303,North America,France,Services,1698711,488519,20%,Q2,06-01-2020,Retail Partner,28,,,,,
204248,Europe,Germany,MacBook,4356590,362267,30%,Q1,20-01-2025,Offline,40,,,,,
220254,Europe,France,MacBook,3023983,111653,35%,Q4,09-04-2024,Offline,34,,,,,
572915,Africa,Germany,MacBook,7435208,370344,30%,Q2,20-05-2023,Apple Store,35,,,,,
813797,North America,China,MacBook,1241331,483531,40%,Q1,23-07-2024,E-Commerce,19,,,,,
240095,North America,UK,Wearables,7170647,273290,40%,Q2,30-06-2021,Retail Partner,30,,,,,
937632,Europe,Australia,iPhone,1206075,476113,30%,Q4,24-02-2022,Online,26,,,,,
191269,South America,UK,MacBook,2582421,418028,25%,Q2,25-03-2024,Retail Partner,36,,,,,
359509,Oceania,USA,MacBook,847429,407720,35%,Q3,10-03-2020,Online,35,,,,,
432549,Africa,Australia,Services,9285617,74059,30%,Q1,13-03-2021,Offline,38,,,,,
529407,Europe,Brazil,Services,2914136,17954,35%,Q3,04-04-2020,E-Commerce,28,,,,,
643575,North America,Germany,iPad,7229322,238565,40%,Q3,27-07-2022,Apple Store,28,,,,,
505158,Africa,Japan,iPad,5557872,209055,40%,Q3,14-04-2021,Offline,44,,,,,
645474,South America,Australia,MacBook,2530775,307667,20%,Q2,11-12-2020,Retail Partner,44,,,,,
191462,Africa,USA,Services,7673456,225653,20%,Q3,04-06-2020,Offline,32,,,,,
703017,South America,India,MacBook,6651433,364656,40%,Q3,02-12-2020,Offline,21,,,,,
468392,South America,USA,iPad,7801441,50622,30%,Q1,29-12-2024,Apple Store,32,,,,,
780138,Oceania,Japan,Services,2185274,392979,30%,Q2,18-12-2020,Online,35,,,,,
852604,Africa,Japan,iPad,9717494,125558,40%,Q2,01-10-2020,Online,25,,,,,
908933,Africa,China,Services,750953,313100,20%,Q4,24-03-2022,Apple Store,35,,,,,
280205,North America,Canada,iPad,2678633,462547,35%,Q2,30-08-2024,E-Commerce,26,,,,,
353128,Asia,Japan,iPad,7977584,125388,40%,Q1,07-05-2021,Retail Partner,40,,,,,
437268,Africa,USA,Services,9929874,17549,20%,Q4,20-02-2023,Apple Store,25,,,,,
386850,Asia,Japan,Services,4307264,401645,35%,Q2,15-11-2020,Apple Store,34,,,,,
498075,North America,Germany,MacBook,7938635,332988,30%,Q4,26-06-2024,Retail Partner,32,,,,,
381250,South America,France,iPhone,2433651,489410,40%,Q1,18-05-2022,Apple Store,32,,,,,
657827,Oceania,Brazil,iPad,8207037,288695,20%,Q1,14-06-2024,Online,26,,,,,
662804,South America,India,iPad,8081766,364310,20%,Q3,26-01-2023,Apple Store,39,,,,,
946723,Asia,Canada,MacBook,8592026,179450,20%,Q4,06-08-2022,Offline,40,,,,,
694550,Africa,China,Wearables,1678926,8384,25%,Q3,01-01-2024,Apple Store,23,,,,,
525006,Africa,UK,Wearables,9189188,386381,20%,Q2,13-09-2020,Online,28,,,,,
475705,North America,Japan,Services,7826080,221062,40%,Q3,12-08-2020,Apple Store,35,,,,,
961587,North America,UK,iPad,4108921,210595,20%,Q4,13-12-2022,Retail Partner,34,,,,,
909282,North America,Brazil,MacBook,9439454,304209,20%,Q1,26-03-2024,Offline,35,,,,,
750479,Africa,Brazil,Services,2670566,89486,20%,Q3,06-09-2024,Online,33,,,,,
280143,South America,UK,MacBook,9246244,67980,40%,Q3,05-08-2024,Retail Partner,42,,,,,
544473,Europe,France,iPhone,8545051,290803,35%,Q2,01-09-2023,Retail Partner,19,,,,,
687256,North America,Japan,iPhone,9194794,303101,20%,Q1,09-08-2020,Online,18,,,,,
201337,South America,Germany,MacBook,7012867,4520,30%,Q3,04-04-2024,Online,31,,,,,
110840,South America,Canada,Wearables,7464814,480108,40%,Q2,18-03-2020,Offline,22,,,,,
301042,North America,Australia,Wearables,1729200,212231,20%,Q3,14-07-2021,Online,29,,,,,
417992,South America,Canada,iPad,6059473,479301,40%,Q3,26-07-2023,Offline,37,,,,,
519217,Oceania,Japan,MacBook,8460251,320092,30%,Q4,14-09-2021,Online,18,,,,,
284728,Asia,UK,iPhone,9795692,429286,20%,Q2,03-02-2021,Online,32,,,,,
718097,South America,India,iPhone,7431376,130295,20%,Q4,17-12-2023,Apple Store,32,,,,,
376639,North America,India,iPad,7116562,69304,20%,Q1,08-06-2024,E-Commerce,28,,,,,
551137,Europe,India,MacBook,4980775,255071,30%,Q1,28-06-2020,E-Commerce,21,,,,,
862074,South America,China,iPhone,9968793,101959,40%,Q3,14-06-2023,Offline,33,,,,,
496810,Europe,UK,Wearables,5817444,447236,35%,Q2,06-01-2020,Retail Partner,24,,,,,
318033,Asia,Canada,Services,4482589,341378,20%,Q1,15-01-2025,E-Commerce,30,,,,,
237273,North America,Brazil,iPhone,8957524,401030,25%,Q3,24-08-2020,E-Commerce,30,,,,,
112504,Africa,Germany,Wearables,106144,235515,35%,Q3,22-10-2022,Online,30,,,,,
586999,North America,Canada,iPad,1804501,143070,20%,Q3,11-02-2022,E-Commerce,32,,,,,
434667,South America,China,Services,9224548,202146,25%,Q1,16-06-2024,Offline,37,,,,,
188843,North America,Canada,Services,2765333,194093,40%,Q4,15-10-2024,Offline,48,,,,,
921399,Oceania,China,iPad,7577899,42173,25%,Q1,05-09-2020,E-Commerce,34,,,,,
548625,Europe,Brazil,iPad,887027,186535,25%,Q4,07-06-2024,Online,35,,,,,
116879,South America,UK,Wearables,629798,176550,20%,Q2,28-12-2023,Apple Store,26,,,,,
346227,North America,Japan,Wearables,4680321,48222,25%,Q3,05-02-2023,Retail Partner,39,,,,,
885662,Europe,USA,iPhone,9317081,253551,30%,Q1,01-11-2022,Apple Store,25,,,,,
104187,Africa,Canada,Wearables,1617941,421275,25%,Q1,24-04-2024,E-Commerce,22,,,,,
776749,Asia,France,iPad,3439003,414741,20%,Q4,31-08-2021,Online,30,,,,,
737191,North America,UK,Services,8222512,297626,40%,Q2,28-12-2020,Apple Store,40,,,,,
488563,Europe,China,Wearables,9164759,169279,35%,Q4,12-06-2023,Online,26,,,,,
818129,Oceania,UK,MacBook,5768490,57495,40%,Q3,25-09-2022,Retail Partner,39,,,,,
713725,South America,India,iPhone,9075401,60686,25%,Q3,05-06-2022,Apple Store,27,,,,,
569184,North America,USA,MacBook,9410724,387995,20%,Q4,20-02-2022,Online,20,,,,,
654625,North America,Germany,MacBook,8731514,106236,35%,Q4,09-08-2021,Offline,41,,,,,
710203,Asia,India,iPad,5166418,269172,40%,Q4,19-09-2021,E-Commerce,27,,,,,
168629,South America,Germany,iPad,7838998,211544,30%,Q2,26-12-2022,Retail Partner,35,,,,,
493754,North America,Japan,iPad,5673182,138477,35%,Q4,15-03-2023,Retail Partner,40,,,,,
129702,North America,Australia,iPad,8933171,222084,40%,Q4,09-09-2021,E-Commerce,30,,,,,
625907,Europe,Japan,Wearables,3602067,282790,20%,Q4,16-03-2020,Online,20,,,,,
381162,Asia,India,Services,7274524,293453,25%,Q1,31-01-2023,Offline,34,,,,,
297042,Asia,France,Wearables,6927344,465359,35%,Q4,06-10-2023,Online,27,,,,,
244243,North America,Brazil,MacBook,2008382,255305,40%,Q4,30-07-2023,Apple Store,20,,,,,
395319,South America,Germany,iPad,1787140,235543,35%,Q1,07-03-2021,E-Commerce,26,,,,,
692972,North America,China,Wearables,8247014,19202,40%,Q2,29-03-2022,Retail Partner,38,,,,,
271060,North America,Japan,Wearables,4108112,435357,20%,Q3,23-10-2024,E-Commerce,27,,,,,
485319,Oceania,China,MacBook,932070,58721,40%,Q4,18-06-2021,Offline,28,,,,,
361292,Oceania,Canada,iPad,9612217,383864,40%,Q2,21-05-2021,Apple Store,44,,,,,
608996,Asia,Brazil,Services,165602,195611,30%,Q2,29-10-2020,Retail Partner,44,,,,,
760487,Asia,Japan,Wearables,3649251,146979,30%,Q2,11-07-2024,Retail Partner,25,,,,,
859015,Oceania,Australia,MacBook,9080438,386305,40%,Q2,23-10-2022,E-Commerce,33,,,,,
781547,Oceania,China,Wearables,4559857,117637,40%,Q1,01-07-2022,Retail Partner,35,,,,,
583131,Europe,Brazil,iPhone,8103349,80294,35%,Q2,21-10-2023,Online,21,,,,,
132560,Oceania,Australia,iPad,6640846,440274,30%,Q1,23-07-2023,E-Commerce,28,,,,,
458566,Europe,Brazil,MacBook,1192142,230447,30%,Q3,16-12-2020,E-Commerce,28,,,,,
119294,Europe,India,Services,8547328,221699,30%,Q3,24-02-2020,Retail Partner,37,,,,,
441264,South America,Brazil,Services,5959851,16752,40%,Q4,26-06-2023,Online,29,,,,,
875837,Asia,France,MacBook,9027615,69618,25%,Q3,02-06-2022,Apple Store,40,,,,,
657411,Europe,UK,iPad,2379663,412450,40%,Q1,17-06-2024,Online,32,,,,,
466031,North America,Japan,Services,5801216,439978,40%,Q4,27-04-2023,Offline,42,,,,,
466470,North America,USA,iPhone,5145067,418946,20%,Q2,04-05-2024,E-Commerce,23,,,,,
917157,South America,Germany,Services,4824366,257030,25%,Q1,09-03-2023,Offline,47,,,,,
439832,South America,Germany,Services,8637740,263763,20%,Q2,12-04-2021,E-Commerce,25,,,,,
468089,North America,Japan,iPad,4935857,153870,30%,Q4,08-11-2024,Offline,39,,,,,
730016,North America,China,Services,4526332,308082,30%,Q1,27-09-2023,Apple Store,31,,,,,
640368,Oceania,Canada,Wearables,6862823,45956,30%,Q4,10-11-2021,Online,20,,,,,
593529,Oceania,Japan,Wearables,7747743,131353,30%,Q4,10-11-2022,Offline,31,,,,,
226457,South America,China,Services,6907896,349753,40%,Q3,03-06-2021,Apple Store,37,,,,,
464424,South America,Brazil,MacBook,7993532,140730,20%,Q2,26-01-2020,Retail Partner,39,,,,,
104306,Europe,UK,Wearables,7604519,314281,30%,Q1,24-11-2024,Apple Store,45,,,,,
273266,North America,China,iPhone,2550872,320950,30%,Q1,19-09-2021,Offline,34,,,,,
838075,Europe,USA,Services,3532252,406345,40%,Q4,24-10-2020,Apple Store,27,,,,,
810508,Oceania,Japan,iPad,5141998,342537,20%,Q3,12-03-2021,Retail Partner,37,,,,,
504856,Oceania,Germany,iPad,6862339,313246,40%,Q3,11-01-2021,Apple Store,39,,,,,
194717,Asia,China,Services,6156173,371214,20%,Q4,08-02-2021,Online,32,,,,,
518126,Africa,Australia,Wearables,802798,125001,40%,Q3,03-12-2021,Apple Store,38,,,,,
213917,North America,UK,iPhone,9645524,79391,20%,Q4,28-03-2023,E-Commerce,25,,,,,
427417,Asia,France,MacBook,8676279,404099,25%,Q2,04-08-2023,Online,26,,,,,
411831,Europe,China,iPhone,7188263,170075,30%,Q4,25-12-2020,Retail Partner,29,,,,,
628549,South America,USA,iPad,4199914,318410,35%,Q3,04-08-2021,Apple Store,45,,,,,
667987,Asia,France,Wearables,8932921,256920,25%,Q3,09-06-2022,Retail Partner,21,,,,,
226506,North America,Germany,iPad,8307677,199016,30%,Q1,28-06-2021,Online,34,,,,,
159989,Asia,Japan,iPhone,579802,296966,25%,Q1,08-09-2021,Online,26,,,,,
757178,North America,Germany,MacBook,2965881,483816,30%,Q3,03-07-2020,Apple Store,20,,,,,
646986,Asia,China,Wearables,6514032,400164,40%,Q2,18-10-2020,E-Commerce,24,,,,,
328362,Europe,France,iPhone,5487408,395009,30%,Q4,11-11-2022,E-Commerce,26,,,,,
236933,Asia,Canada,MacBook,4343241,65746,35%,Q4,19-11-2023,Apple Store,36,,,,,
418137,Europe,France,iPhone,361459,138530,20%,Q3,11-08-2021,Offline,28,,,,,
573844,Asia,USA,iPhone,4246145,48508,30%,Q3,24-02-2020,Offline,19,,,,,
233710,North America,Japan,Services,6037740,117463,40%,Q3,02-11-2020,Offline,41,,,,,
431877,South America,Brazil,MacBook,4930285,117303,20%,Q2,15-04-2024,Retail Partner,22,,,,,
699036,South America,Germany,MacBook,325894,32619,25%,Q2,03-10-2024,Online,24,,,,,
170777,South America,Canada,iPhone,2898815,98990,20%,Q1,04-03-2024,Apple Store,19,,,,,
345913,Oceania,Japan,Wearables,2091792,185939,20%,Q3,03-06-2022,Apple Store,24,,,,,
415521,North America,China,Services,6568118,266276,35%,Q3,17-08-2023,Apple Store,41,,,,,
914661,North America,Australia,Services,1690758,152678,30%,Q1,18-11-2020,Retail Partner,32,,,,,
495799,South America,UK,iPad,9684463,90037,40%,Q3,04-04-2020,Retail Partner,27,,,,,
770137,South America,India,iPhone,294892,256706,20%,Q2,07-05-2020,Apple Store,27,,,,,
113051,Asia,UK,iPhone,6495718,250280,30%,Q3,10-09-2023,Offline,25,,,,,
590285,Oceania,USA,iPhone,6381343,354332,40%,Q1,29-01-2023,Online,26,,,,,
222040,Oceania,Australia,Wearables,4743600,378766,20%,Q2,04-02-2022,Apple Store,43,,,,,
585248,Africa,China,Services,2865385,242345,30%,Q2,26-04-2023,Offline,37,,,,,
429633,Africa,Australia,iPad,6105718,371381,20%,Q3,23-10-2021,Apple Store,37,,,,,
965154,South America,USA,iPad,2744932,250779,25%,Q3,25-10-2023,Retail Partner,40,,,,,
244312,South America,Japan,MacBook,5762284,104620,30%,Q2,16-07-2022,E-Commerce,25,,,,,
687285,North America,UK,Services,5319594,453503,30%,Q3,10-01-2023,Retail Partner,48,,,,,
672120,Europe,Japan,iPhone,7668572,247682,40%,Q2,12-02-2020,E-Commerce,27,,,,,
689883,Oceania,UK,iPhone,4537660,313651,30%,Q3,08-02-2021,Online,21,,,,,
870745,South America,China,MacBook,6108636,38577,25%,Q2,01-12-2020,E-Commerce,33,,,,,
482251,Europe,Australia,iPad,20090,3004,20%,Q1,16-10-2023,Apple Store,40,,,,,
277321,Asia,China,iPhone,4272796,412961,35%,Q4,15-07-2023,Retail Partner,21,,,,,
945268,Africa,Japan,MacBook,9320127,242642,25%,Q4,20-04-2020,Apple Store,30,,,,,
887935,Asia,Japan,Wearables,2602650,282079,40%,Q2,12-12-2023,E-Commerce,31,,,,,
837444,Europe,China,MacBook,9355204,334162,40%,Q1,18-11-2020,E-Commerce,32,,,,,
675213,Africa,France,Wearables,6628915,300321,30%,Q4,29-03-2024,Online,26,,,,,
910457,North America,Australia,Wearables,2727490,377514,25%,Q4,06-10-2022,E-Commerce,24,,,,,
457223,South America,Brazil,MacBook,6464266,416344,20%,Q1,21-11-2024,Online,28,,,,,
482027,North America,France,iPhone,5403492,429571,25%,Q3,27-08-2023,Offline,20,,,,,
502752,Europe,Germany,Wearables,262706,239752,40%,Q2,23-09-2022,Online,18,,,,,
990560,Oceania,Brazil,iPad,4829823,92411,40%,Q4,05-04-2020,E-Commerce,28,,,,,
963341,North America,Australia,Wearables,5044744,349804,20%,Q3,30-03-2023,Offline,41,,,,,
607657,Africa,Japan,iPad,658048,51190,30%,Q3,10-05-2020,E-Commerce,29,,,,,
750397,North America,India,iPhone,7836831,37932,40%,Q2,20-01-2021,Offline,31,,,,,
899853,Europe,USA,iPad,802048,397813,25%,Q4,11-07-2023,Offline,42,,,,,
902357,South America,Brazil,MacBook,3359838,408371,20%,Q3,05-10-2023,Offline,34,,,,,
933469,Europe,Canada,Services,1364144,30947,30%,Q4,18-08-2021,Retail Partner,27,,,,,
950542,South America,China,Services,5012630,461444,35%,Q4,29-08-2023,E-Commerce,30,,,,,
995868,Europe,France,Wearables,3710075,267270,25%,Q2,01-05-2025,Retail Partner,23,,,,,
948196,Europe,France,Wearables,9523383,308857,40%,Q3,19-04-2024,Online,25,,,,,
398302,Africa,Canada,iPad,4865805,80406,30%,Q2,01-02-2020,Offline,32,,,,,
141874,North America,China,Wearables,9929807,8720,40%,Q1,03-07-2021,Offline,35,,,,,
811442,North America,China,iPhone,6222731,84094,40%,Q4,09-11-2022,E-Commerce,18,,,,,
958979,Europe,Brazil,Wearables,7000977,143871,20%,Q3,15-02-2021,Offline,29,,,,,
856831,North America,Canada,Wearables,9586728,373469,20%,Q1,10-11-2020,Apple Store,32,,,,,
342569,North America,China,MacBook,339748,77389,40%,Q3,23-02-2021,Offline,38,,,,,
973807,Asia,Japan,iPhone,3379482,358657,30%,Q2,03-05-2024,Offline,18,,,,,
491965,Africa,Japan,iPhone,4072734,339681,20%,Q3,15-10-2023,Online,23,,,,,
357158,Oceania,UK,Services,6202772,38354,20%,Q4,18-02-2022,Retail Partner,46,,,,,
784779,South America,France,MacBook,5475205,482445,25%,Q3,27-05-2022,Offline,23,,,,,
916944,Oceania,Australia,iPad,5854801,108299,25%,Q4,20-12-2024,Online,27,,,,,
269078,South America,Canada,iPad,3530897,49592,20%,Q1,19-01-2024,Offline,38,,,,,
537136,North America,Australia,iPhone,9012030,268965,40%,Q4,09-06-2021,Online,31,,,,,
361014,North America,Japan,iPad,7308406,94754,35%,Q4,20-07-2020,Online,31,,,,,
346472,Asia,France,Wearables,5703852,242773,35%,Q3,09-12-2024,Offline,24,,,,,
634073,Oceania,India,iPhone,4268842,138253,40%,Q4,28-10-2022,Offline,28,,,,,
308938,Oceania,Brazil,iPhone,7531123,110531,40%,Q3,22-03-2022,Offline,20,,,,,
323440,North America,China,Services,3787644,142758,40%,Q4,28-06-2023,Retail Partner,28,,,,,
897690,North America,Canada,iPad,4472649,416915,35%,Q2,25-04-2024,Offline,43,,,,,
501311,North America,Canada,Wearables,7140088,215077,20%,Q1,22-06-2022,Offline,23,,,,,
435735,North America,Australia,Services,1408128,376213,40%,Q4,27-08-2023,E-Commerce,34,,,,,
370637,Asia,China,Services,5777072,194947,30%,Q1,01-03-2021,E-Commerce,34,,,,,
882430,Europe,USA,MacBook,2640023,344116,30%,Q4,19-04-2021,E-Commerce,19,,,,,
453980,South America,China,MacBook,8586800,354787,30%,Q2,23-11-2021,Retail Partner,27,,,,,
142856,Oceania,USA,MacBook,994681,136513,25%,Q1,11-07-2020,Offline,35,,,,,
720939,Oceania,Australia,Services,9248823,439692,40%,Q2,28-06-2021,Online,26,,,,,
264600,Africa,France,iPhone,9222235,134772,35%,Q2,23-08-2021,E-Commerce,19,,,,,
680019,Africa,Canada,Services,5741227,354581,30%,Q4,27-04-2020,Online,35,,,,,
348087,Africa,Australia,MacBook,8246705,57165,40%,Q4,20-05-2020,Apple Store,47,,,,,
574000,Europe,UK,Wearables,2717291,131709,25%,Q1,05-08-2024,Apple Store,44,,,,,
431393,Europe,China,iPad,556134,103188,35%,Q2,16-01-2022,Online,35,,,,,
461252,Oceania,France,MacBook,8333746,416843,35%,Q3,11-06-2021,Retail Partner,19,,,,,
626896,Oceania,Japan,Wearables,4107884,293936,35%,Q3,28-06-2021,Apple Store,36,,,,,
995019,North America,China,iPhone,2924330,293857,40%,Q2,24-01-2025,Offline,26,,,,,
102972,Africa,India,MacBook,6786779,418935,25%,Q1,31-10-2024,Online,25,,,,,
307168,Africa,Germany,Services,798650,171255,40%,Q2,16-06-2020,E-Commerce,30,,,,,
605777,Asia,India,Services,5723682,76245,30%,Q2,07-05-2021,Retail Partner,30,,,,,
915502,North America,USA,MacBook,9382357,398285,30%,Q4,26-11-2024,Online,26,,,,,
670567,Europe,Japan,iPhone,5247450,333836,30%,Q4,07-05-2020,Retail Partner,32,,,,,
169485,Oceania,Australia,iPhone,6627918,313462,40%,Q1,23-05-2024,Retail Partner,25,,,,,
955149,North America,UK,Services,8028538,478871,20%,Q1,08-04-2022,Online,25,,,,,
569122,Africa,India,MacBook,4119898,32759,20%,Q3,12-10-2021,Apple Store,44,,,,,
590389,Africa,UK,MacBook,9927905,496793,40%,Q1,11-05-2021,E-Commerce,31,,,,,
949070,Oceania,India,MacBook,6334352,191866,20%,Q2,31-08-2024,Apple Store,50,,,,,
956508,Oceania,Australia,Wearables,2752857,414836,40%,Q4,25-01-2020,E-Commerce,25,,,,,
413492,North America,Canada,iPhone,8632215,45048,40%,Q4,27-12-2024,Offline,22,,,,,
589620,North America,Japan,Services,2324150,408622,30%,Q3,20-04-2022,Apple Store,43,,,,,
294166,Africa,India,Services,4064200,225162,30%,Q3,10-07-2021,Retail Partner,46,,,,,
310068,Oceania,Australia,MacBook,4788096,313147,40%,Q2,05-01-2024,Retail Partner,50,,,,,
440042,Africa,France,Wearables,6885983,117073,25%,Q4,10-03-2024,Retail Partner,32,,,,,
567184,Africa,Germany,Services,3669796,77838,20%,Q3,20-02-2020,Retail Partner,41,,,,,
261142,Africa,France,Services,9721447,43856,30%,Q3,03-02-2024,Offline,50,,,,,
104191,Oceania,Brazil,iPhone,9102492,214552,30%,Q2,05-05-2023,Apple Store,21,,,,,
817797,North America,UK,iPad,4995514,428665,20%,Q2,31-05-2022,Apple Store,43,,,,,
706577,North America,Canada,MacBook,4100116,220113,20%,Q2,22-05-2022,Offline,40,,,,,
142723,North America,China,iPhone,8894219,187843,20%,Q4,03-05-2020,Retail Partner,34,,,,,
239504,North America,France,iPhone,5362673,404507,40%,Q2,12-01-2021,Online,31,,,,,
679702,Asia,Japan,iPhone,1024781,418974,35%,Q3,19-10-2024,Retail Partner,26,,,,,
697367,North America,Canada,MacBook,1257126,240029,25%,Q3,19-02-2023,Retail Partner,46,,,,,
104791,Europe,China,Services,2709148,361939,30%,Q3,07-01-2025,Offline,43,,,,,
733770,Asia,UK,Wearables,6195672,183766,35%,Q2,10-02-2024,Offline,33,,,,,
171190,Europe,France,MacBook,2118990,247418,30%,Q3,18-08-2024,Offline,44,,,,,
351659,Africa,UK,MacBook,1791884,17902,35%,Q1,28-11-2020,Apple Store,28,,,,,
715564,Asia,France,iPhone,8265798,7621,20%,Q3,29-03-2021,Retail Partner,26,,,,,
170197,Europe,China,iPhone,9373573,60893,30%,Q1,04-09-2022,E-Commerce,22,,,,,
680086,South America,Canada,Services,826125,344418,35%,Q3,12-08-2021,Apple Store,32,,,,,
961309,North America,Canada,iPhone,3752713,181313,20%,Q3,01-10-2021,E-Commerce,18,,,,,
246838,North America,India,Services,9657610,105028,40%,Q2,22-03-2022,Online,35,,,,,
448796,Africa,USA,iPad,354403,154733,20%,Q1,21-12-2022,Online,32,,,,,
584364,South America,Japan,iPhone,5580045,493128,25%,Q2,12-08-2022,E-Commerce,20,,,,,
537749,Europe,China,MacBook,1905279,430528,25%,Q3,15-09-2023,Retail Partner,45,,,,,
558372,Africa,India,iPhone,7911421,412559,30%,Q2,14-10-2022,Retail Partner,25,,,,,
572646,Oceania,Brazil,Wearables,435316,233634,30%,Q2,28-07-2020,Apple Store,41,,,,,
621961,South America,UK,MacBook,3686999,20481,25%,Q3,29-07-2023,Retail Partner,34,,,,,
353474,Asia,Japan,iPad,189229,185010,20%,Q3,22-09-2022,E-Commerce,33,,,,,
560818,Oceania,France,iPad,2325009,34640,35%,Q4,31-10-2022,Apple Store,27,,,,,
842747,Asia,Canada,iPhone,8707413,332689,20%,Q4,07-11-2024,Apple Store,26,,,,,
898903,North America,Australia,MacBook,7711739,73087,20%,Q2,13-01-2025,Offline,30,,,,,
232136,Asia,France,MacBook,4296524,337544,35%,Q4,03-10-2022,Apple Store,41,,,,,
360597,North America,France,MacBook,5896718,249460,30%,Q4,10-05-2022,Retail Partner,38,,,,,
106433,North America,Brazil,iPhone,6013194,270905,30%,Q3,07-04-2023,E-Commerce,32,,,,,
989537,North America,China,Wearables,4557506,346069,40%,Q2,22-09-2021,E-Commerce,29,,,,,
638602,North America,Japan,MacBook,6242300,288879,20%,Q1,29-03-2022,E-Commerce,27,,,,,
531776,Asia,France,iPad,5372301,243349,20%,Q3,27-06-2022,Offline,37,,,,,
247275,Africa,Brazil,iPhone,5125130,86869,40%,Q2,14-12-2023,E-Commerce,24,,,,,
920784,North America,USA,MacBook,5460756,450301,20%,Q3,05-08-2021,Offline,40,,,,,
904876,North America,Brazil,Wearables,422585,294887,30%,Q4,22-06-2024,Retail Partner,34,,,,,
173129,Oceania,UK,iPad,3675335,107678,35%,Q1,29-10-2022,Retail Partner,25,,,,,
316022,Europe,Japan,iPhone,4640823,146547,20%,Q4,02-09-2024,E-Commerce,23,,,,,
801023,South America,UK,MacBook,9539321,274994,35%,Q3,08-07-2023,Retail Partner,43,,,,,
917409,North America,China,Services,4037017,194493,30%,Q2,11-03-2020,Offline,34,,,,,
510744,North America,India,Services,9904353,374163,35%,Q1,24-11-2020,Retail Partner,36,,,,,
297888,Oceania,France,iPhone,7878997,496466,30%,Q4,17-02-2024,Retail Partner,24,,,,,
255149,Africa,Canada,iPhone,3838866,462874,20%,Q1,07-01-2023,E-Commerce,24,,,,,
496111,Africa,France,MacBook,1591046,184503,40%,Q2,10-10-2021,Online,32,,,,,
250346,Europe,Canada,MacBook,3915613,5227,40%,Q3,19-04-2021,Apple Store,48,,,,,
667036,North America,Australia,Services,3760286,388873,30%,Q2,09-04-2020,Retail Partner,29,,,,,
193815,North America,USA,MacBook,7019384,146690,30%,Q2,13-05-2023,Apple Store,33,,,,,
314303,North America,UK,MacBook,3461733,266744,35%,Q1,14-01-2023,Apple Store,24,,,,,
679012,Africa,Brazil,iPhone,1595515,367659,20%,Q3,05-12-2024,E-Commerce,19,,,,,
386406,Asia,USA,iPhone,759469,412688,40%,Q2,13-08-2022,Retail Partner,20,,,,,
361205,North America,UK,MacBook,7703658,428653,20%,Q1,10-04-2024,Offline,20,,,,,
827347,Asia,Canada,Wearables,1014901,80122,40%,Q1,11-09-2024,E-Commerce,19,,,,,
159501,Oceania,UK,MacBook,5288171,79706,30%,Q1,20-04-2020,Apple Store,22,,,,,
738299,Oceania,UK,iPad,7277863,56914,30%,Q2,06-01-2024,Apple Store,29,,,,,
579805,North America,India,Services,9712019,180545,20%,Q4,24-06-2022,Retail Partner,26,,,,,
650726,North America,Brazil,MacBook,5136772,296650,30%,Q4,09-03-2021,E-Commerce,22,,,,,
161656,South America,Australia,Wearables,2821466,53352,20%,Q2,28-07-2024,Apple Store,35,,,,,
458396,South America,Germany,iPhone,7403823,36670,40%,Q1,19-02-2020,Retail Partner,31,,,,,
461810,Africa,India,Wearables,5599472,11337,40%,Q2,23-04-2022,Online,23,,,,,
343596,South America,India,Services,5387343,91700,30%,Q2,05-08-2024,Online,30,,,,,
272719,North America,France,Services,1311852,57167,25%,Q2,18-12-2024,E-Commerce,31,,,,,
836060,Oceania,Japan,Services,4605912,18794,40%,Q1,09-04-2023,E-Commerce,32,,,,,
122770,Asia,Germany,MacBook,9936894,224458,20%,Q4,15-04-2021,Apple Store,48,,,,,
818362,North America,France,iPhone,4778358,265674,30%,Q3,29-03-2020,Online,24,,,,,
278596,North America,Germany,Wearables,6779886,3350,20%,Q1,25-12-2022,Offline,40,,,,,
183860,Europe,Japan,MacBook,3056157,375671,40%,Q2,18-04-2024,Online,21,,,,,
158996,Oceania,France,iPad,1025010,236697,40%,Q1,27-02-2024,Apple Store,28,,,,,
871828,Asia,UK,iPhone,2966361,247567,30%,Q3,29-04-2024,Apple Store,33,,,,,
933119,Asia,Germany,MacBook,703100,85626,30%,Q2,13-11-2024,Apple Store,34,,,,,
611028,South America,Japan,MacBook,3867135,34955,30%,Q2,30-10-2020,Offline,38,,,,,
149779,Africa,China,MacBook,1436332,16808,35%,Q3,25-05-2023,Online,33,,,,,
771515,Africa,USA,iPhone,8133924,370320,40%,Q4,04-05-2020,E-Commerce,24,,,,,
849923,Africa,Brazil,Services,6451589,255659,25%,Q2,07-09-2023,Online,29,,,,,
722502,Asia,France,iPhone,8725243,181336,20%,Q2,16-11-2024,Offline,31,,,,,
890477,North America,Canada,MacBook,8867803,450281,20%,Q4,31-12-2022,Online,22,,,,,
575256,Africa,Australia,iPhone,8516575,387378,30%,Q2,02-12-2020,E-Commerce,27,,,,,
260862,Africa,Canada,MacBook,9894835,143209,30%,Q1,07-07-2021,Retail Partner,19,,,,,
921264,Europe,Australia,MacBook,5900498,154288,30%,Q2,03-04-2020,Online,29,,,,,
265463,Africa,Germany,Services,1339355,152031,35%,Q1,07-04-2022,E-Commerce,26,,,,,
248985,Oceania,Japan,iPhone,1786427,495396,35%,Q2,18-01-2022,Offline,30,,,,,
496694,North America,India,MacBook,568486,38153,30%,Q4,21-05-2022,Retail Partner,18,,,,,
124659,North America,USA,Wearables,8872318,354030,30%,Q1,24-10-2020,Retail Partner,42,,,,,
614669,Africa,Japan,Wearables,945909,440961,20%,Q3,11-09-2021,E-Commerce,28,,,,,
267961,Europe,Japan,Wearables,4466256,353156,40%,Q1,11-09-2020,E-Commerce,32,,,,,
800389,North America,Germany,MacBook,156972,89396,20%,Q4,31-10-2021,Online,31,,,,,
129416,Europe,Australia,MacBook,4602399,23875,20%,Q1,24-06-2020,Offline,24,,,,,
717246,Asia,Germany,Services,7256803,186865,20%,Q3,01-04-2021,Apple Store,41,,,,,
132069,Oceania,UK,Services,9769774,13722,40%,Q3,17-01-2023,Retail Partner,45,,,,,
629730,North America,Canada,iPad,1230261,293217,30%,Q1,23-08-2024,Offline,26,,,,,
549276,Europe,Japan,Wearables,1631077,183667,35%,Q1,01-02-2022,Retail Partner,39,,,,,
684452,Europe,India,iPad,4753450,103720,30%,Q4,09-07-2024,Retail Partner,45,,,,,
699519,North America,Germany,iPhone,1285485,479195,40%,Q2,05-09-2023,Online,34,,,,,
153379,Europe,UK,MacBook,2185510,224392,35%,Q2,25-12-2020,Online,20,,,,,
905976,North America,France,MacBook,2701837,388599,30%,Q2,28-07-2023,Offline,41,,,,,
927533,North America,China,iPad,7425726,71646,40%,Q2,03-06-2022,Retail Partner,39,,,,,
290902,North America,Brazil,Services,3363237,32689,25%,Q4,05-10-2022,E-Commerce,35,,,,,
698208,Africa,USA,Services,8057199,20373,30%,Q2,30-07-2021,Offline,47,,,,,
381226,Africa,China,iPad,1309459,428776,25%,Q2,29-09-2023,Online,33,,,,,
569448,North America,France,iPhone,6751421,449950,30%,Q1,06-01-2024,Apple Store,24,,,,,
767856,Africa,UK,Services,1065650,175418,20%,Q2,28-11-2022,Apple Store,48,,,,,
222627,Asia,France,MacBook,7798463,351652,20%,Q2,16-03-2024,Retail Partner,43,,,,,
853580,North America,India,iPad,6853521,448047,20%,Q2,14-03-2020,E-Commerce,32,,,,,
556033,Africa,China,iPad,8449189,254631,20%,Q2,22-09-2023,Offline,39,,,,,
516460,Oceania,Brazil,MacBook,947779,155820,35%,Q2,06-04-2023,Retail Partner,19,,,,,
779302,Asia,Germany,MacBook,8258520,79339,20%,Q4,03-11-2024,Offline,42,,,,,
421032,North America,India,iPhone,7991749,230333,40%,Q2,10-10-2022,Retail Partner,29,,,,,
855215,North America,Brazil,iPhone,8105015,247885,20%,Q2,15-11-2020,Online,32,,,,,
418813,North America,Germany,MacBook,675531,479347,35%,Q3,22-11-2024,Offline,28,,,,,
114794,North America,China,Wearables,1458384,439783,20%,Q1,27-01-2022,E-Commerce,19,,,,,
398801,South America,USA,iPad,2924866,299285,35%,Q1,22-05-2022,Online,26,,,,,
971681,Africa,UK,iPhone,5109587,436644,40%,Q4,28-09-2024,Offline,22,,,,,
760856,North America,Germany,Services,6504281,1314,30%,Q1,06-05-2023,E-Commerce,29,,,,,
972780,North America,Australia,iPhone,3529628,126044,20%,Q1,03-08-2021,Apple Store,27,,,,,
138566,North America,USA,MacBook,4785054,39572,35%,Q4,05-11-2023,Retail Partner,19,,,,,
659440,Europe,Australia,MacBook,3477641,66220,30%,Q3,12-07-2023,Online,34,,,,,
702419,Asia,China,iPhone,2492928,279142,30%,Q1,23-04-2023,Retail Partner,30,,,,,
537206,Asia,Australia,Wearables,3044157,260392,20%,Q3,28-11-2022,Apple Store,19,,,,,
622188,North America,Australia,iPad,8387007,374958,40%,Q3,22-11-2023,Online,34,,,,,
814264,Oceania,Japan,iPhone,6433525,342860,35%,Q2,22-11-2020,Online,25,,,,,
406849,Asia,Brazil,MacBook,3040016,35321,20%,Q1,22-01-2022,Retail Partner,33,,,,,
481701,South America,Canada,iPhone,9003728,282834,25%,Q3,23-02-2023,Retail Partner,33,,,,,
360896,North America,Brazil,Wearables,8726758,126911,30%,Q4,03-08-2021,Retail Partner,25,,,,,
799136,South America,France,Wearables,1411686,446724,20%,Q4,28-09-2023,Retail Partner,22,,,,,
122550,South America,Australia,iPad,1766210,401661,20%,Q1,24-08-2021,Online,29,,,,,
980508,North America,China,iPad,4133184,481608,30%,Q2,18-09-2020,Online,25,,,,,
104116,North America,Australia,Wearables,2186792,12974,30%,Q2,21-09-2022,Online,27,,,,,
892638,North America,Germany,iPhone,5236215,135575,40%,Q4,10-12-2021,Offline,20,,,,,
906721,North America,Japan,Wearables,1648948,157879,40%,Q1,06-09-2020,E-Commerce,18,,,,,
951718,South America,Germany,MacBook,3485157,233509,40%,Q4,24-05-2020,Apple Store,47,,,,,
869918,Europe,Brazil,Wearables,445921,288702,40%,Q3,01-01-2023,Retail Partner,45,,,,,
262016,Europe,Japan,iPad,3180255,53665,30%,Q2,24-05-2022,E-Commerce,31,,,,,
204864,Africa,USA,Services,2558422,360403,30%,Q3,30-08-2024,Retail Partner,40,,,,,
704968,South America,France,Services,8225431,132998,20%,Q1,13-04-2022,Retail Partner,37,,,,,
365500,Africa,Japan,iPad,9676662,304936,40%,Q1,14-01-2022,Retail Partner,28,,,,,
337193,South America,Japan,Wearables,5621741,140928,20%,Q4,05-04-2021,Apple Store,18,,,,,
825945,Oceania,USA,iPhone,9736137,266144,30%,Q2,15-05-2022,E-Commerce,34,,,,,
384208,Asia,France,Wearables,2751451,238160,30%,Q4,27-04-2024,Apple Store,30,,,,,
806535,Asia,Germany,Wearables,5517021,160459,20%,Q3,21-02-2024,Online,30,,,,,
545365,Africa,USA,iPad,2733700,430672,30%,Q2,13-02-2023,Online,26,,,,,
529948,Africa,Canada,Services,8585206,299201,25%,Q1,17-09-2023,Online,33,,,,,
126594,Asia,Japan,MacBook,7030404,406626,40%,Q1,30-01-2024,Retail Partner,26,,,,,
102510,Africa,Canada,MacBook,2511822,132880,20%,Q2,09-11-2022,Offline,33,,,,,
248135,Europe,Canada,Wearables,2290935,416306,35%,Q1,15-04-2024,Online,33,,,,,
504882,North America,China,Wearables,3410248,255069,25%,Q4,19-11-2024,Offline,24,,,,,
790617,North America,Japan,iPhone,5863792,306258,40%,Q3,23-06-2020,E-Commerce,28,,,,,
688095,Oceania,France,Wearables,9170359,458521,30%,Q2,08-04-2021,Apple Store,42,,,,,
117493,Africa,France,MacBook,9412338,376334,30%,Q4,13-09-2023,E-Commerce,32,,,,,
583973,South America,India,iPhone,7499997,234502,30%,Q3,04-02-2023,Apple Store,20,,,,,
938117,Europe,Japan,iPhone,2636997,208874,25%,Q2,05-06-2022,Apple Store,21,,,,,
322658,Oceania,India,Wearables,3084344,194868,30%,Q1,23-02-2024,Offline,25,,,,,
327702,Africa,Canada,iPhone,6467693,370468,30%,Q2,16-12-2022,Online,24,,,,,
851081,North America,Canada,iPad,778952,87653,20%,Q1,13-10-2021,E-Commerce,31,,,,,
324986,Europe,Japan,iPad,7951658,65650,20%,Q4,29-08-2020,Online,25,,,,,
731926,Asia,Germany,MacBook,3647827,389598,35%,Q4,30-10-2020,Offline,25,,,,,
939615,North America,UK,MacBook,1791542,219467,25%,Q2,03-07-2022,Online,23,,,,,
451613,South America,Japan,Services,2149159,34587,25%,Q2,04-01-2021,Apple Store,45,,,,,
981026,South America,UK,iPhone,8651303,207598,40%,Q2,25-08-2022,Apple Store,30,,,,,
313681,Europe,USA,iPad,3536569,387164,30%,Q3,14-04-2021,Retail Partner,28,,,,,
437620,Europe,Germany,iPad,2526592,396062,20%,Q2,21-10-2024,Retail Partner,28,,,,,
830581,South America,Brazil,Services,8874302,7943,30%,Q2,21-03-2022,E-Commerce,32,,,,,
753579,Oceania,Germany,Services,9596497,283205,35%,Q1,07-08-2022,Retail Partner,36,,,,,
353704,Asia,Germany,Services,5251578,314450,40%,Q3,10-07-2020,E-Commerce,27,,,,,
679656,Africa,USA,iPad,8736000,143909,40%,Q4,21-04-2022,Retail Partner,25,,,,,
198053,Oceania,Germany,iPhone,1059664,328013,40%,Q2,01-09-2022,Retail Partner,22,,,,,
653160,Europe,Canada,iPhone,4473066,96431,40%,Q1,20-02-2023,Offline,30,,,,,
712704,Oceania,Germany,Services,3248496,265299,40%,Q2,10-07-2020,Offline,34,,,,,
143773,Africa,Japan,Wearables,8718208,12795,40%,Q2,23-08-2022,Online,33,,,,,
405699,Africa,France,MacBook,2882669,334552,40%,Q3,20-03-2024,E-Commerce,26,,,,,
484579,South America,UK,Wearables,4239179,210635,25%,Q2,27-04-2023,Retail Partner,40,,,,,
856985,North America,China,Services,4291251,22009,35%,Q4,22-05-2024,Offline,26,,,,,
859245,North America,France,Wearables,6851896,66409,25%,Q4,27-10-2024,E-Commerce,35,,,,,
555502,Asia,Canada,iPhone,4911752,232929,40%,Q1,26-12-2024,Apple Store,19,,,,,
187549,Oceania,UK,Services,125798,44612,40%,Q4,27-11-2020,Offline,25,,,,,
263182,Europe,UK,iPhone,2313224,475306,20%,Q1,16-12-2024,Online,22,,,,,
924561,North America,USA,iPhone,9321887,177625,30%,Q2,19-07-2023,Retail Partner,20,,,,,
623914,South America,China,iPad,4599584,245006,30%,Q3,28-09-2020,Apple Store,42,,,,,
742106,Asia,UK,MacBook,170449,325357,40%,Q4,03-04-2022,Offline,30,,,,,
208965,Africa,Japan,iPhone,1546069,186774,25%,Q4,15-08-2020,Apple Store,32,,,,,
726964,North America,India,Wearables,983559,367446,25%,Q1,31-03-2020,Retail Partner,39,,,,,
473944,Oceania,Germany,Wearables,5374572,202546,25%,Q3,30-12-2023,E-Commerce,35,,,,,
404383,Oceania,India,Wearables,1994823,478069,35%,Q1,14-02-2021,Online,28,,,,,
387390,South America,India,Services,441121,450207,25%,Q3,08-11-2021,Retail Partner,32,,,,,
734849,North America,India,Wearables,3867619,440503,35%,Q2,01-11-2024,Online,22,,,,,
244545,Europe,China,Wearables,7661289,111110,20%,Q2,17-11-2022,Online,28,,,,,
225537,Europe,Japan,Wearables,412221,76095,35%,Q4,01-12-2021,Online,26,,,,,
378764,North America,France,iPad,77304,49935,20%,Q1,13-04-2020,Online,30,,,,,
371745,South America,UK,Wearables,8773235,359457,20%,Q2,15-07-2023,Retail Partner,29,,,,,
745142,Africa,India,iPad,2164518,423869,35%,Q4,04-01-2021,Retail Partner,40,,,,,
922273,Europe,India,Services,725753,356474,20%,Q4,29-06-2020,Online,32,,,,,
149330,Africa,Canada,iPad,6026215,351259,30%,Q4,22-02-2024,Offline,37,,,,,
851399,North America,Germany,MacBook,4983202,389405,40%,Q3,10-12-2022,Offline,27,,,,,
910661,Europe,Canada,Wearables,8251026,441432,20%,Q3,01-03-2023,Retail Partner,24,,,,,
739003,North America,India,Wearables,2075897,158786,40%,Q4,15-07-2024,E-Commerce,23,,,,,
553511,Europe,France,iPad,617216,121147,40%,Q4,13-08-2023,Apple Store,33,,,,,
295798,Oceania,Brazil,MacBook,5869953,127016,30%,Q4,29-04-2022,Offline,30,,,,,
273478,Asia,Japan,iPad,9406248,492229,40%,Q3,13-07-2024,Retail Partner,44,,,,,
579890,Oceania,USA,Services,6562938,499289,40%,Q2,03-01-2021,Apple Store,42,,,,,
232349,Africa,Canada,Services,3942846,149441,20%,Q1,28-10-2020,Online,33,,,,,
682336,Oceania,USA,iPad,8407117,139382,35%,Q4,09-02-2021,Retail Partner,28,,,,,
687609,Africa,Canada,MacBook,8765177,310345,35%,Q1,13-02-2020,E-Commerce,20,,,,,
884391,Oceania,Germany,iPad,3064325,229340,40%,Q3,03-11-2020,Retail Partner,37,,,,,
568616,Europe,UK,MacBook,2981953,294834,30%,Q4,11-11-2020,Online,29,,,,,
373502,North America,China,iPad,3481266,396738,25%,Q3,02-05-2022,Apple Store,26,,,,,
672116,Africa,India,iPhone,4531888,34570,30%,Q2,23-10-2020,Apple Store,31,,,,,
324453,Europe,UK,iPad,5954784,476690,20%,Q3,11-05-2024,Apple Store,32,,,,,
591735,South America,Germany,Services,22454,218464,35%,Q1,03-01-2023,Offline,37,,,,,
410293,South America,India,Wearables,9136628,483022,40%,Q3,07-03-2023,Online,34,,,,,
254098,Asia,India,MacBook,500473,359295,40%,Q1,03-06-2023,Retail Partner,26,,,,,
242370,North America,Germany,Wearables,1022841,167295,30%,Q1,16-07-2021,Offline,37,,,,,
731118,North America,Brazil,Services,1240347,456637,40%,Q1,28-10-2024,Online,29,,,,,
300384,South America,China,MacBook,3171184,254637,40%,Q3,19-07-2024,Offline,48,,,,,
311837,Oceania,USA,Wearables,4769805,386022,30%,Q4,27-11-2024,E-Commerce,32,,,,,
828524,Oceania,China,Wearables,185159,474532,20%,Q3,24-08-2024,Offline,19,,,,,
717258,South America,USA,iPhone,4746122,251101,30%,Q2,06-01-2022,Retail Partner,32,,,,,
375837,North America,Japan,Wearables,5360555,211926,30%,Q3,26-08-2021,Online,34,,,,,
581003,Oceania,France,Wearables,3981956,47072,20%,Q4,18-03-2022,E-Commerce,34,,,,,
459362,Oceania,UK,MacBook,3575431,332644,30%,Q2,17-08-2020,Retail Partner,34,,,,,
418006,Oceania,Germany,Services,7753424,17843,20%,Q4,08-08-2023,Apple Store,27,,,,,
575634,Oceania,India,MacBook,8069195,169988,25%,Q4,26-01-2021,Online,30,,,,,
705607,Europe,China,iPad,5160333,124124,40%,Q3,01-04-2025,E-Commerce,35,,,,,
690531,Asia,Brazil,Wearables,3346603,134405,20%,Q2,02-06-2022,Online,21,,,,,
573647,Africa,Australia,iPad,3589707,197087,30%,Q1,26-04-2022,Online,25,,,,,
622463,Oceania,China,Services,4978992,430571,25%,Q2,01-05-2023,Retail Partner,36,,,,,
874834,Oceania,China,Wearables,7372060,142189,20%,Q3,14-12-2023,E-Commerce,28,,,,,
324641,North America,Australia,iPhone,5350984,56111,40%,Q4,18-03-2021,Offline,30,,,,,
648373,South America,India,Wearables,2442564,349640,30%,Q3,03-05-2020,Apple Store,44,,,,,
979963,North America,Brazil,iPad,6759990,142961,20%,Q4,15-05-2020,Apple Store,36,,,,,
960921,Oceania,Australia,Services,5212837,111039,20%,Q1,22-07-2023,Online,27,,,,,
620734,Europe,USA,iPhone,7629433,171735,40%,Q2,06-09-2024,Apple Store,26,,,,,
799201,North America,China,MacBook,3685774,127736,40%,Q2,19-06-2020,Offline,46,,,,,
449327,South America,USA,iPhone,4874495,216811,40%,Q3,01-03-2023,Online,27,,,,,
857818,South America,USA,iPhone,7511569,434088,20%,Q1,11-12-2021,Retail Partner,33,,,,,
655499,Oceania,USA,iPhone,370839,15080,20%,Q3,14-07-2023,Apple Store,26,,,,,
872453,Oceania,USA,Wearables,3972545,182652,30%,Q3,23-07-2024,E-Commerce,30,,,,,
605139,Oceania,France,Wearables,526453,309016,30%,Q1,03-08-2024,E-Commerce,32,,,,,
328713,Oceania,Japan,iPhone,1421348,26046,20%,Q3,10-04-2023,Retail Partner,33,,,,,
359109,Oceania,USA,Services,9807643,139642,30%,Q1,04-01-2022,Online,33,,,,,
356186,Europe,Canada,Wearables,4534288,38865,25%,Q4,25-11-2022,E-Commerce,18,,,,,
609255,South America,China,Wearables,848543,267632,25%,Q2,25-07-2020,Offline,40,,,,,
782945,South America,Germany,iPhone,3239531,296302,30%,Q4,22-06-2022,E-Commerce,28,,,,,
825608,Africa,France,iPad,5556444,4179,35%,Q4,11-11-2024,Retail Partner,27,,,,,
433001,North America,Japan,iPad,6319928,381144,30%,Q3,17-03-2022,Offline,27,,,,,
977752,Africa,Australia,iPad,5638170,478844,40%,Q4,07-09-2023,Apple Store,27,,,,,
494796,Europe,Australia,Wearables,3983115,42712,40%,Q1,14-04-2021,Apple Store,44,,,,,
308078,South America,Germany,iPhone,2322742,342322,35%,Q2,17-07-2021,Apple Store,22,,,,,
373861,North America,Germany,Wearables,9191370,471250,40%,Q1,07-06-2023,Retail Partner,18,,,,,
407984,North America,UK,iPad,4225239,431415,20%,Q2,17-03-2022,E-Commerce,31,,,,,
225311,Asia,Germany,MacBook,8384125,480480,30%,Q1,20-10-2021,E-Commerce,30,,,,,
329561,Oceania,USA,iPhone,7535725,234682,30%,Q3,24-11-2021,Offline,31,,,,,
467441,Asia,India,iPad,8947398,429666,25%,Q2,02-09-2022,Online,27,,,,,
986368,Africa,Australia,MacBook,9829815,313708,30%,Q4,26-10-2024,Retail Partner,44,,,,,
378620,Oceania,Japan,MacBook,3012251,441733,30%,Q4,14-04-2024,Retail Partner,46,,,,,
721611,North America,Germany,Wearables,2203200,461718,25%,Q4,06-04-2020,Apple Store,26,,,,,
715571,North America,France,iPad,4598612,99655,40%,Q4,29-11-2022,Online,29,,,,,
829374,Asia,USA,Wearables,3810393,366160,30%,Q2,02-05-2022,Offline,18,,,,,
841159,South America,Japan,MacBook,2123532,394264,35%,Q1,24-02-2024,Offline,36,,,,,
133177,Asia,Brazil,iPhone,537082,151928,30%,Q3,30-12-2023,Apple Store,32,,,,,
475103,Africa,France,iPhone,8205914,124708,25%,Q4,28-08-2023,Offline,27,,,,,
440277,Africa,Canada,Services,8532957,86348,30%,Q3,25-04-2024,Offline,32,,,,,
291847,Africa,UK,Wearables,7649642,480029,20%,Q3,25-09-2020,Offline,18,,,,,
999796,South America,China,iPad,7650166,76409,25%,Q3,15-01-2023,Online,28,,,,,
944466,Europe,Canada,Wearables,2859987,195360,20%,Q1,08-06-2022,E-Commerce,28,,,,,
575489,South America,Germany,iPhone,2319504,201063,30%,Q1,01-10-2020,Retail Partner,27,,,,,
363167,Asia,Germany,Wearables,3340475,299671,20%,Q3,22-06-2020,Online,30,,,,,
860724,North America,Germany,MacBook,7366801,94245,25%,Q2,06-11-2022,Online,35,,,,,
344900,Oceania,Japan,iPad,8897817,252778,40%,Q1,19-06-2023,Online,33,,,,,
290382,South America,Brazil,iPad,5020295,498257,25%,Q4,10-05-2023,Apple Store,26,,,,,
580173,North America,India,Services,7540974,355778,40%,Q2,17-02-2021,Retail Partner,38,,,,,
870634,Europe,Brazil,MacBook,7887543,255819,30%,Q1,08-03-2021,E-Commerce,26,,,,,
182925,Europe,Japan,iPhone,4202825,499842,40%,Q1,31-03-2022,Apple Store,23,,,,,
317113,Africa,Japan,Wearables,766728,204630,40%,Q2,24-05-2022,Online,29,,,,,
566073,Oceania,Brazil,Wearables,8046273,348330,40%,Q3,10-12-2024,Online,30,,,,,
472611,South America,USA,iPad,4396030,281053,20%,Q2,24-06-2020,E-Commerce,25,,,,,
266074,Asia,France,iPad,8497934,492902,35%,Q3,01-04-2022,Online,28,,,,,
843449,South America,USA,iPad,6538890,448816,35%,Q4,22-09-2024,Apple Store,35,,,,,
690139,North America,USA,Services,4587752,265875,35%,Q4,26-05-2020,Retail Partner,39,,,,,
578961,Europe,Japan,Services,9726882,442977,20%,Q2,24-11-2024,Apple Store,33,,,,,
731128,Asia,UK,Wearables,3363288,158436,25%,Q2,15-04-2022,Apple Store,40,,,,,
463394,South America,UK,iPad,4172920,318055,20%,Q3,02-10-2022,Online,35,,,,,
606185,Africa,India,iPhone,6307771,108158,20%,Q2,16-11-2021,Retail Partner,23,,,,,
437486,North America,Canada,Wearables,2849514,73734,40%,Q2,22-07-2022,E-Commerce,33,,,,,
435310,Oceania,UK,Wearables,5177229,499037,30%,Q2,16-09-2022,Online,33,,,,,
952779,Oceania,Canada,iPad,2775935,485455,40%,Q1,18-01-2024,Apple Store,25,,,,,
238053,North America,Japan,Wearables,5474958,50108,20%,Q3,04-10-2023,Online,23,,,,,
158000,Asia,Japan,iPad,2506195,254110,40%,Q3,09-01-2021,Retail Partner,35,,,,,
725799,Oceania,USA,Services,7241393,336585,20%,Q1,29-08-2024,Offline,43,,,,,
820829,North America,USA,iPhone,1958672,406561,20%,Q2,07-01-2025,Retail Partner,23,,,,,
375497,South America,Japan,iPhone,224030,176205,30%,Q1,01-03-2022,E-Commerce,29,,,,,
980894,Asia,USA,MacBook,1381158,163572,20%,Q1,21-09-2021,E-Commerce,27,,,,,
143736,Oceania,Australia,iPad,8734808,467206,35%,Q1,04-07-2022,Retail Partner,43,,,,,
865327,North America,Japan,iPhone,7365422,191678,30%,Q2,23-01-2022,Offline,21,,,,,
389421,Asia,China,Wearables,4872197,197935,40%,Q4,26-02-2022,Offline,41,,,,,
187668,Europe,India,MacBook,5998764,456025,30%,Q2,24-12-2022,E-Commerce,24,,,,,
195788,Oceania,Brazil,iPad,3523378,206124,20%,Q2,05-12-2023,Offline,42,,,,,
625301,South America,China,iPad,7927954,481267,40%,Q3,08-05-2020,E-Commerce,30,,,,,
467194,Africa,Australia,Wearables,6182896,19382,40%,Q1,26-01-2024,Offline,28,,,,,
494604,Asia,India,MacBook,2656104,297625,25%,Q1,19-09-2023,Online,29,,,,,
465839,Oceania,UK,MacBook,9806529,11161,30%,Q1,25-05-2022,Apple Store,32,,,,,
637632,South America,India,iPad,1563864,216224,30%,Q1,12-07-2020,Online,25,,,,,
208687,North America,China,Services,4638656,355319,30%,Q3,19-03-2020,Apple Store,28,,,,,
586017,Asia,Canada,iPhone,9355875,234157,40%,Q2,16-10-2020,Apple Store,24,,,,,
797627,South America,India,Wearables,7254557,152425,35%,Q2,01-06-2022,Online,34,,,,,
951309,Africa,Australia,Wearables,5012548,344278,20%,Q1,27-06-2021,Online,33,,,,,
208208,Europe,Japan,iPad,8805650,383960,30%,Q2,02-10-2021,Online,29,,,,,
462768,Oceania,Japan,Wearables,2915933,14348,30%,Q4,19-02-2022,Retail Partner,40,,,,,
243383,South America,China,Services,1000253,205267,30%,Q2,12-11-2020,E-Commerce,28,,,,,
381405,Europe,UK,Services,6229336,345560,30%,Q4,10-03-2021,Offline,35,,,,,
851224,Africa,India,iPhone,4761821,275496,20%,Q1,07-09-2023,Online,34,,,,,
241325,Oceania,UK,iPhone,7966770,456018,20%,Q2,21-10-2021,E-Commerce,29,,,,,
228710,Oceania,France,MacBook,7311515,141132,35%,Q4,05-05-2023,Retail Partner,41,,,,,
708780,North America,UK,Wearables,2016283,419762,30%,Q3,26-05-2023,Apple Store,30,,,,,
892744,South America,India,Services,5770160,239030,20%,Q4,29-03-2021,Online,25,,,,,
953588,Asia,France,MacBook,3172044,136348,35%,Q3,03-01-2025,E-Commerce,22,,,,,
392780,Asia,China,Wearables,2064513,377708,20%,Q4,23-09-2024,Apple Store,37,,,,,
590480,Oceania,France,Services,6994460,467350,40%,Q1,30-10-2022,E-Commerce,30,,,,,
890666,South America,Australia,Wearables,5651285,105264,20%,Q1,20-09-2020,Apple Store,37,,,,,
911263,Africa,Germany,iPad,184465,376802,25%,Q2,08-08-2024,E-Commerce,30,,,,,
860824,South America,China,iPhone,6967342,493980,20%,Q2,30-07-2023,Online,25,,,,,
681998,Oceania,China,MacBook,2916748,301834,30%,Q2,24-06-2023,Online,19,,,,,
753769,Europe,India,Wearables,3296805,234045,35%,Q3,16-11-2020,Apple Store,18,,,,,
301458,Oceania,Japan,Wearables,7519837,159889,40%,Q2,16-03-2024,E-Commerce,31,,,,,
991437,Oceania,Germany,Services,1721109,199900,40%,Q3,21-05-2022,E-Commerce,32,,,,,
553872,North America,Brazil,iPad,1469254,421096,20%,Q2,27-08-2023,E-Commerce,31,,,,,
305600,Oceania,Australia,iPhone,8370127,275470,35%,Q1,04-10-2021,Retail Partner,22,,,,,
840251,South America,Australia,MacBook,583864,173793,20%,Q4,14-09-2023,Apple Store,20,,,,,
932290,Africa,Canada,Wearables,7455294,1958,30%,Q4,13-06-2022,Offline,44,,,,,
330001,Africa,Canada,Services,5161772,346812,30%,Q3,27-12-2023,Online,35,,,,,
253876,Africa,Brazil,iPad,7212208,450499,25%,Q2,07-07-2020,Online,32,,,,,
319192,Oceania,Canada,MacBook,6449576,385649,40%,Q3,20-03-2021,E-Commerce,22,,,,,
637444,North America,Australia,iPad,9465812,73910,20%,Q4,10-01-2025,Retail Partner,41,,,,,
539012,Africa,France,iPad,2306960,319134,40%,Q3,05-09-2020,Offline,31,,,,,
156725,North America,France,Services,1621066,140015,40%,Q1,07-03-2024,Retail Partner,32,,,,,
455680,North America,UK,Wearables,8165639,117945,20%,Q1,21-02-2022,Retail Partner,34,,,,,
403312,Oceania,France,iPhone,3316252,196333,30%,Q1,15-11-2021,Online,29,,,,,
771210,North America,Canada,MacBook,7843935,334803,25%,Q4,26-09-2022,Online,28,,,,,
138318,Europe,France,iPad,9389621,199677,25%,Q3,19-10-2020,Apple Store,35,,,,,
244480,Oceania,Canada,MacBook,9126584,183895,25%,Q3,18-04-2023,E-Commerce,27,,,,,
563846,Asia,Germany,Services,805394,177349,40%,Q4,27-08-2024,Retail Partner,43,,,,,
635735,North America,France,iPhone,2410075,73090,25%,Q1,14-03-2024,Offline,32,,,,,
925326,Europe,Japan,MacBook,7226745,490056,20%,Q3,27-07-2024,Apple Store,38,,,,,
573386,Oceania,India,iPhone,193875,499713,30%,Q4,22-04-2020,Online,23,,,,,
745117,Asia,Canada,Wearables,4326625,70137,35%,Q2,09-08-2022,Apple Store,40,,,,,
230082,South America,USA,iPhone,2483204,96977,40%,Q2,16-11-2022,Retail Partner,25,,,,,
430634,Europe,USA,Services,3436019,368265,25%,Q1,30-08-2021,Apple Store,46,,,,,
506729,Africa,UK,MacBook,6356552,485632,20%,Q3,03-06-2022,Online,25,,,,,
695046,Oceania,Australia,iPad,8382894,217049,30%,Q1,15-09-2021,Retail Partner,43,,,,,
493607,Europe,India,iPad,5122604,341071,40%,Q2,16-02-2024,Apple Store,38,,,,,
411922,North America,USA,Wearables,1389140,382650,25%,Q4,05-12-2024,Apple Store,36,,,,,
381028,Asia,Germany,Services,5571103,172079,30%,Q3,07-06-2022,Apple Store,48,,,,,
762934,Oceania,Brazil,Wearables,785670,449337,35%,Q1,16-05-2024,Online,25,,,,,
332032,Oceania,Canada,iPhone,4296688,436192,40%,Q2,14-07-2023,E-Commerce,20,,,,,
910862,Asia,Germany,Services,8765279,272767,30%,Q3,01-08-2024,Apple Store,50,,,,,
616565,Europe,Japan,Services,1058166,379562,30%,Q3,08-03-2021,Online,30,,,,,
853516,Asia,Canada,iPad,181951,466024,35%,Q1,18-09-2023,Retail Partner,31,,,,,
192746,Asia,China,iPhone,4106110,235612,40%,Q3,12-12-2023,Retail Partner,30,,,,,
445307,North America,Japan,iPad,3545506,20518,40%,Q4,15-07-2020,E-Commerce,35,,,,,
961366,Europe,UK,Services,6434345,56262,40%,Q2,28-11-2021,Retail Partner,34,,,,,
809204,Europe,Japan,iPad,3293737,157767,40%,Q4,01-01-2025,E-Commerce,31,,,,,
870251,Africa,Australia,iPad,1764466,167361,20%,Q2,22-11-2022,Offline,39,,,,,
261993,North America,India,MacBook,5098594,97198,20%,Q1,27-05-2024,Offline,26,,,,,
691703,North America,France,iPhone,369948,126393,30%,Q4,04-08-2023,Offline,25,,,,,
864458,Oceania,India,Services,2493043,212586,20%,Q1,29-12-2020,Offline,38,,,,,
593456,North America,USA,iPhone,4401927,80034,35%,Q4,28-01-2024,Retail Partner,26,,,,,
830927,Oceania,Germany,iPad,33971,132436,30%,Q4,02-02-2022,Apple Store,33,,,,,
430924,South America,Brazil,Wearables,3432347,197961,35%,Q1,31-05-2020,E-Commerce,28,,,,,
364513,North America,UK,Services,1223776,43047,30%,Q2,27-09-2021,Apple Store,32,,,,,
313723,Asia,Japan,Services,6154077,352667,30%,Q4,04-11-2024,Online,34,,,,,
209121,North America,France,MacBook,4715242,323730,20%,Q4,06-01-2022,Retail Partner,48,,,,,
285212,Africa,India,iPhone,2056069,32437,25%,Q2,25-09-2022,Apple Store,29,,,,,
343721,North America,Japan,iPhone,7505013,63959,40%,Q2,25-10-2020,Online,28,,,,,
105897,Africa,Germany,Services,4002002,163525,30%,Q3,31-07-2023,Offline,41,,,,,
600345,Europe,Australia,MacBook,1691110,243297,35%,Q4,06-11-2024,E-Commerce,26,,,,,
260784,Asia,USA,Services,772077,41741,30%,Q2,25-05-2022,Apple Store,34,,,,,
103211,Europe,India,iPad,2334717,284741,30%,Q4,29-07-2020,Apple Store,36,,,,,
851382,Africa,USA,MacBook,1195434,252711,20%,Q2,04-01-2024,Apple Store,19,,,,,
949084,Europe,India,Wearables,256374,298112,35%,Q2,09-02-2021,Retail Partner,19,,,,,
375917,Oceania,UK,Wearables,2119378,257864,30%,Q3,26-02-2020,Retail Partner,18,,,,,
789532,Oceania,France,MacBook,4487718,219887,40%,Q2,29-06-2024,Offline,39,,,,,
291371,North America,Germany,Wearables,1492383,22732,35%,Q3,29-03-2020,Apple Store,25,,,,,
857309,Europe,UK,MacBook,7153493,495916,20%,Q2,13-03-2020,Online,25,,,,,
173273,Oceania,UK,iPad,6215232,47093,35%,Q2,08-12-2023,Online,30,,,,,
895929,Asia,China,iPad,5183284,286573,40%,Q4,01-08-2024,Apple Store,31,,,,,
360297,North America,Brazil,Wearables,7583851,419338,40%,Q4,25-06-2024,Online,31,,,,,
999979,Africa,Japan,iPhone,366289,91108,30%,Q3,03-11-2020,Retail Partner,30,,,,,
723711,Asia,Canada,iPad,5040013,344748,20%,Q1,02-05-2022,Apple Store,25,,,,,
717198,Europe,Germany,MacBook,2987035,499435,30%,Q1,11-08-2020,E-Commerce,34,,,,,
461382,Europe,UK,iPhone,1077924,313956,25%,Q2,05-10-2022,Apple Store,25,,,,,
973220,Asia,Canada,MacBook,640897,452439,20%,Q3,13-05-2021,Offline,20,,,,,
812808,Oceania,Japan,MacBook,3359824,314508,20%,Q1,16-09-2022,Retail Partner,25,,,,,
812832,North America,Canada,Services,5214942,266488,35%,Q4,25-12-2024,E-Commerce,29,,,,,
999012,Africa,Brazil,MacBook,1754601,441085,40%,Q1,17-02-2023,Apple Store,45,,,,,
642275,North America,Australia,iPad,4986763,132179,30%,Q2,24-04-2022,Offline,32,,,,,
931017,Africa,Japan,iPhone,3659950,120228,25%,Q2,22-11-2022,Offline,25,,,,,
503613,Asia,Canada,MacBook,8504972,351567,35%,Q2,31-08-2022,Online,26,,,,,
780092,North America,USA,iPhone,1815019,382814,20%,Q2,24-03-2024,Offline,31,,,,,
756964,South America,USA,Services,7581282,31522,35%,Q4,26-11-2020,Offline,39,,,,,
504253,North America,China,MacBook,8161772,466451,20%,Q2,06-06-2024,Online,27,,,,,
259321,North America,USA,iPhone,2768503,152562,20%,Q1,02-02-2023,Offline,19,,,,,
339713,Asia,Germany,iPad,6069212,336497,30%,Q2,13-05-2023,Offline,32,,,,,
215446,South America,France,Wearables,8997890,362554,20%,Q1,09-06-2023,E-Commerce,33,,,,,
393951,North America,Japan,Services,7880831,188664,25%,Q1,03-06-2021,Online,31,,,,,
175327,Africa,Canada,Wearables,405013,190951,25%,Q3,13-09-2021,Online,32,,,,,
738579,Europe,Germany,iPhone,4413345,51446,20%,Q1,07-02-2023,Retail Partner,33,,,,,
780850,North America,Canada,iPhone,3306612,305144,35%,Q4,03-11-2021,Apple Store,25,,,,,
536623,Asia,Brazil,iPad,5257426,376064,30%,Q4,18-08-2020,Retail Partner,40,,,,,
726081,South America,India,MacBook,621931,3310,30%,Q4,19-09-2020,Retail Partner,27,,,,,
968440,Asia,UK,MacBook,4435132,378613,35%,Q1,12-05-2022,E-Commerce,32,,,,,
663762,Oceania,Germany,iPhone,2885000,246448,20%,Q2,26-05-2023,Offline,33,,,,,
730685,Europe,UK,Wearables,9747507,193795,40%,Q3,29-04-2022,Online,23,,,,,
428373,North America,Germany,Services,1768819,405900,20%,Q2,01-01-2025,Online,30,,,,,
447664,North America,France,MacBook,6903963,234042,40%,Q4,15-04-2020,Offline,38,,,,,
366661,Oceania,India,MacBook,8571087,89307,40%,Q1,03-02-2022,Offline,24,,,,,
836117,Oceania,Germany,MacBook,3491223,144022,30%,Q2,30-01-2023,Apple Store,29,,,,,
652568,Africa,India,MacBook,6285704,336186,40%,Q4,19-08-2022,Apple Store,31,,,,,
840743,Africa,USA,Services,5228989,236901,20%,Q2,22-10-2020,E-Commerce,34,,,,,
592393,Europe,UK,MacBook,1051521,133755,30%,Q2,22-03-2021,Online,26,,,,,
504307,Europe,France,MacBook,4990543,473114,40%,Q4,01-02-2020,Offline,46,,,,,
413357,Asia,Australia,iPhone,9696002,120523,40%,Q1,24-10-2022,Offline,30,,,,,
439805,South America,Germany,Services,5745240,382589,40%,Q4,24-06-2022,E-Commerce,33,,,,,
358933,Asia,UK,iPhone,2386616,436127,40%,Q3,09-05-2022,Apple Store,18,,,,,
975702,Oceania,France,iPad,6121122,69423,20%,Q2,11-09-2024,Online,26,,,,,
702131,South America,Germany,MacBook,3391569,498143,30%,Q3,21-11-2021,Offline,43,,,,,
139819,Asia,USA,MacBook,6521838,199825,25%,Q1,14-05-2023,Apple Store,39,,,,,
557241,Africa,Germany,MacBook,168456,482739,35%,Q3,03-03-2024,Apple Store,35,,,,,
802622,Europe,Germany,iPad,3513312,206723,30%,Q4,29-06-2021,Retail Partner,37,,,,,
100222,Africa,USA,iPad,631942,309830,30%,Q3,12-10-2020,Retail Partner,44,,,,,
859815,Europe,Japan,Wearables,2848475,26296,30%,Q2,30-06-2021,Offline,34,,,,,
367887,Africa,Australia,Services,8355511,375310,25%,Q2,09-12-2023,Online,31,,,,,
641624,North America,France,MacBook,3045380,198900,35%,Q4,10-07-2021,Offline,24,,,,,
355291,North America,USA,Services,5667361,15033,20%,Q1,25-04-2020,Online,26,,,,,
549440,Europe,USA,Wearables,6195373,12741,20%,Q2,29-01-2020,Offline,43,,,,,
664249,Oceania,Canada,Wearables,8873368,168757,20%,Q1,14-09-2021,Offline,42,,,,,
141200,Asia,Japan,iPhone,9232278,375278,30%,Q2,21-06-2024,Offline,20,,,,,
720141,North America,Germany,MacBook,3001051,405830,30%,Q4,13-01-2023,Online,20,,,,,
793086,South America,China,Services,1355415,185046,20%,Q1,19-07-2020,Online,34,,,,,
115128,South America,Australia,Wearables,9324893,277478,20%,Q2,20-03-2023,Retail Partner,27,,,,,
680920,North America,USA,MacBook,9883148,34869,20%,Q1,06-12-2024,Online,23,,,,,
736048,North America,Japan,iPad,4360992,373922,20%,Q1,12-07-2020,Retail Partner,42,,,,,
741241,Europe,Brazil,Wearables,24948,42355,20%,Q3,27-02-2021,Online,28,,,,,
693174,South America,UK,iPad,2952927,348102,20%,Q2,05-09-2022,Retail Partner,29,,,,,
973079,North America,Germany,iPad,9675259,201818,30%,Q4,08-03-2022,Retail Partner,45,,,,,
279899,Africa,China,iPad,9872569,139588,35%,Q4,15-06-2022,Online,29,,,,,
374748,Asia,Japan,Wearables,1984248,47721,20%,Q3,28-01-2024,Retail Partner,25,,,,,
235278,North America,Germany,iPad,8278343,131919,25%,Q3,27-02-2023,E-Commerce,33,,,,,
740096,Africa,Germany,Services,3757630,411089,40%,Q1,09-04-2024,Retail Partner,37,,,,,
717601,North America,France,Services,2240365,404664,30%,Q4,26-06-2023,Retail Partner,30,,,,,
611082,Oceania,UK,MacBook,6894199,19471,20%,Q2,19-07-2022,Retail Partner,50,,,,,
677524,North America,China,Services,3483195,33343,40%,Q4,01-02-2025,Online,25,,,,,
135276,Europe,Brazil,MacBook,5094264,429518,20%,Q3,22-12-2024,Retail Partner,28,,,,,
729572,South America,USA,iPhone,3072874,104165,20%,Q1,25-07-2021,Apple Store,18,,,,,
880891,Asia,UK,iPad,8176789,458978,20%,Q1,12-09-2021,E-Commerce,35,,,,,
430110,South America,India,iPad,9794675,449315,30%,Q4,11-04-2024,Online,34,,,,,
168291,Asia,France,iPhone,9822831,96162,20%,Q4,22-09-2022,Online,28,,,,,
584669,Oceania,Germany,MacBook,476498,285557,20%,Q4,23-02-2022,Apple Store,39,,,,,
279164,Europe,Japan,iPad,9412922,214029,30%,Q3,12-05-2023,Apple Store,32,,,,,
243443,North America,Brazil,iPad,1659877,208575,20%,Q2,08-05-2021,E-Commerce,32,,,,,
923836,Europe,China,iPhone,5633195,308816,30%,Q2,02-04-2024,E-Commerce,18,,,,,
662081,Europe,India,iPhone,1731346,81841,30%,Q1,29-02-2020,Retail Partner,26,,,,,
739048,South America,India,iPhone,8058760,281380,20%,Q2,22-06-2022,Apple Store,22,,,,,
578926,North America,Australia,Services,6929461,406037,30%,Q4,07-09-2021,Apple Store,41,,,,,
378359,Asia,Japan,Services,2272656,164839,20%,Q2,19-11-2023,Online,28,,,,,
633258,Europe,France,Services,9349458,403538,30%,Q3,07-06-2021,Apple Store,42,,,,,
949798,Europe,China,Wearables,2696064,323369,40%,Q1,16-11-2024,Apple Store,32,,,,,
112517,Africa,Brazil,Wearables,7875608,54316,20%,Q1,16-12-2023,Retail Partner,27,,,,,
959562,South America,Japan,Services,5074925,241265,40%,Q3,22-03-2023,Online,29,,,,,
795401,Oceania,Canada,Services,8574624,491917,35%,Q4,31-12-2020,Retail Partner,41,,,,,
781896,North America,France,Services,404063,490459,30%,Q1,29-01-2021,Offline,32,,,,,
674068,South America,China,MacBook,6063186,387189,20%,Q4,28-04-2020,Apple Store,30,,,,,
878077,North America,Canada,Services,2973777,329041,20%,Q2,22-12-2021,Retail Partner,38,,,,,
351417,Africa,Australia,iPhone,8173395,408023,25%,Q1,25-12-2020,Retail Partner,34,,,,,
704922,Asia,UK,Services,3172768,231580,30%,Q3,05-02-2022,Online,29,,,,,
532736,South America,Brazil,iPad,4435677,337451,20%,Q4,14-08-2022,Retail Partner,42,,,,,
887311,North America,USA,Wearables,8624847,307880,40%,Q4,13-05-2022,Online,35,,,,,
746928,Europe,Brazil,Wearables,6184127,11343,40%,Q1,19-05-2023,Retail Partner,24,,,,,
246490,Asia,USA,Services,9796516,348714,25%,Q4,18-03-2023,Apple Store,39,,,,,
474172,Africa,India,Services,6508378,85730,30%,Q1,13-02-2020,Retail Partner,50,,,,,
304187,Asia,China,MacBook,1759558,174890,20%,Q2,16-09-2020,Offline,27,,,,,
317645,Asia,France,iPad,6378632,172728,40%,Q2,24-12-2024,Offline,36,,,,,
319153,North America,Japan,iPhone,9256737,499330,30%,Q1,05-04-2020,Retail Partner,25,,,,,
585641,Africa,India,Wearables,6873530,319302,20%,Q2,02-11-2024,Apple Store,28,,,,,
409946,North America,France,iPhone,4589925,310435,40%,Q4,19-06-2020,E-Commerce,21,,,,,
218952,Oceania,Japan,Services,7137725,31621,40%,Q2,02-11-2020,Retail Partner,42,,,,,
194513,Africa,India,Services,7148581,228944,20%,Q4,27-11-2024,Apple Store,32,,,,,
310117,South America,China,MacBook,6994158,250924,20%,Q1,19-11-2020,E-Commerce,19,,,,,
312262,Oceania,USA,Services,5039146,465592,20%,Q1,13-03-2023,Apple Store,33,,,,,
487518,North America,Canada,Wearables,6948920,64627,20%,Q3,21-12-2022,Apple Store,38,,,,,
445872,North America,USA,iPad,4665433,30766,20%,Q1,08-06-2020,E-Commerce,33,,,,,
742988,North America,China,iPad,8383049,157053,40%,Q4,09-03-2024,Offline,34,,,,,
745731,Europe,Australia,iPhone,8294475,21264,40%,Q4,26-09-2023,E-Commerce,32,,,,,
101322,Europe,Japan,Services,8972105,40463,35%,Q3,14-02-2020,Offline,43,,,,,
240543,North America,Japan,iPhone,7682646,349252,35%,Q3,24-12-2022,Retail Partner,33,,,,,
252524,South America,Japan,iPad,5329874,8595,40%,Q2,14-05-2021,Retail Partner,32,,,,,
322538,Asia,USA,MacBook,7989872,425199,40%,Q1,23-11-2024,Retail Partner,25,,,,,
203029,South America,France,Services,3069284,85439,30%,Q2,30-05-2023,Online,28,,,,,
606214,North America,India,Wearables,5584833,295812,35%,Q3,21-06-2024,Retail Partner,26,,,,,
614616,North America,USA,iPad,7175583,346374,30%,Q2,05-01-2023,Apple Store,31,,,,,
297926,North America,India,Services,7971270,229440,30%,Q2,15-01-2024,Apple Store,29,,,,,
812473,Africa,UK,iPhone,4557694,99949,30%,Q3,26-07-2023,Offline,29,,,,,
342368,South America,Brazil,iPhone,9590250,195080,20%,Q2,30-10-2023,Retail Partner,25,,,,,
208582,North America,Japan,iPad,3076484,127690,25%,Q3,14-04-2023,Online,28,,,,,
627776,Africa,Germany,Wearables,1644193,278472,35%,Q4,23-11-2020,Offline,40,,,,,
701276,Africa,Brazil,iPad,1699787,328119,40%,Q1,12-07-2022,Online,35,,,,,
689669,Africa,Japan,Wearables,5517832,147139,20%,Q3,20-03-2021,E-Commerce,35,,,,,
761289,Europe,Canada,Wearables,9114617,185168,40%,Q2,27-01-2023,Retail Partner,22,,,,,
971082,South America,Canada,Services,1848038,268870,40%,Q4,16-08-2022,Retail Partner,33,,,,,
463578,South America,Brazil,Services,4300095,168443,30%,Q4,05-09-2022,E-Commerce,27,,,,,
582157,Africa,Brazil,iPad,8761819,235675,30%,Q2,25-01-2023,Apple Store,41,,,,,
999411,North America,USA,iPad,7938406,193610,20%,Q3,16-07-2024,Offline,41,,,,,
957730,Asia,Australia,Services,4693634,395725,40%,Q1,04-03-2020,Apple Store,34,,,,,
294452,North America,UK,Wearables,2368555,161796,35%,Q4,20-03-2022,E-Commerce,23,,,,,
603882,Europe,China,Services,2120681,132896,40%,Q3,03-05-2020,E-Commerce,29,,,,,
451628,North America,India,MacBook,7155285,200231,40%,Q1,28-04-2021,Offline,32,,,,,
418193,North America,Japan,Services,3949523,456443,20%,Q4,15-11-2021,Online,31,,,,,
707989,Asia,China,iPad,7600388,322376,25%,Q1,08-08-2020,Apple Store,42,,,,,
209669,South America,Canada,iPad,4123031,310259,30%,Q1,03-02-2021,Apple Store,39,,,,,
695257,North America,China,Services,9236727,149804,20%,Q2,21-12-2023,E-Commerce,26,,,,,
215579,Africa,Germany,Wearables,8331929,186842,20%,Q2,06-01-2023,E-Commerce,30,,,,,
577168,North America,USA,iPad,4080995,344347,20%,Q4,12-10-2021,Offline,30,,,,,
466337,North America,USA,Wearables,686415,173767,20%,Q2,22-12-2024,Offline,35,,,,,
468065,Europe,Japan,MacBook,6854067,99228,35%,Q4,19-11-2020,E-Commerce,35,,,,,
883056,Africa,Japan,MacBook,2181874,319263,40%,Q4,26-11-2024,E-Commerce,23,,,,,
264651,Asia,China,iPad,1391780,106199,35%,Q4,14-12-2023,Offline,37,,,,,
306120,South America,UK,Wearables,2792658,198000,25%,Q4,19-01-2022,Offline,23,,,,,
982398,North America,Australia,Wearables,8547120,349946,25%,Q3,20-05-2022,Apple Store,26,,,,,
227924,Asia,Canada,MacBook,2020813,486239,20%,Q2,21-09-2022,Apple Store,26,,,,,
320144,South America,India,Services,8210742,125345,25%,Q1,31-08-2024,E-Commerce,25,,,,,
968060,Asia,USA,iPhone,6304268,39288,35%,Q3,20-06-2023,Apple Store,33,,,,,
392679,Africa,France,MacBook,277348,420478,40%,Q4,15-07-2020,E-Commerce,31,,,,,
315781,South America,China,iPad,2200957,210336,30%,Q3,02-03-2024,Online,32,,,,,
150848,Africa,Germany,iPad,4236787,36577,25%,Q3,18-05-2024,Online,26,,,,,
348473,Africa,France,MacBook,803669,344655,40%,Q1,17-04-2021,E-Commerce,35,,,,,
923313,North America,Canada,Services,8156029,171925,20%,Q4,31-08-2021,Offline,46,,,,,
429417,Asia,China,iPad,753779,324228,30%,Q2,20-06-2022,Online,25,,,,,
663061,Africa,Canada,MacBook,1012875,451623,40%,Q1,26-02-2024,Retail Partner,41,,,,,
574953,North America,France,Services,512608,297363,20%,Q2,02-02-2023,E-Commerce,32,,,,,
263513,North America,UK,iPad,9267642,175250,20%,Q4,20-09-2022,Offline,37,,,,,
999476,Africa,USA,MacBook,951919,102504,20%,Q2,16-01-2024,Offline,19,,,,,
102065,Europe,Brazil,iPad,3344450,56435,20%,Q3,23-12-2024,Apple Store,31,,,,,
269727,Asia,Germany,iPad,4124459,126518,40%,Q3,03-01-2023,E-Commerce,35,,,,,
821394,Oceania,Japan,Wearables,9604029,198375,30%,Q4,07-07-2020,Offline,23,,,,,
286022,North America,USA,MacBook,3792231,297109,40%,Q1,25-11-2020,Online,33,,,,,
470568,North America,France,iPhone,7920088,353944,40%,Q3,23-06-2020,Retail Partner,21,,,,,
254801,Oceania,USA,iPad,9184624,381284,40%,Q3,06-06-2021,E-Commerce,34,,,,,
931763,South America,China,Services,6996859,54414,40%,Q1,11-10-2020,E-Commerce,27,,,,,
698708,North America,Canada,Services,477904,336719,30%,Q4,27-12-2023,Apple Store,30,,,,,
517123,Oceania,France,Wearables,6891554,448629,30%,Q1,21-03-2020,Online,19,,,,,
332302,North America,Brazil,Services,3723251,475370,30%,Q3,11-10-2024,Apple Store,33,,,,,
734084,Europe,India,iPad,6601723,17991,20%,Q2,28-12-2021,E-Commerce,32,,,,,
749974,Europe,Germany,Services,3661955,53246,40%,Q3,10-02-2023,Online,27,,,,,
837175,South America,Japan,iPhone,2274897,157812,25%,Q1,21-09-2023,Retail Partner,23,,,,,
778529,Africa,Japan,MacBook,365724,396120,30%,Q2,28-05-2021,E-Commerce,21,,,,,
911273,Oceania,China,Wearables,7799627,174082,35%,Q2,12-12-2024,Offline,18,,,,,
187869,Oceania,UK,MacBook,1213787,10309,20%,Q3,15-06-2020,Apple Store,27,,,,,
725836,North America,Brazil,Wearables,6110247,231809,20%,Q1,09-10-2023,Apple Store,36,,,,,
239460,Africa,Germany,iPhone,5654589,300847,35%,Q3,28-09-2020,E-Commerce,34,,,,,
191196,North America,UK,Wearables,2613167,60983,30%,Q4,19-11-2023,Offline,18,,,,,
448406,Europe,India,iPad,8254826,274529,35%,Q1,10-09-2022,E-Commerce,25,,,,,
576465,North America,India,iPhone,754174,347689,30%,Q2,19-04-2023,E-Commerce,18,,,,,
191287,North America,Australia,MacBook,8513766,238414,35%,Q1,21-09-2020,E-Commerce,26,,,,,
245556,South America,France,iPhone,8501317,100774,20%,Q2,10-03-2022,Apple Store,26,,,,,
755280,Africa,Japan,Wearables,4943089,258666,40%,Q4,09-01-2022,Offline,36,,,,,
522322,Oceania,Brazil,Wearables,3192241,497767,30%,Q4,30-04-2021,Retail Partner,43,,,,,
319998,Oceania,Germany,iPhone,3626739,404013,20%,Q4,24-12-2020,Online,21,,,,,
301281,Africa,France,Wearables,5073606,266289,30%,Q1,31-07-2022,Retail Partner,34,,,,,
844945,North America,Canada,iPhone,9670224,212323,30%,Q4,29-07-2021,Offline,29,,,,,
126769,South America,France,MacBook,5458030,499340,25%,Q2,10-04-2021,Apple Store,47,,,,,
745144,Oceania,India,Wearables,1045956,356018,20%,Q4,23-04-2022,Online,23,,,,,
799757,North America,France,Wearables,5647878,356338,35%,Q1,13-02-2022,Retail Partner,45,,,,,
450036,South America,France,MacBook,652989,371223,25%,Q3,08-03-2024,Retail Partner,30,,,,,
433958,North America,France,MacBook,9631878,164686,30%,Q2,11-09-2021,Retail Partner,29,,,,,
237840,North America,France,Wearables,8325279,157610,30%,Q1,15-04-2024,Offline,27,,,,,
790214,North America,Australia,Wearables,1962483,284427,35%,Q1,24-02-2020,Retail Partner,22,,,,,
172061,North America,France,Services,990028,148303,40%,Q4,06-09-2020,Online,34,,,,,
179927,Oceania,Germany,MacBook,5651164,331334,40%,Q3,04-03-2020,Offline,38,,,,,
473944,South America,UK,MacBook,1292643,282160,20%,Q3,27-04-2020,Offline,27,,,,,
867892,South America,Canada,iPhone,5609037,382749,35%,Q2,08-07-2020,Apple Store,20,,,,,
710023,South America,China,iPad,377870,118934,40%,Q3,09-02-2024,Online,26,,,,,
490298,North America,UK,Wearables,1039681,350933,35%,Q2,23-08-2021,Offline,29,,,,,
870885,Oceania,France,iPhone,9949132,79814,40%,Q1,12-08-2021,Retail Partner,19,,,,,
528905,Asia,Germany,iPad,2074992,191924,30%,Q3,21-11-2022,E-Commerce,32,,,,,
100911,Europe,France,Wearables,7867535,321186,35%,Q3,17-01-2024,Apple Store,40,,,,,
876190,North America,India,iPad,7665772,92874,20%,Q3,22-02-2023,Offline,29,,,,,
524851,South America,UK,iPad,2119214,398750,40%,Q4,13-02-2021,Apple Store,33,,,,,
928181,Europe,Canada,iPad,2917875,52010,40%,Q3,19-02-2024,Apple Store,26,,,,,
620256,Oceania,Japan,MacBook,2987029,450019,20%,Q1,07-10-2024,E-Commerce,31,,,,,
351883,Oceania,China,MacBook,1681717,225565,25%,Q2,24-05-2020,Apple Store,34,,,,,
959875,South America,Japan,iPad,422549,413408,35%,Q4,06-10-2021,Apple Store,39,,,,,
118210,Oceania,Japan,iPad,6297927,52071,30%,Q3,12-02-2023,Apple Store,35,,,,,
306790,Africa,India,Services,6106334,320955,40%,Q4,19-05-2020,Apple Store,36,,,,,
344618,South America,France,MacBook,2463836,347387,40%,Q4,12-03-2020,E-Commerce,31,,,,,
182187,South America,UK,Wearables,2798512,119707,30%,Q4,18-05-2021,E-Commerce,20,,,,,
279098,North America,USA,Wearables,4872067,196540,35%,Q2,08-11-2020,E-Commerce,27,,,,,
852449,Africa,Brazil,iPhone,3415215,453429,40%,Q1,21-04-2020,Online,32,,,,,
666399,South America,USA,MacBook,5952395,221536,25%,Q1,07-04-2021,Retail Partner,27,,,,,
735894,South America,UK,Services,5673613,333675,20%,Q1,22-08-2021,Online,28,,,,,
988007,South America,UK,iPhone,5656583,227250,35%,Q4,21-12-2023,Offline,28,,,,,
774547,Asia,Australia,iPad,7455397,151968,30%,Q2,13-05-2020,Apple Store,38,,,,,
667861,Africa,China,iPad,7267161,466400,40%,Q4,06-02-2024,Retail Partner,30,,,,,
970182,Asia,USA,Wearables,7791267,338267,30%,Q4,06-08-2021,Apple Store,36,,,,,
632265,Africa,India,Wearables,5549037,45198,20%,Q3,11-12-2021,Online,34,,,,,
548427,Asia,India,iPad,1245520,323315,25%,Q2,22-08-2024,Online,28,,,,,
962742,North America,China,iPhone,9360589,254084,20%,Q4,27-06-2024,E-Commerce,20,,,,,
843116,Oceania,France,Wearables,6155626,279019,20%,Q3,12-01-2024,Apple Store,23,,,,,
372430,North America,China,iPhone,8713530,337654,40%,Q4,24-05-2024,Offline,34,,,,,
693008,Oceania,Australia,Services,1530437,408138,40%,Q3,09-10-2021,Online,27,,,,,
665215,South America,Canada,Services,7120590,150704,40%,Q1,26-06-2021,Retail Partner,32,,,,,
931896,Europe,USA,Wearables,8072210,411394,20%,Q3,11-01-2022,E-Commerce,29,,,,,
302370,Oceania,France,Wearables,2937384,19601,20%,Q4,20-04-2020,Online,20,,,,,
550380,South America,India,Wearables,5187201,470932,40%,Q1,29-09-2021,Online,25,,,,,
788013,North America,India,iPhone,3521991,252416,20%,Q2,18-04-2023,E-Commerce,20,,,,,
478331,Africa,Brazil,iPad,6509613,4349,40%,Q1,21-06-2022,Retail Partner,33,,,,,
790058,South America,Japan,MacBook,7517013,63112,25%,Q3,02-07-2022,Offline,23,,,,,
654833,Europe,UK,iPad,4533056,452224,35%,Q2,09-08-2024,Offline,27,,,,,
495620,South America,India,iPad,9541863,477405,20%,Q4,27-08-2021,Retail Partner,37,,,,,
257554,North America,Brazil,iPad,7318491,85878,35%,Q3,02-03-2021,Apple Store,27,,,,,
708690,South America,Germany,iPhone,4817656,343262,40%,Q1,31-08-2024,Retail Partner,30,,,,,
313342,Oceania,UK,Wearables,4994797,404098,40%,Q3,25-12-2021,Online,27,,,,,
327514,North America,Germany,Wearables,3626886,255338,20%,Q1,29-08-2022,Apple Store,18,,,,,
614311,North America,Japan,iPad,2122066,205057,30%,Q4,28-11-2023,Retail Partner,42,,,,,
462764,North America,Australia,iPad,9623705,236138,25%,Q2,06-03-2021,Retail Partner,30,,,,,
920965,South America,UK,Wearables,1961250,218393,40%,Q3,06-03-2020,Apple Store,34,,,,,
883858,Asia,France,MacBook,3408357,177580,20%,Q2,26-09-2024,Offline,20,,,,,
857630,Oceania,Australia,Wearables,67705,43189,20%,Q1,02-06-2023,Offline,38,,,,,
451689,Asia,Australia,iPad,8959692,444138,20%,Q1,09-03-2023,Apple Store,43,,,,,
130814,North America,Canada,Wearables,7537075,487960,40%,Q2,05-03-2022,Online,27,,,,,
704937,Africa,UK,iPad,4611753,450463,20%,Q1,04-12-2021,Retail Partner,28,,,,,
642565,Europe,USA,MacBook,7828630,223275,40%,Q3,28-09-2020,E-Commerce,29,,,,,
355801,Asia,Germany,iPhone,3346589,254934,20%,Q2,20-08-2023,E-Commerce,26,,,,,
482617,Oceania,UK,iPad,6290566,23691,30%,Q1,21-02-2024,Online,33,,,,,
653409,Europe,Australia,MacBook,7079149,391001,20%,Q1,04-06-2024,Apple Store,33,,,,,
382088,South America,Brazil,iPhone,8695566,492179,25%,Q2,04-02-2024,Retail Partner,25,,,,,
355949,South America,Brazil,iPhone,4757853,402882,30%,Q4,28-07-2024,E-Commerce,24,,,,,
229024,South America,Brazil,MacBook,801437,280983,20%,Q1,02-11-2022,Retail Partner,41,,,,,
640272,Oceania,France,Services,6803762,37328,25%,Q3,17-02-2023,Offline,34,,,,,
801171,North America,India,Services,7158831,154515,20%,Q4,22-07-2022,Apple Store,26,,,,,
635188,South America,USA,MacBook,9243360,167727,40%,Q3,26-01-2024,E-Commerce,26,,,,,
721915,Oceania,Australia,MacBook,4562560,166426,40%,Q4,03-06-2020,Offline,35,,,,,
464204,Africa,China,iPhone,2687807,178437,30%,Q1,01-04-2020,Apple Store,30,,,,,
215753,North America,USA,Services,344662,323829,30%,Q3,30-11-2022,Apple Store,42,,,,,
609406,North America,Japan,MacBook,4964314,132884,40%,Q3,21-03-2022,Retail Partner,22,,,,,
890270,Oceania,UK,Wearables,4950657,393696,35%,Q4,18-03-2024,E-Commerce,25,,,,,
861283,Europe,Brazil,Services,532634,475303,20%,Q3,14-06-2020,Apple Store,45,,,,,
844564,Asia,China,iPad,3844876,137842,30%,Q1,15-06-2020,Offline,26,,,,,
456317,North America,UK,iPad,3347404,77158,30%,Q3,03-01-2020,Online,34,,,,,
728576,Africa,Japan,iPad,106035,117832,40%,Q4,11-09-2024,Retail Partner,25,,,,,
759729,South America,UK,iPhone,8616144,128511,30%,Q4,07-08-2020,Online,26,,,,,
664294,South America,UK,iPhone,3809185,410999,40%,Q2,13-04-2020,Offline,34,,,,,
588446,South America,Canada,Wearables,891616,424699,25%,Q1,24-07-2021,E-Commerce,22,,,,,
498853,Europe,Brazil,iPad,5612431,121611,20%,Q2,02-04-2023,Retail Partner,42,,,,,
774920,Africa,Brazil,MacBook,1086826,428097,30%,Q4,06-04-2020,E-Commerce,27,,,,,
599189,Oceania,Germany,iPhone,4628773,491686,40%,Q4,02-02-2023,Offline,19,,,,,
301642,Oceania,USA,Wearables,769379,228105,25%,Q1,30-10-2023,Offline,43,,,,,
347528,Africa,Japan,iPad,6318442,297943,20%,Q4,09-03-2022,Online,33,,,,,
343725,Europe,India,MacBook,7378643,176150,30%,Q1,29-12-2021,Online,25,,,,,
432016,Africa,UK,MacBook,5619177,231591,30%,Q2,16-05-2022,Retail Partner,37,,,,,
658428,North America,France,iPhone,319378,32736,40%,Q2,09-12-2022,Online,19,,,,,
142606,Africa,China,Wearables,820197,281176,30%,Q3,31-03-2021,Apple Store,35,,,,,
108139,North America,France,Wearables,7552218,424809,20%,Q1,01-09-2021,Apple Store,37,,,,,
761451,Europe,France,iPhone,741457,360005,35%,Q3,23-10-2021,Offline,21,,,,,
915645,North America,China,iPad,4385648,47984,25%,Q2,10-02-2023,Apple Store,43,,,,,
161458,Asia,UK,MacBook,8080126,360763,30%,Q4,18-06-2023,Online,24,,,,,
397186,North America,France,Services,1109983,110179,20%,Q3,15-09-2021,Apple Store,46,,,,,
329663,Europe,France,Wearables,6835267,281486,20%,Q2,02-07-2020,E-Commerce,23,,,,,
538717,Oceania,China,MacBook,7603213,254590,30%,Q2,17-10-2020,Retail Partner,28,,,,,
824048,Oceania,Brazil,Wearables,8194124,429301,35%,Q4,07-11-2021,Online,30,,,,,
215029,North America,Japan,Wearables,9104615,129455,40%,Q3,28-03-2024,Retail Partner,27,,,,,
623753,Oceania,Canada,MacBook,3087406,98192,35%,Q2,16-01-2023,Apple Store,45,,,,,
920596,Asia,USA,iPhone,5816898,373932,20%,Q2,18-10-2023,Retail Partner,26,,,,,
854254,North America,UK,MacBook,9258017,142355,20%,Q4,22-11-2021,Apple Store,30,,,,,
691699,Africa,Germany,Wearables,729174,207159,40%,Q1,23-07-2022,Retail Partner,20,,,,,
938747,Oceania,Japan,iPad,5617478,194827,35%,Q4,30-08-2022,Offline,25,,,,,
873660,Europe,China,iPhone,2369169,31550,20%,Q4,26-07-2020,E-Commerce,21,,,,,
942598,Asia,China,iPhone,8871689,222069,35%,Q4,13-09-2024,Offline,23,,,,,
991200,North America,USA,Wearables,3139236,266918,20%,Q3,19-07-2020,E-Commerce,33,,,,,
934365,Oceania,Canada,Wearables,7947803,284289,40%,Q1,15-12-2021,Retail Partner,43,,,,,
422587,Oceania,Canada,iPad,2673928,475206,30%,Q4,09-01-2021,Apple Store,36,,,,,
894258,Oceania,UK,iPad,8011502,271631,20%,Q2,26-01-2024,Apple Store,40,,,,,
956461,North America,USA,Services,65551,413778,35%,Q2,25-11-2023,Apple Store,37,,,,,
118454,North America,India,Services,1191036,150157,40%,Q2,15-10-2020,Online,29,,,,,
839713,North America,France,Services,873528,201759,40%,Q2,21-08-2022,E-Commerce,27,,,,,
719342,North America,Brazil,iPad,2424163,204358,30%,Q2,10-03-2024,Offline,42,,,,,
775459,North America,Canada,Services,5381762,468848,25%,Q1,04-03-2024,E-Commerce,25,,,,,
272969,South America,India,Wearables,4623855,219600,30%,Q3,05-07-2022,Apple Store,33,,,,,
182838,Europe,Australia,Services,74265,139852,30%,Q4,06-05-2022,E-Commerce,28,,,,,
195449,Europe,China,Wearables,547170,491565,20%,Q2,06-08-2021,E-Commerce,35,,,,,
128273,Oceania,USA,iPhone,9144055,113359,30%,Q4,25-12-2021,E-Commerce,24,,,,,
576982,Oceania,USA,Wearables,4370348,498415,25%,Q2,10-09-2020,Retail Partner,35,,,,,
419060,Asia,China,iPad,7368640,375170,20%,Q1,07-10-2023,Apple Store,41,,,,,
810162,North America,Canada,iPad,8731574,189215,30%,Q4,11-01-2021,E-Commerce,34,,,,,
878144,Oceania,UK,MacBook,3318792,435728,35%,Q1,23-02-2022,E-Commerce,30,,,,,
865987,North America,UK,MacBook,7721043,42752,30%,Q4,10-11-2023,Offline,48,,,,,
483387,Asia,Australia,iPad,9691263,448071,40%,Q1,20-06-2020,Offline,42,,,,,
288668,Oceania,Brazil,Services,7186793,264743,30%,Q3,19-08-2022,E-Commerce,25,,,,,
660184,Asia,Canada,MacBook,2155624,198901,20%,Q2,17-04-2022,Offline,44,,,,,
359374,Africa,France,iPhone,1033659,159811,35%,Q1,12-05-2024,Retail Partner,24,,,,,
480037,North America,Canada,iPhone,3783987,266502,40%,Q1,16-06-2023,Online,26,,,,,
619678,Africa,France,iPad,7466745,125596,35%,Q2,08-06-2024,Retail Partner,35,,,,,
276274,Asia,Australia,iPad,3668226,278223,40%,Q3,02-02-2021,Retail Partner,31,,,,,
633909,Oceania,Japan,MacBook,6828512,134941,25%,Q2,09-08-2024,Apple Store,40,,,,,
859932,South America,Germany,iPhone,39650,406824,40%,Q4,08-10-2023,Online,28,,,,,
222614,Asia,France,Wearables,6618750,389821,30%,Q2,02-09-2022,Online,20,,,,,
493268,Africa,Germany,MacBook,578749,362456,25%,Q2,16-01-2022,Apple Store,49,,,,,
373798,Asia,Canada,iPad,231370,120762,35%,Q1,08-01-2024,Retail Partner,27,,,,,
254592,North America,India,iPad,2272666,397502,25%,Q3,10-11-2022,Apple Store,34,,,,,
286777,Europe,China,iPad,2248533,118041,30%,Q1,10-01-2025,Retail Partner,41,,,,,
641372,South America,France,MacBook,6544579,289213,20%,Q2,13-05-2024,Apple Store,41,,,,,
380049,Europe,Australia,iPad,9664632,209273,40%,Q2,10-02-2023,Apple Store,38,,,,,
444922,Africa,France,Services,8991007,296950,30%,Q4,15-03-2022,E-Commerce,35,,,,,
213044,South America,France,iPad,4174297,380700,30%,Q4,13-08-2020,E-Commerce,29,,,,,
180238,Oceania,UK,Services,7882862,193221,40%,Q2,22-12-2021,Offline,26,,,,,
618811,Europe,Brazil,Wearables,1718187,435068,30%,Q3,23-04-2022,E-Commerce,35,,,,,
166794,North America,France,iPad,603100,160626,20%,Q1,24-12-2020,Offline,29,,,,,
704862,Europe,USA,Services,6229181,59474,20%,Q1,24-02-2021,E-Commerce,35,,,,,
314656,North America,Australia,MacBook,1866955,490395,20%,Q1,25-01-2022,Retail Partner,24,,,,,
613146,North America,UK,Wearables,9018353,247240,20%,Q1,27-10-2022,Offline,29,,,,,
517355,Asia,China,Services,7070762,185972,40%,Q2,30-11-2021,Online,33,,,,,
484394,Asia,USA,Services,2052805,33867,35%,Q2,06-06-2024,Retail Partner,47,,,,,
863761,Europe,Germany,MacBook,2771039,189078,20%,Q4,07-03-2020,Apple Store,49,,,,,
974798,Asia,Australia,MacBook,8233217,207570,35%,Q4,10-12-2023,E-Commerce,21,,,,,
487621,Asia,Japan,iPad,5224834,336754,25%,Q2,15-06-2024,Offline,36,,,,,
171389,Europe,Australia,iPad,6885291,341800,20%,Q1,30-07-2020,Offline,45,,,,,
880160,Europe,UK,iPad,6098729,143364,40%,Q4,05-02-2020,Offline,41,,,,,
610289,South America,Australia,MacBook,5300859,478168,25%,Q3,07-08-2023,Retail Partner,47,,,,,
724464,North America,Japan,iPhone,3233843,307197,30%,Q1,02-12-2023,E-Commerce,19,,,,,
519746,Oceania,Australia,iPhone,5841977,260635,25%,Q2,21-06-2024,E-Commerce,27,,,,,
163566,North America,France,iPad,4676912,471158,20%,Q4,15-12-2022,Retail Partner,38,,,,,
756417,Asia,Japan,Wearables,2321827,294744,20%,Q2,24-10-2024,Offline,27,,,,,
587471,Europe,UK,iPad,9286624,440771,40%,Q3,08-03-2023,Online,31,,,,,
276802,South America,Brazil,MacBook,1097645,368508,25%,Q2,08-02-2021,Retail Partner,29,,,,,
632720,Europe,Australia,MacBook,1529511,329266,40%,Q1,13-02-2024,E-Commerce,33,,,,,
995586,Oceania,Japan,Wearables,7713995,188753,40%,Q1,01-12-2021,Apple Store,27,,,,,
127408,North America,Canada,iPhone,9246735,159136,20%,Q2,09-03-2020,Offline,29,,,,,
184389,North America,Australia,Wearables,6336172,126195,35%,Q2,30-08-2021,Offline,33,,,,,
416810,Europe,China,MacBook,6837530,386893,40%,Q1,26-04-2021,Online,18,,,,,
479902,Oceania,Germany,iPhone,8398182,111020,20%,Q4,19-08-2023,Offline,26,,,,,
200876,Asia,Australia,MacBook,7352546,273940,40%,Q4,08-02-2021,E-Commerce,26,,,,,
997857,Asia,France,iPhone,3715593,315087,30%,Q1,03-05-2024,Offline,22,,,,,
578489,Africa,India,iPhone,4266082,165885,40%,Q4,26-05-2020,Retail Partner,30,,,,,
159166,Oceania,China,Services,1547717,466594,20%,Q2,02-09-2023,Offline,42,,,,,
485502,Africa,USA,iPad,4856769,146268,40%,Q3,06-07-2020,Retail Partner,25,,,,,
540288,South America,UK,MacBook,6104645,343076,35%,Q1,30-11-2021,E-Commerce,34,,,,,
681032,Europe,Japan,MacBook,8673960,42954,20%,Q2,27-10-2021,Online,27,,,,,
674897,Oceania,USA,Wearables,1836590,407988,30%,Q1,21-09-2023,E-Commerce,27,,,,,
633052,North America,France,iPhone,342596,267653,30%,Q1,02-02-2020,Offline,30,,,,,
460191,South America,Australia,MacBook,8614416,426081,25%,Q2,15-02-2023,Online,32,,,,,
222555,Asia,France,iPhone,6852096,283709,40%,Q1,17-01-2021,Offline,18,,,,,
891988,South America,Japan,MacBook,4630693,326156,25%,Q4,02-10-2023,Online,35,,,,,
388227,Europe,China,MacBook,560490,419804,20%,Q4,30-10-2021,E-Commerce,22,,,,,
730088,Africa,Australia,Services,2140206,356268,40%,Q4,24-05-2020,Retail Partner,41,,,,,
643334,North America,USA,MacBook,9420268,487272,20%,Q2,26-09-2024,Online,30,,,,,
313423,South America,China,MacBook,536578,426458,25%,Q2,27-05-2022,Offline,45,,,,,
921357,Europe,USA,Services,9600909,280603,40%,Q3,23-01-2023,Retail Partner,36,,,,,
220112,Africa,India,Services,4616416,20970,40%,Q3,29-12-2023,Retail Partner,47,,,,,
448903,Africa,Japan,iPad,2317175,410703,20%,Q4,09-01-2024,Online,33,,,,,
409369,South America,Canada,Wearables,2767656,468221,30%,Q3,15-08-2020,E-Commerce,30,,,,,
635119,North America,Australia,Services,625532,371807,25%,Q4,05-05-2022,Retail Partner,38,,,,,
488300,South America,Japan,MacBook,8308976,252726,25%,Q1,19-06-2023,Offline,41,,,,,
377496,North America,USA,Services,5563599,354820,20%,Q4,07-06-2022,Online,33,,,,,
386985,Africa,Germany,Wearables,4541535,468194,20%,Q2,29-10-2024,Online,27,,,,,
822522,Europe,China,iPad,6790510,343829,20%,Q3,24-11-2022,Retail Partner,37,,,,,
661475,North America,Brazil,Wearables,5576787,58748,30%,Q3,16-11-2022,Apple Store,29,,,,,
682912,North America,USA,iPhone,4220027,317669,35%,Q1,29-04-2022,E-Commerce,21,,,,,
831384,Africa,Brazil,MacBook,8609653,386024,30%,Q4,20-05-2022,Apple Store,21,,,,,
527270,North America,Canada,MacBook,8427798,205728,30%,Q3,25-07-2021,Retail Partner,46,,,,,
957318,South America,Brazil,iPhone,5207635,266011,40%,Q1,17-03-2021,E-Commerce,24,,,,,
762388,North America,China,MacBook,9769893,305593,30%,Q4,23-10-2024,Offline,24,,,,,
736756,North America,Canada,Services,4863227,416564,20%,Q4,08-10-2021,Apple Store,37,,,,,
375021,Asia,Japan,MacBook,2960046,169305,40%,Q3,15-07-2024,Apple Store,22,,,,,
529949,North America,France,Services,778030,365774,40%,Q3,09-03-2020,Online,31,,,,,
129183,Oceania,UK,iPad,6395002,154747,20%,Q4,07-04-2023,Retail Partner,44,,,,,
327709,Oceania,France,iPad,8579643,234265,30%,Q2,27-07-2021,Apple Store,44,,,,,
516624,Asia,Japan,Services,1970795,234148,20%,Q1,03-01-2023,Retail Partner,47,,,,,
787583,North America,Canada,iPhone,4494623,423425,20%,Q1,28-12-2021,E-Commerce,30,,,,,
850160,North America,Japan,Wearables,1865322,442443,25%,Q4,20-08-2020,E-Commerce,25,,,,,
379223,South America,Australia,MacBook,4315542,182025,40%,Q4,09-04-2021,Online,32,,,,,
104171,North America,Australia,MacBook,9651493,18034,20%,Q3,03-03-2022,Retail Partner,43,,,,,
834124,Europe,UK,iPad,6558672,170691,30%,Q2,03-12-2022,Offline,29,,,,,
977427,Africa,UK,Services,2729410,376626,30%,Q2,17-06-2023,Online,34,,,,,
558287,Europe,Australia,Services,7569744,379754,35%,Q2,21-10-2021,Online,29,,,,,
117675,Europe,Australia,Wearables,5484655,55522,20%,Q4,03-03-2023,Retail Partner,30,,,,,
254436,South America,Germany,MacBook,5753459,350250,40%,Q2,25-03-2022,Online,31,,,,,
199828,North America,China,Wearables,2182063,334149,20%,Q2,20-09-2023,Apple Store,20,,,,,
188453,Europe,UK,iPad,5501035,464527,30%,Q4,04-02-2022,Apple Store,44,,,,,
632572,Africa,Japan,Services,5629101,125151,40%,Q2,07-10-2023,Online,31,,,,,
478842,North America,UK,iPad,6899257,403981,20%,Q3,17-06-2023,E-Commerce,26,,,,,
567266,Europe,UK,iPad,7933726,172198,30%,Q4,07-04-2023,Apple Store,28,,,,,
694638,Asia,Australia,MacBook,4146350,471950,40%,Q4,31-10-2023,Retail Partner,43,,,,,
416289,Europe,India,Services,3904884,442159,40%,Q2,20-05-2023,Apple Store,46,,,,,
951793,North America,India,Services,7066896,378676,40%,Q3,24-10-2020,Retail Partner,41,,,,,
735016,Oceania,Japan,iPad,8971051,443419,20%,Q1,15-01-2023,Offline,41,,,,,
636119,Oceania,Germany,iPad,8720566,99208,35%,Q1,09-07-2022,Retail Partner,29,,,,,
837516,Africa,France,Wearables,3049928,416378,30%,Q1,25-09-2020,Apple Store,19,,,,,
526019,South America,USA,iPhone,5191646,251761,35%,Q4,14-08-2023,Online,20,,,,,
767315,North America,Germany,iPad,3545806,375995,20%,Q4,30-04-2020,Apple Store,39,,,,,
942048,North America,France,Wearables,824040,151231,35%,Q4,30-05-2024,E-Commerce,28,,,,,
267561,Oceania,Canada,Wearables,5070353,399679,40%,Q1,21-02-2022,E-Commerce,19,,,,,
107387,South America,Germany,Services,3765914,99342,35%,Q2,19-07-2024,Apple Store,27,,,,,
522825,North America,USA,iPad,5013631,462602,20%,Q3,29-09-2024,Offline,27,,,,,
399805,Asia,UK,iPhone,7856635,407171,25%,Q1,08-05-2021,Online,33,,,,,
871345,North America,France,Wearables,8349835,425572,25%,Q2,25-08-2020,Retail Partner,40,,,,,
703119,North America,Australia,iPad,382948,225910,20%,Q1,05-02-2021,Retail Partner,26,,,,,
803438,Africa,Japan,Services,2958818,483088,20%,Q3,14-01-2025,Online,32,,,,,
792370,Africa,UK,iPhone,1612415,98819,30%,Q4,16-05-2023,Apple Store,27,,,,,
721601,Oceania,Germany,iPhone,6982909,443287,30%,Q4,07-01-2021,Offline,23,,,,,
216278,North America,UK,MacBook,1543707,154616,40%,Q1,14-12-2022,Apple Store,46,,,,,
964374,Oceania,Brazil,iPad,5730114,372751,30%,Q2,13-08-2023,Apple Store,37,,,,,
553424,Asia,UK,iPhone,3145657,312077,30%,Q3,18-11-2024,Online,19,,,,,
155037,Asia,Australia,Wearables,3103366,483157,30%,Q4,15-09-2021,E-Commerce,24,,,,,
597823,Europe,France,iPhone,1694205,293926,20%,Q3,30-06-2024,Online,21,,,,,
205645,Europe,China,iPhone,308876,446802,20%,Q4,03-05-2023,Apple Store,18,,,,,
962577,South America,Brazil,MacBook,967143,317820,20%,Q4,24-10-2022,Retail Partner,22,,,,,
343657,Asia,UK,Wearables,920794,419524,20%,Q2,31-12-2021,Apple Store,26,,,,,
477442,North America,China,Services,4772688,340831,20%,Q4,04-06-2022,E-Commerce,34,,,,,
583418,Asia,India,Wearables,802027,415201,20%,Q2,22-05-2023,Online,23,,,,,
337578,North America,Japan,Wearables,6478014,230792,30%,Q2,19-07-2022,Offline,22,,,,,
442280,Africa,France,MacBook,6525413,437337,25%,Q2,19-09-2022,E-Commerce,30,,,,,
729741,North America,China,iPhone,6518658,192315,20%,Q3,14-04-2022,Apple Store,28,,,,,
575702,Europe,France,iPad,8094264,44439,40%,Q4,15-09-2022,Online,27,,,,,
645662,Africa,Germany,iPad,5909164,350501,20%,Q3,16-04-2023,Offline,35,,,,,
756374,Oceania,Japan,iPhone,218831,405583,30%,Q1,14-06-2020,E-Commerce,24,,,,,
483742,South America,Canada,Wearables,3878032,182988,25%,Q2,10-11-2020,Online,29,,,,,
139795,Europe,China,Services,3972499,488273,25%,Q4,08-03-2021,Online,33,,,,,
301711,Asia,Canada,MacBook,201840,215215,30%,Q4,22-07-2023,Apple Store,21,,,,,
142906,Oceania,UK,MacBook,4748964,431766,30%,Q3,20-07-2022,Online,23,,,,,
143417,Europe,USA,Wearables,6725247,79265,30%,Q1,12-07-2022,Online,35,,,,,
935139,North America,India,MacBook,4537157,298325,30%,Q3,23-12-2023,Offline,46,,,,,
596698,North America,Japan,Wearables,9600512,235700,30%,Q2,30-10-2021,E-Commerce,27,,,,,
559269,Europe,Germany,Services,5000690,228402,30%,Q1,23-02-2023,Offline,47,,,,,
985869,Africa,Japan,iPad,5625563,330476,25%,Q4,16-07-2023,Offline,29,,,,,
656834,Africa,Canada,Services,6023587,447526,40%,Q4,28-12-2024,Offline,50,,,,,
679171,North America,Canada,iPad,8189585,489336,20%,Q2,09-04-2023,Offline,27,,,,,
115045,North America,Germany,Services,85598,336756,35%,Q1,22-10-2023,Apple Store,42,,,,,
427090,Oceania,France,Services,7782129,64095,30%,Q4,08-01-2021,Online,27,,,,,
528595,Oceania,USA,Wearables,7860238,424119,35%,Q3,10-12-2024,Apple Store,21,,,,,
808262,Africa,UK,MacBook,2356827,192094,40%,Q4,19-02-2023,Online,18,,,,,
385492,North America,USA,Services,2829345,346879,25%,Q3,17-02-2021,Apple Store,27,,,,,
578759,Asia,Germany,iPad,8848559,65358,40%,Q4,11-10-2024,Offline,38,,,,,
392982,Asia,France,iPad,8730416,348009,30%,Q4,21-11-2024,Offline,34,,,,,
213037,North America,Brazil,iPhone,7628757,250644,40%,Q4,26-02-2024,E-Commerce,26,,,,,
962567,Oceania,France,iPhone,2687561,243513,30%,Q1,19-03-2021,Retail Partner,28,,,,,
685664,Asia,Germany,iPad,1390281,80351,40%,Q3,29-12-2022,Apple Store,45,,,,,
727318,Africa,Australia,iPad,3336175,337286,30%,Q4,14-06-2022,E-Commerce,25,,,,,
244536,North America,China,Services,5556177,300860,20%,Q1,01-07-2022,Retail Partner,40,,,,,
667374,North America,Germany,Services,3956447,460231,40%,Q1,21-03-2021,Retail Partner,48,,,,,
967788,Asia,China,MacBook,1772203,347099,40%,Q1,20-10-2023,Apple Store,36,,,,,
372518,Oceania,Australia,iPad,7482434,183889,25%,Q4,12-10-2023,Offline,30,,,,,
612415,North America,UK,Services,5361032,412348,20%,Q2,11-02-2022,Offline,34,,,,,
619951,Oceania,Australia,iPad,8703708,131681,40%,Q1,04-11-2020,Online,27,,,,,
822683,North America,Brazil,iPhone,6289849,474576,30%,Q4,03-05-2020,E-Commerce,20,,,,,
376245,Africa,Brazil,MacBook,30197,461313,40%,Q2,08-05-2020,Offline,38,,,,,
463588,North America,India,MacBook,16687,461650,25%,Q1,08-02-2021,Online,33,,,,,
605790,North America,Australia,MacBook,7652992,13584,30%,Q4,22-07-2023,Offline,40,,,,,
795196,Europe,China,iPhone,5563568,494023,30%,Q4,09-11-2020,E-Commerce,31,,,,,
318674,Oceania,Brazil,iPad,7197727,274530,40%,Q1,23-07-2021,Retail Partner,33,,,,,
794229,North America,France,iPhone,6149346,233294,20%,Q2,12-02-2022,Online,24,,,,,
240892,Africa,France,iPad,3749719,348962,30%,Q2,20-01-2024,Retail Partner,29,,,,,
736253,Oceania,UK,iPhone,8474241,334587,30%,Q1,12-11-2023,E-Commerce,28,,,,,
336183,South America,Canada,Wearables,4523023,420122,35%,Q3,23-10-2022,Retail Partner,18,,,,,
352973,North America,France,iPhone,6797894,489999,20%,Q4,21-08-2021,Apple Store,27,,,,,
939051,North America,Australia,iPad,7770912,131713,40%,Q1,05-06-2020,Apple Store,30,,,,,
679932,Asia,Japan,iPad,8282953,66786,30%,Q4,10-11-2024,Apple Store,29,,,,,
553425,North America,Germany,iPad,8981447,118236,30%,Q1,15-06-2022,Offline,42,,,,,
439046,Oceania,Canada,iPad,1608584,95170,40%,Q2,09-02-2023,Online,31,,,,,
877643,Africa,USA,iPhone,2927734,339828,30%,Q4,27-10-2022,Offline,33,,,,,
906883,Asia,Australia,iPhone,2305660,69081,40%,Q2,28-12-2022,E-Commerce,29,,,,,
227365,North America,USA,MacBook,1052402,233752,20%,Q4,18-05-2023,E-Commerce,28,,,,,
747682,North America,Australia,MacBook,2857534,430779,35%,Q1,13-01-2022,Offline,34,,,,,
700044,North America,UK,iPhone,8493964,5130,25%,Q4,01-12-2021,Apple Store,32,,,,,
368094,Asia,Canada,MacBook,3159661,265083,40%,Q4,17-09-2024,Apple Store,44,,,,,
947081,South America,Brazil,MacBook,5301671,495243,25%,Q4,29-04-2023,E-Commerce,23,,,,,
542470,North America,Australia,Services,8987163,136839,30%,Q4,09-09-2020,Apple Store,35,,,,,
319474,Oceania,India,iPhone,8014373,195319,40%,Q1,23-08-2020,Apple Store,33,,,,,
626765,Europe,France,Wearables,4016911,290928,25%,Q1,17-09-2022,Offline,42,,,,,
515977,North America,Brazil,iPhone,506641,342069,40%,Q3,23-11-2022,E-Commerce,27,,,,,
985259,North America,Canada,Wearables,9355344,65840,25%,Q3,06-03-2020,Apple Store,33,,,,,
564329,South America,Brazil,MacBook,820062,43229,40%,Q2,20-12-2023,Apple Store,49,,,,,
655850,Africa,USA,Wearables,7927372,320229,30%,Q1,07-10-2023,Apple Store,28,,,,,
670015,Asia,UK,iPhone,788987,460116,35%,Q2,06-09-2022,Apple Store,28,,,,,
126446,South America,India,iPad,5488765,214935,30%,Q3,10-09-2022,E-Commerce,34,,,,,
600582,North America,UK,iPhone,7092140,225671,30%,Q1,18-05-2024,Offline,19,,,,,
107623,North America,Canada,MacBook,6812950,253596,20%,Q4,04-10-2020,Apple Store,35,,,,,
921602,Asia,India,MacBook,7280112,95242,30%,Q2,19-12-2020,Retail Partner,21,,,,,
998270,North America,Australia,iPhone,9610123,235380,30%,Q4,29-05-2023,Retail Partner,34,,,,,
743357,Asia,Brazil,iPhone,1790443,244474,40%,Q3,13-12-2023,Online,19,,,,,
849479,Oceania,France,iPhone,8113949,331314,40%,Q2,08-08-2021,Online,19,,,,,
389117,Oceania,France,iPad,1615981,165930,30%,Q4,03-10-2021,Online,32,,,,,
660485,North America,Japan,Wearables,1559134,396425,30%,Q3,10-01-2022,Retail Partner,39,,,,,
229297,North America,Brazil,iPad,7887117,36594,20%,Q4,05-10-2022,Retail Partner,39,,,,,
519857,Europe,Germany,Wearables,8564451,420242,20%,Q4,03-10-2021,Online,33,,,,,
205255,Africa,Japan,iPad,543036,463489,40%,Q2,13-10-2020,Online,34,,,,,
893484,North America,Germany,iPhone,2391235,182513,30%,Q3,26-06-2023,Retail Partner,30,,,,,
457754,North America,Australia,MacBook,6305748,288358,35%,Q3,15-01-2021,E-Commerce,33,,,,,
211966,Asia,France,Wearables,2623665,469154,30%,Q2,05-04-2023,Retail Partner,25,,,,,
593019,Africa,Australia,Services,7774614,391701,35%,Q1,15-09-2023,Online,28,,,,,
266391,North America,Japan,Wearables,3000508,149661,20%,Q3,15-06-2021,Offline,23,,,,,
828306,Europe,USA,Wearables,2353077,207441,40%,Q3,12-11-2022,Retail Partner,30,,,,,
562399,Asia,Japan,Wearables,8732408,221320,40%,Q2,10-07-2022,Retail Partner,33,,,,,
906337,Oceania,Germany,iPad,5079903,295355,35%,Q3,18-01-2022,Retail Partner,38,,,,,
945595,Europe,Japan,Wearables,3632936,430089,40%,Q1,18-09-2020,Online,32,,,,,
138074,South America,India,Services,9372455,37080,20%,Q2,09-01-2024,E-Commerce,33,,,,,
354158,Africa,Canada,iPhone,4882443,208890,40%,Q4,30-04-2020,Retail Partner,31,,,,,
295666,South America,Australia,iPhone,2410220,181292,40%,Q3,05-10-2022,Online,22,,,,,
165973,Asia,Japan,Wearables,6782400,304152,30%,Q4,02-10-2024,Offline,40,,,,,
571151,South America,India,Services,9964783,82867,20%,Q4,07-04-2021,Apple Store,29,,,,,
864222,North America,USA,MacBook,8932115,307248,20%,Q4,08-01-2025,Online,30,,,,,
906300,Oceania,USA,Services,9759113,178823,30%,Q3,24-02-2022,Retail Partner,40,,,,,
589899,North America,France,MacBook,8448932,126013,20%,Q2,24-05-2022,Online,27,,,,,
687721,Asia,Canada,Services,4743606,278237,30%,Q1,12-09-2021,Retail Partner,46,,,,,
397765,North America,USA,iPhone,926629,430408,30%,Q3,04-11-2022,Apple Store,33,,,,,
161788,Asia,Canada,MacBook,8205149,146344,20%,Q3,12-06-2022,E-Commerce,19,,,,,
511083,South America,Australia,iPad,3606057,231688,35%,Q1,16-02-2024,Online,31,,,,,
453723,South America,USA,iPad,2008662,166710,30%,Q4,22-08-2022,Offline,43,,,,,
930433,North America,Japan,MacBook,3862081,152115,25%,Q4,28-02-2022,Retail Partner,26,,,,,
470697,North America,USA,iPad,9830949,20703,40%,Q4,03-05-2022,Retail Partner,42,,,,,
950829,Asia,UK,MacBook,2918459,300995,30%,Q2,02-04-2024,E-Commerce,19,,,,,
360087,Asia,USA,Wearables,5016116,468199,30%,Q2,14-12-2022,E-Commerce,26,,,,,
971393,Africa,USA,Services,4454210,126481,35%,Q4,05-10-2022,Apple Store,34,,,,,
658737,Asia,Canada,iPad,4340828,448846,35%,Q2,07-07-2024,Offline,38,,,,,
848966,North America,Japan,Wearables,2767227,326880,20%,Q1,29-12-2022,Apple Store,21,,,,,
983763,Oceania,France,MacBook,4461746,430437,30%,Q1,08-12-2024,Offline,26,,,,,
870670,South America,Japan,Wearables,4051378,370218,20%,Q1,25-02-2023,Apple Store,26,,,,,
785755,South America,Brazil,iPhone,5120393,101430,30%,Q3,07-08-2022,Online,20,,,,,
282810,North America,India,Services,3101234,270653,20%,Q1,21-01-2024,Retail Partner,46,,,,,
975924,Africa,Germany,Services,5611691,394779,20%,Q2,12-08-2020,Apple Store,50,,,,,
640328,Oceania,India,Wearables,1765232,222327,40%,Q1,04-08-2020,Retail Partner,25,,,,,
501903,Asia,France,Services,8021235,268267,20%,Q4,09-03-2024,E-Commerce,34,,,,,
810618,North America,Japan,iPad,7271639,493432,20%,Q1,17-07-2024,Apple Store,39,,,,,
346038,South America,India,Wearables,9858741,371212,20%,Q1,26-09-2022,Offline,34,,,,,
126141,Asia,China,Wearables,2106594,378795,25%,Q4,02-05-2024,Online,24,,,,,
530210,North America,Japan,iPad,368413,392234,20%,Q3,25-02-2022,Online,30,,,,,
301395,Africa,France,iPad,8517288,158243,30%,Q3,23-02-2022,E-Commerce,35,,,,,
771645,Asia,Canada,iPhone,8245833,273372,20%,Q4,27-07-2021,E-Commerce,25,,,,,
290141,Europe,France,Services,152125,206850,30%,Q4,11-03-2023,Retail Partner,28,,,,,
122362,Africa,Australia,iPad,3676062,60166,20%,Q1,12-03-2021,Online,27,,,,,
238943,South America,Canada,Wearables,1937354,260145,20%,Q4,10-03-2024,Retail Partner,28,,,,,
773930,Europe,USA,Wearables,8529226,184291,35%,Q2,26-12-2021,Offline,39,,,,,
566316,Oceania,Japan,iPhone,8296664,281413,25%,Q1,20-02-2021,Offline,34,,,,,
995418,Asia,Canada,Wearables,5608614,428349,20%,Q4,05-07-2023,Retail Partner,45,,,,,
907977,North America,UK,Wearables,969082,244242,35%,Q1,25-04-2023,Retail Partner,29,,,,,
879490,South America,Australia,Services,5987650,314903,20%,Q1,12-04-2024,Retail Partner,32,,,,,
539085,South America,UK,Wearables,2915107,487587,20%,Q2,30-05-2023,Offline,23,,,,,
629722,Europe,Canada,iPhone,7869611,409281,30%,Q4,19-02-2022,E-Commerce,22,,,,,
778839,North America,UK,iPad,5097793,496934,35%,Q2,16-12-2024,Retail Partner,27,,,,,
303607,North America,USA,Services,146939,369293,30%,Q1,28-03-2020,Online,27,,,,,
674413,North America,Canada,Services,6831488,482686,30%,Q3,20-04-2024,E-Commerce,33,,,,,
173629,Oceania,USA,iPhone,8930586,494829,30%,Q2,28-03-2022,Retail Partner,20,,,,,
423385,Europe,China,MacBook,4645055,240329,20%,Q1,16-10-2021,Offline,49,,,,,
306724,North America,USA,Services,9230934,199431,30%,Q1,10-07-2022,E-Commerce,28,,,,,
852021,South America,Brazil,MacBook,1090315,348243,20%,Q2,22-02-2022,Apple Store,29,,,,,
692490,North America,China,iPhone,4816755,132214,35%,Q2,13-04-2020,Apple Store,24,,,,,
586211,Asia,Japan,iPad,9000520,271437,20%,Q4,28-03-2022,Apple Store,39,,,,,
215163,North America,Brazil,Wearables,4147796,295124,40%,Q4,27-08-2023,Online,18,,,,,
876284,Asia,USA,Wearables,583394,399623,35%,Q4,09-08-2021,Offline,20,,,,,
128365,North America,Brazil,Wearables,9568002,381547,25%,Q1,31-10-2021,Offline,26,,,,,
778321,North America,India,MacBook,8784999,268343,30%,Q2,04-02-2022,Apple Store,35,,,,,
608340,Oceania,USA,Services,42847,425097,40%,Q2,04-01-2023,Online,35,,,,,
171530,North America,France,Services,2893062,246581,30%,Q3,20-02-2020,Apple Store,36,,,,,
866832,South America,Australia,MacBook,2570024,130131,25%,Q3,17-03-2023,Offline,42,,,,,
795225,Africa,France,iPad,7134819,1881,40%,Q3,06-07-2024,Retail Partner,45,,,,,
571518,Asia,USA,iPad,3361643,362208,30%,Q1,05-03-2023,E-Commerce,33,,,,,
793344,North America,France,MacBook,1256098,492618,30%,Q1,02-11-2021,Online,27,,,,,
646472,North America,China,iPhone,6041986,229261,35%,Q4,11-09-2024,Retail Partner,25,,,,,
834883,Oceania,UK,iPad,3258324,106313,40%,Q2,25-02-2020,Offline,36,,,,,
125445,Europe,Canada,MacBook,9318819,47073,40%,Q4,28-01-2024,E-Commerce,20,,,,,
739650,Oceania,China,Services,2910183,37931,40%,Q2,20-01-2023,E-Commerce,26,,,,,
343120,Africa,India,Wearables,1560685,290310,40%,Q1,30-12-2022,Online,20,,,,,
609725,North America,USA,Services,7396125,206151,25%,Q4,15-09-2024,Online,27,,,,,
154800,South America,Brazil,iPhone,5142173,1375,40%,Q1,08-01-2023,E-Commerce,27,,,,,
798308,Oceania,India,Services,9791029,389913,40%,Q4,28-10-2024,Offline,26,,,,,
199854,Europe,India,Services,6250948,478299,30%,Q4,06-07-2022,E-Commerce,31,,,,,
425310,North America,Japan,MacBook,5487191,293592,20%,Q1,23-04-2022,Retail Partner,43,,,,,
690114,North America,India,iPhone,8493869,333663,30%,Q2,21-05-2021,Retail Partner,29,,,,,
342129,Africa,Germany,iPhone,2054406,268152,35%,Q2,10-12-2022,Online,27,,,,,
124125,Europe,India,MacBook,9313191,277931,20%,Q3,03-08-2021,Retail Partner,27,,,,,
905395,Europe,Japan,Wearables,2647119,56546,20%,Q2,26-02-2021,Online,23,,,,,
536130,North America,China,iPhone,705823,297499,35%,Q1,11-04-2024,Retail Partner,23,,,,,
729448,North America,China,MacBook,896776,143862,30%,Q2,07-10-2024,Online,32,,,,,
557699,North America,China,MacBook,572830,381181,35%,Q2,20-05-2020,Apple Store,27,,,,,
253749,Oceania,Canada,Services,198885,72017,20%,Q3,31-10-2021,Retail Partner,50,,,,,
280563,Oceania,Germany,MacBook,14232,493303,30%,Q2,05-01-2024,Retail Partner,27,,,,,
711271,South America,India,MacBook,8695638,151580,35%,Q3,03-07-2023,Apple Store,19,,,,,
235036,Asia,China,Services,8357802,38776,35%,Q1,24-03-2020,E-Commerce,25,,,,,
733991,South America,Germany,iPad,5495407,432672,40%,Q4,23-05-2020,Retail Partner,38,,,,,
255405,Europe,USA,MacBook,1439708,371609,30%,Q1,27-11-2023,Retail Partner,28,,,,,
701679,Oceania,USA,iPad,7347952,341419,40%,Q1,29-09-2022,E-Commerce,30,,,,,
175068,South America,USA,Wearables,5587902,83843,40%,Q4,27-07-2022,Retail Partner,43,,,,,
498616,Oceania,Germany,Services,7379109,100597,20%,Q1,21-02-2021,Retail Partner,48,,,,,
683631,Africa,France,MacBook,9571682,292024,40%,Q3,07-06-2024,Apple Store,34,,,,,
144614,Africa,USA,MacBook,3418370,313900,30%,Q3,28-06-2023,E-Commerce,30,,,,,
105884,Asia,USA,Wearables,519008,25014,25%,Q3,01-02-2022,Offline,26,,,,,
989143,North America,France,Wearables,8232053,424770,20%,Q1,14-05-2024,Apple Store,32,,,,,
849118,South America,India,Wearables,1156717,216386,30%,Q1,07-03-2021,Online,35,,,,,
434860,Asia,Brazil,iPhone,7493391,292889,30%,Q3,16-05-2023,E-Commerce,32,,,,,
381127,South America,Brazil,MacBook,2061307,64801,20%,Q2,09-02-2022,Online,30,,,,,
539925,South America,Japan,Services,4093432,447517,20%,Q1,06-08-2023,Apple Store,34,,,,,
619659,Africa,India,iPhone,9990750,228184,25%,Q1,17-08-2020,E-Commerce,18,,,,,
642932,Europe,Germany,Services,3264462,292126,20%,Q4,26-02-2023,E-Commerce,27,,,,,
629126,North America,Canada,Wearables,9505982,153101,25%,Q4,16-04-2020,Offline,31,,,,,
380422,Asia,UK,iPhone,737495,419874,25%,Q2,27-05-2024,Online,22,,,,,
963023,Asia,Australia,Wearables,8779139,26345,40%,Q3,02-01-2022,Offline,24,,,,,
417521,South America,Brazil,iPad,554076,50958,40%,Q4,10-11-2020,Apple Store,27,,,,,
780998,North America,China,iPhone,1347512,191596,30%,Q3,06-10-2020,Retail Partner,30,,,,,
822666,Europe,Brazil,Services,8239540,386365,40%,Q1,09-03-2022,E-Commerce,30,,,,,
434571,Oceania,Australia,MacBook,2650607,308915,30%,Q1,11-02-2022,Apple Store,20,,,,,
850019,North America,USA,iPhone,9496194,291208,30%,Q1,29-04-2023,Offline,27,,,,,
252746,Asia,Australia,iPad,6879404,79309,35%,Q4,18-08-2021,Retail Partner,36,,,,,
453649,Oceania,UK,iPad,9490176,181904,35%,Q1,20-08-2022,Offline,45,,,,,
694706,Oceania,India,iPad,8481139,263664,30%,Q4,31-08-2022,Retail Partner,44,,,,,
226465,Oceania,Canada,MacBook,3394763,405758,20%,Q2,17-02-2020,Apple Store,38,,,,,
636616,Africa,Japan,iPhone,7369511,220819,20%,Q4,23-03-2024,Online,25,,,,,
306791,Oceania,Japan,iPad,6660039,148119,40%,Q2,03-12-2020,Apple Store,44,,,,,
947667,North America,USA,Services,820880,234290,40%,Q3,15-02-2023,Apple Store,37,,,,,
349904,Africa,France,Services,5032788,489907,35%,Q3,08-05-2021,Offline,26,,,,,
670453,Europe,Australia,Wearables,6591881,368680,40%,Q4,12-01-2025,Online,34,,,,,
823652,Africa,Germany,iPhone,4614030,120435,20%,Q2,15-04-2021,Offline,29,,,,,
638553,Africa,Brazil,iPad,6899526,382663,30%,Q4,09-09-2020,Retail Partner,40,,,,,
924012,Oceania,USA,Wearables,1543855,244247,35%,Q3,02-01-2021,Online,18,,,,,
421433,North America,Germany,Wearables,5319367,223043,40%,Q1,07-04-2021,Online,33,,,,,
714208,South America,Brazil,Wearables,2070043,337989,20%,Q1,01-10-2020,Retail Partner,26,,,,,
316751,Europe,Australia,iPhone,7105787,340282,40%,Q3,19-06-2024,Offline,20,,,,,
882550,North America,India,iPad,2011413,82675,20%,Q2,15-08-2021,Apple Store,45,,,,,
595015,Africa,Germany,MacBook,9815646,123670,30%,Q1,23-11-2023,Offline,41,,,,,
442336,Europe,UK,iPad,1832936,360290,20%,Q4,17-08-2023,Retail Partner,38,,,,,
924422,Oceania,UK,MacBook,5443299,290527,20%,Q3,15-03-2020,Retail Partner,24,,,,,
501192,Asia,UK,MacBook,2363383,460521,30%,Q4,15-03-2021,E-Commerce,28,,,,,
237037,North America,USA,MacBook,9599828,308252,40%,Q3,06-12-2024,Online,19,,,,,
414453,Oceania,France,Services,8649398,461422,30%,Q3,13-10-2022,Apple Store,50,,,,,
326644,North America,India,iPad,7311384,302009,30%,Q4,30-07-2021,Online,31,,,,,
604271,South America,India,Services,1984332,332852,35%,Q1,14-09-2024,E-Commerce,29,,,,,
454500,North America,Australia,iPad,8408906,70831,20%,Q3,23-04-2022,Apple Store,36,,,,,
359900,Europe,USA,Wearables,8279197,420855,25%,Q1,24-12-2022,Online,26,,,,,
851214,North America,France,iPad,6621370,404491,20%,Q3,09-11-2021,Offline,44,,,,,
535070,Asia,Germany,MacBook,8560562,374447,25%,Q2,06-04-2024,Offline,24,,,,,
423839,South America,China,Wearables,2799352,415542,20%,Q4,09-12-2024,E-Commerce,18,,,,,
857831,Africa,Canada,MacBook,4563354,327084,40%,Q3,02-01-2021,Apple Store,45,,,,,
264433,Europe,USA,Wearables,4901494,160988,35%,Q3,10-07-2024,Apple Store,41,,,,,
488629,Asia,India,Services,8338501,499373,20%,Q3,12-12-2020,Online,29,,,,,
973277,South America,Australia,Wearables,1441681,417658,40%,Q3,31-03-2024,Online,26,,,,,
966278,North America,Brazil,Wearables,9706699,26817,30%,Q1,01-12-2021,Offline,28,,,,,
465010,North America,Japan,iPhone,5973265,305663,40%,Q1,13-01-2022,Offline,31,,,,,
340975,North America,Japan,Wearables,414853,310260,40%,Q4,05-07-2020,E-Commerce,20,,,,,
405215,Africa,Australia,Services,8666397,1430,20%,Q3,04-03-2022,Retail Partner,28,,,,,
226950,Asia,Japan,Wearables,7048764,199820,20%,Q2,09-03-2023,Apple Store,40,,,,,
860503,Europe,India,Wearables,8904067,5938,20%,Q1,06-10-2023,Offline,18,,,,,
693252,Oceania,China,iPhone,4993750,3227,25%,Q4,29-12-2024,Offline,25,,,,,
779553,Europe,Germany,iPhone,4476143,451381,30%,Q4,03-01-2022,Apple Store,18,,,,,
710055,North America,Japan,MacBook,9045720,398554,25%,Q4,19-08-2022,Online,30,,,,,
466407,Oceania,China,Services,6605230,77111,20%,Q1,22-09-2023,Online,31,,,,,
810852,Africa,India,iPad,809892,57862,35%,Q3,31-07-2021,Online,26,,,,,
674098,Oceania,China,Services,3888029,245294,20%,Q2,17-01-2025,E-Commerce,26,,,,,
748904,North America,France,iPhone,4555148,30054,35%,Q4,24-02-2023,Online,25,,,,,
189870,North America,Germany,iPad,4746557,434268,20%,Q2,19-10-2023,Retail Partner,40,,,,,
801352,Asia,Japan,iPad,945571,67720,30%,Q1,06-05-2023,Offline,29,,,,,
549983,South America,USA,iPad,5374368,270134,30%,Q2,16-10-2022,Retail Partner,44,,,,,
764523,Oceania,China,iPhone,43440,95678,40%,Q4,29-05-2022,Retail Partner,26,,,,,
412884,South America,Japan,Wearables,2658843,195379,30%,Q3,24-04-2024,Offline,38,,,,,
684955,Asia,Brazil,MacBook,7840360,291172,20%,Q3,03-08-2024,Offline,47,,,,,
172520,South America,India,Wearables,5610728,294493,40%,Q2,15-12-2024,Offline,28,,,,,
947288,Oceania,Germany,MacBook,4594103,152348,40%,Q1,14-03-2024,Apple Store,43,,,,,
925156,South America,France,Wearables,3954056,158242,20%,Q4,04-04-2024,E-Commerce,20,,,,,
870844,North America,Australia,Wearables,6835832,72614,35%,Q2,09-04-2022,Offline,45,,,,,
832944,Oceania,India,iPhone,5382188,402458,20%,Q4,12-01-2021,Apple Store,23,,,,,
666985,Oceania,USA,iPhone,3947527,171959,25%,Q1,21-11-2020,Offline,23,,,,,
678358,Asia,Japan,MacBook,7333148,57225,30%,Q4,30-10-2022,Apple Store,42,,,,,
970533,North America,China,Services,9662613,130524,20%,Q1,29-08-2024,Online,25,,,,,
683564,Europe,China,MacBook,4173532,111390,30%,Q4,01-08-2021,E-Commerce,26,,,,,
741952,North America,India,iPhone,6442614,436426,20%,Q1,28-10-2023,E-Commerce,29,,,,,
653716,Europe,USA,MacBook,1975379,218917,30%,Q4,05-04-2021,E-Commerce,27,,,,,
480936,Oceania,China,iPhone,811654,328639,30%,Q3,19-04-2022,Apple Store,22,,,,,
256836,Africa,Germany,iPad,312959,258892,35%,Q2,11-08-2022,Offline,35,,,,,
314412,North America,Australia,Wearables,6561893,353490,20%,Q2,22-02-2023,E-Commerce,26,,,,,
495851,Africa,USA,iPad,2561388,450903,40%,Q1,02-04-2020,Apple Store,42,,,,,
298482,Asia,China,Wearables,7539108,332247,40%,Q4,24-08-2022,E-Commerce,33,,,,,
931298,Europe,UK,iPad,9248735,410580,30%,Q1,15-10-2022,Offline,33,,,,,
596704,Africa,Brazil,MacBook,1635761,172928,30%,Q1,18-02-2020,Apple Store,30,,,,,
935774,Africa,Canada,MacBook,8420375,473952,40%,Q2,05-08-2021,Retail Partner,47,,,,,
685905,Europe,Japan,Services,4832703,483543,30%,Q4,12-09-2023,Retail Partner,27,,,,,
997422,Oceania,UK,iPad,8300886,76621,25%,Q3,04-02-2023,E-Commerce,27,,,,,
969334,North America,Japan,iPhone,9761737,271808,40%,Q1,08-01-2025,E-Commerce,23,,,,,
351572,North America,UK,MacBook,312931,284877,25%,Q2,16-10-2022,Offline,44,,,,,
409126,Europe,Canada,MacBook,2482380,151452,25%,Q1,29-04-2023,Online,25,,,,,
306603,Africa,Germany,iPhone,1304775,68316,20%,Q1,15-06-2021,Offline,22,,,,,
417307,North America,USA,Services,1455994,330324,35%,Q2,31-01-2022,Retail Partner,30,,,,,
308325,Asia,Germany,iPhone,8291110,42890,20%,Q4,16-12-2024,Online,25,,,,,
429262,Oceania,Australia,Services,5071287,91914,20%,Q1,28-02-2022,Retail Partner,48,,,,,
890283,North America,Canada,MacBook,9321118,251455,20%,Q2,19-10-2024,Offline,31,,,,,
445775,Africa,Germany,iPad,9989069,100248,30%,Q2,23-02-2022,Online,26,,,,,
433351,South America,Germany,MacBook,543317,350709,30%,Q1,30-07-2023,Apple Store,32,,,,,
538350,South America,France,iPhone,9353621,418301,20%,Q1,02-07-2022,E-Commerce,28,,,,,
316073,South America,Germany,iPhone,9788197,94976,25%,Q1,19-11-2021,Retail Partner,22,,,,,
978704,North America,China,iPad,7712313,312632,20%,Q2,15-03-2024,Online,34,,,,,
582534,Europe,Japan,iPhone,7442029,132804,30%,Q1,18-06-2022,Apple Store,32,,,,,
130448,North America,Canada,Wearables,1418352,47561,30%,Q4,14-10-2022,Offline,33,,,,,
814562,Africa,USA,Wearables,8762292,477227,30%,Q3,17-10-2021,E-Commerce,18,,,,,
475524,Europe,Australia,iPhone,3282297,215908,35%,Q4,09-12-2020,Retail Partner,19,,,,,
989358,Oceania,USA,Services,7506694,286081,35%,Q3,28-06-2022,Online,31,,,,,
253081,Africa,Japan,iPad,5340730,153742,30%,Q2,15-02-2022,Offline,35,,,,,
840930,Asia,UK,iPad,4333483,317919,20%,Q4,12-05-2024,Apple Store,33,,,,,
432536,North America,China,iPad,8633505,34335,20%,Q2,16-02-2023,Apple Store,29,,,,,
701203,Africa,Canada,iPhone,3320625,453925,40%,Q4,17-08-2022,Offline,21,,,,,
388242,South America,Germany,Services,4464754,377548,30%,Q3,04-07-2021,Apple Store,40,,,,,
774890,South America,Canada,MacBook,9748360,498283,40%,Q1,12-10-2020,Offline,44,,,,,
252049,South America,Japan,Wearables,9946466,200342,40%,Q2,16-02-2022,Online,27,,,,,
758364,Europe,USA,iPhone,1784952,51903,30%,Q4,31-01-2022,Offline,20,,,,,
160538,North America,India,iPad,8489046,430771,30%,Q4,27-08-2023,Offline,25,,,,,
123708,Asia,Canada,Wearables,2574341,108846,40%,Q3,06-06-2023,Apple Store,34,,,,,
720586,Africa,France,MacBook,1354585,303883,25%,Q4,13-09-2022,Retail Partner,36,,,,,
708556,South America,Brazil,iPad,6006515,128164,40%,Q4,08-08-2022,Online,33,,,,,
453483,Asia,Canada,Wearables,9168896,10951,30%,Q1,19-10-2020,Apple Store,28,,,,,
345555,Oceania,Japan,Wearables,9808671,370157,30%,Q4,30-06-2020,Retail Partner,34,,,,,
785692,Asia,China,Services,9125294,50665,35%,Q4,05-06-2024,Online,31,,,,,
566820,North America,Australia,iPad,8470978,164533,25%,Q3,04-08-2022,Online,27,,,,,
799566,Asia,China,MacBook,3486791,435627,20%,Q3,09-10-2020,E-Commerce,25,,,,,
561747,South America,Germany,iPad,1440047,57997,30%,Q4,31-08-2020,Offline,42,,,,,
899632,Oceania,Brazil,iPhone,7761423,300925,40%,Q2,29-09-2023,Online,25,,,,,
873983,Asia,Canada,Services,9777038,25513,30%,Q4,22-06-2021,Apple Store,47,,,,,
316050,North America,China,iPhone,692663,469472,20%,Q3,10-06-2020,Retail Partner,20,,,,,
199716,Asia,Australia,MacBook,1590077,86101,20%,Q3,13-07-2021,E-Commerce,24,,,,,
947812,North America,Japan,Wearables,917022,386192,40%,Q1,15-05-2024,Online,25,,,,,
476762,North America,USA,MacBook,7848670,389597,40%,Q4,17-02-2020,E-Commerce,28,,,,,
896814,South America,India,Wearables,4682069,300550,30%,Q3,07-11-2021,E-Commerce,29,,,,,
922341,South America,China,Services,5216080,436583,30%,Q2,30-03-2023,Online,26,,,,,
721234,Asia,Australia,iPad,7211172,326575,40%,Q4,27-11-2020,E-Commerce,28,,,,,
284391,North America,Germany,Wearables,6112596,43485,20%,Q2,10-05-2023,E-Commerce,32,,,,,
897100,North America,India,iPhone,6314849,415264,40%,Q4,19-06-2023,E-Commerce,25,,,,,
611990,Oceania,USA,Services,3967241,302543,25%,Q3,09-12-2020,Online,27,,,,,
593355,Africa,Japan,iPhone,3547818,235644,30%,Q4,25-04-2021,Apple Store,25,,,,,
331237,North America,India,iPhone,6126247,284952,25%,Q2,02-03-2021,Apple Store,27,,,,,
248754,Africa,France,Services,8577919,61641,25%,Q3,29-11-2022,Online,28,,,,,
350750,South America,Germany,MacBook,4879931,196323,30%,Q1,08-04-2022,E-Commerce,25,,,,,
251675,Oceania,UK,iPad,4115046,223387,30%,Q2,26-11-2021,Apple Store,45,,,,,
249841,Africa,Canada,Services,9087235,364140,25%,Q4,24-06-2021,E-Commerce,33,,,,,
213525,North America,India,Services,6021137,453841,40%,Q3,08-05-2024,Offline,27,,,,,
203996,Asia,France,Services,9105990,89246,30%,Q3,15-03-2023,Offline,38,,,,,
161995,North America,Germany,MacBook,4685579,251493,20%,Q2,23-05-2020,Offline,36,,,,,
869500,North America,Brazil,MacBook,748041,158850,20%,Q2,30-11-2021,Online,26,,,,,
867764,Africa,Australia,MacBook,8316604,81022,20%,Q4,15-10-2024,Retail Partner,43,,,,,
366675,Oceania,Germany,MacBook,1186348,119761,30%,Q3,31-12-2023,Retail Partner,50,,,,,
178567,Asia,USA,Services,7026430,77800,20%,Q3,30-01-2024,E-Commerce,33,,,,,
326181,South America,Germany,iPhone,1486471,343196,35%,Q4,14-09-2023,Offline,24,,,,,
474059,North America,China,iPad,3993842,29843,20%,Q4,11-02-2024,E-Commerce,26,,,,,
586790,Oceania,Canada,iPad,179354,371609,25%,Q2,06-04-2022,Retail Partner,45,,,,,
169892,Africa,China,MacBook,8099512,94551,40%,Q2,28-07-2024,Apple Store,45,,,,,
357545,Europe,Germany,Services,8518046,98799,25%,Q4,02-09-2024,Offline,42,,,,,
898885,North America,UK,Wearables,6932584,209227,30%,Q3,16-11-2022,E-Commerce,34,,,,,
796481,North America,France,Services,1285875,56320,30%,Q2,25-09-2023,Online,29,,,,,
365676,Europe,India,Wearables,2033000,411397,40%,Q2,16-05-2021,Apple Store,19,,,,,
976433,Africa,USA,Wearables,6933116,124714,40%,Q1,14-06-2021,Apple Store,43,,,,,
301709,South America,France,iPad,3914640,37462,20%,Q1,28-11-2022,Offline,28,,,,,
180564,Africa,Australia,Wearables,7928183,193469,35%,Q2,05-12-2022,Retail Partner,44,,,,,
652781,Oceania,USA,Services,6147761,7283,30%,Q1,03-08-2020,Online,32,,,,,
934916,South America,Japan,Services,6532934,414691,35%,Q2,21-02-2020,E-Commerce,35,,,,,
452788,North America,Canada,Services,7376196,244380,20%,Q2,23-08-2020,Offline,27,,,,,
640019,Africa,France,Services,6759174,276066,20%,Q2,13-05-2021,Online,35,,,,,
247831,North America,India,MacBook,3603892,68836,30%,Q3,24-06-2020,Offline,22,,,,,
828376,North America,France,Wearables,166389,425104,20%,Q1,29-07-2020,Apple Store,24,,,,,
841918,North America,Australia,Services,3307822,128360,30%,Q2,16-06-2023,Apple Store,34,,,,,
620186,Oceania,Canada,Services,5722105,86165,20%,Q4,04-08-2020,Apple Store,28,,,,,
926563,Europe,India,MacBook,3589356,199474,30%,Q2,06-09-2021,Offline,48,,,,,
718598,North America,Japan,Wearables,8962899,222991,35%,Q3,17-12-2024,Offline,42,,,,,
147813,South America,India,Wearables,747568,168553,30%,Q3,18-03-2022,Retail Partner,23,,,,,
794437,South America,Brazil,iPad,5273268,330369,40%,Q4,01-03-2020,Retail Partner,37,,,,,
103841,South America,Germany,MacBook,5016848,455128,20%,Q1,14-07-2024,Offline,44,,,,,
889972,North America,India,iPad,6437736,271568,20%,Q4,03-05-2021,Retail Partner,33,,,,,
567047,North America,France,iPad,4221629,61877,40%,Q3,30-05-2024,Apple Store,39,,,,,
123378,South America,Germany,Wearables,5833881,437952,30%,Q3,26-11-2020,Retail Partner,26,,,,,
895685,Asia,Germany,Services,5320025,283626,30%,Q1,08-02-2021,Apple Store,31,,,,,
955165,South America,Australia,MacBook,7473630,173100,35%,Q3,06-05-2021,Retail Partner,46,,,,,
821042,Asia,China,MacBook,9311654,286900,30%,Q2,31-10-2024,E-Commerce,19,,,,,
812248,Oceania,Brazil,MacBook,161955,99094,20%,Q4,18-04-2020,Online,25,,,,,
340896,Africa,UK,Wearables,2770033,135627,30%,Q1,23-10-2023,Retail Partner,20,,,,,
857991,Europe,Brazil,MacBook,8627674,29513,35%,Q1,16-10-2023,Offline,20,,,,,
949079,Africa,Brazil,Wearables,2608518,297971,35%,Q4,06-03-2023,Offline,42,,,,,
916394,North America,France,iPhone,5514292,400101,20%,Q4,28-08-2021,Online,31,,,,,
820613,South America,USA,iPhone,5974701,182875,40%,Q4,06-06-2024,Apple Store,31,,,,,
405622,Oceania,USA,iPad,2825517,253479,20%,Q2,13-09-2023,E-Commerce,29,,,,,
275584,Europe,UK,Wearables,1201987,187025,30%,Q4,15-08-2022,E-Commerce,30,,,,,
468314,North America,USA,MacBook,7488308,445662,30%,Q1,11-05-2020,Online,19,,,,,
897683,Europe,Brazil,iPad,5700960,360590,30%,Q3,23-09-2023,Apple Store,35,,,,,
220333,North America,France,iPhone,978937,376669,25%,Q3,23-01-2021,Retail Partner,20,,,,,
136253,North America,Germany,Wearables,1920660,320762,25%,Q1,18-03-2024,Apple Store,27,,,,,
963655,South America,Brazil,iPhone,3350361,153395,30%,Q4,13-07-2020,Offline,24,,,,,
238378,Oceania,China,iPhone,6515780,112579,30%,Q4,22-05-2020,Online,25,,,,,
281025,North America,Japan,MacBook,8881611,54121,20%,Q4,14-10-2024,Apple Store,30,,,,,
454115,South America,Canada,Wearables,2581421,268767,25%,Q4,09-06-2021,Online,22,,,,,
643651,Europe,USA,iPhone,8754987,280654,25%,Q2,08-10-2020,Offline,21,,,,,
217431,Oceania,Japan,Wearables,2433187,190369,40%,Q4,28-01-2022,E-Commerce,35,,,,,
595062,Oceania,Japan,Wearables,8306419,33088,30%,Q2,03-01-2022,Online,27,,,,,
907306,Asia,France,iPad,3749959,334384,30%,Q4,21-05-2024,Retail Partner,42,,,,,
352213,South America,Canada,iPhone,3129187,473067,40%,Q3,18-08-2023,Online,26,,,,,
315949,North America,Japan,iPad,3166689,189781,20%,Q1,07-10-2023,Offline,45,,,,,
717251,North America,Canada,iPad,7221577,490194,35%,Q1,05-09-2020,Online,32,,,,,
776125,South America,USA,Wearables,2757508,200536,35%,Q1,10-02-2020,Offline,25,,,,,
129416,Europe,France,Services,2972126,192086,25%,Q3,18-09-2021,Online,28,,,,,
775339,Oceania,Japan,MacBook,1188054,464885,35%,Q3,15-11-2023,Online,18,,,,,
257758,Asia,Japan,Wearables,6805226,10588,20%,Q1,15-08-2022,Online,22,,,,,
252424,Asia,India,Wearables,9519433,388202,30%,Q1,26-10-2020,Retail Partner,29,,,,,
298914,Oceania,Canada,iPad,2428126,341541,35%,Q4,15-09-2022,Online,27,,,,,
746593,Europe,UK,Wearables,2457769,252695,30%,Q2,31-03-2020,Online,34,,,,,
465028,Europe,India,Wearables,1495933,74121,20%,Q2,01-06-2023,Apple Store,45,,,,,
255111,Europe,USA,Services,8432206,12002,20%,Q1,03-03-2021,Apple Store,35,,,,,
404025,South America,France,Services,8651436,204998,30%,Q1,13-07-2024,Offline,36,,,,,
589825,North America,Brazil,Wearables,9131442,249027,20%,Q1,22-07-2023,E-Commerce,18,,,,,
950332,South America,Japan,iPhone,7474377,268330,35%,Q1,31-08-2023,E-Commerce,23,,,,,
159961,South America,USA,iPhone,2566568,252150,40%,Q3,30-03-2024,Retail Partner,32,,,,,
735646,Europe,Brazil,iPhone,4712449,393339,40%,Q1,14-01-2022,Offline,33,,,,,
940473,Asia,France,iPad,4335826,113759,40%,Q1,05-04-2022,E-Commerce,29,,,,,
342824,South America,USA,Services,1037600,370653,40%,Q4,05-04-2020,Apple Store,33,,,,,
650044,North America,Brazil,Services,9297144,411696,20%,Q1,03-10-2020,E-Commerce,33,,,,,
404134,Africa,France,iPhone,834969,106756,25%,Q2,10-10-2023,Retail Partner,20,,,,,
729535,Oceania,Germany,Wearables,2176179,436913,40%,Q3,31-03-2024,Retail Partner,35,,,,,
905848,Africa,France,MacBook,1262069,65062,30%,Q2,19-04-2024,Retail Partner,31,,,,,
351865,North America,Australia,Wearables,7002120,189957,40%,Q2,21-06-2021,Apple Store,27,,,,,
397584,North America,France,iPhone,5302974,470775,20%,Q2,06-02-2022,Offline,19,,,,,
611269,Africa,France,iPhone,4907228,111213,20%,Q3,10-12-2020,Offline,24,,,,,
177328,Africa,Japan,MacBook,5827210,143525,40%,Q1,28-09-2023,Retail Partner,26,,,,,
714366,Europe,India,iPad,1472449,470671,35%,Q3,03-04-2024,E-Commerce,34,,,,,
872969,Oceania,India,iPad,9186385,17206,40%,Q3,04-05-2020,E-Commerce,32,,,,,
468367,South America,USA,Wearables,4548613,481350,20%,Q2,15-08-2022,Online,25,,,,,
422077,North America,Germany,Services,7461578,163977,30%,Q1,02-10-2023,Offline,47,,,,,
213965,Africa,Japan,iPad,9307878,96142,35%,Q3,03-04-2021,Offline,30,,,,,
489021,Asia,Canada,Wearables,9474106,135343,25%,Q1,29-03-2024,Apple Store,38,,,,,
606055,Europe,Germany,iPad,4635583,38915,30%,Q2,05-09-2024,Apple Store,28,,,,,
806869,Oceania,Canada,MacBook,7317617,463434,40%,Q1,15-06-2021,Offline,25,,,,,
674814,Europe,Australia,iPad,1946719,22333,30%,Q4,30-03-2022,Online,35,,,,,
457030,North America,USA,MacBook,4593078,407498,40%,Q2,03-12-2021,Retail Partner,45,,,,,
536309,Asia,Brazil,MacBook,2326894,242657,30%,Q4,17-06-2022,Apple Store,18,,,,,
539172,Africa,Brazil,Wearables,7277620,493516,20%,Q4,29-09-2024,E-Commerce,23,,,,,
769831,North America,UK,Wearables,4527418,166439,25%,Q4,24-12-2022,Offline,35,,,,,
707947,Europe,Germany,Wearables,6236172,177937,20%,Q1,08-06-2022,Online,28,,,,,
206173,North America,China,Services,5607680,79358,35%,Q4,20-06-2024,Apple Store,43,,,,,
554805,North America,USA,Services,1039523,277166,30%,Q2,03-03-2023,Offline,40,,,,,
524759,North America,Germany,Services,3438392,310751,40%,Q1,19-12-2020,Offline,44,,,,,
422347,North America,Brazil,MacBook,8929058,330229,20%,Q3,14-08-2023,Offline,31,,,,,
556114,Africa,UK,Wearables,661629,442272,35%,Q1,29-01-2024,Online,34,,,,,
212982,North America,Japan,Wearables,9747161,160537,20%,Q3,04-10-2022,E-Commerce,18,,,,,
130720,North America,France,iPhone,2196651,440166,25%,Q4,04-03-2024,E-Commerce,31,,,,,
519522,Asia,Japan,MacBook,826208,183414,35%,Q3,02-01-2024,Retail Partner,39,,,,,
142302,North America,India,MacBook,8122540,255274,25%,Q1,12-04-2024,Online,34,,,,,
550381,Asia,Canada,Services,964825,199828,20%,Q1,10-11-2023,Apple Store,44,,,,,
860695,North America,Germany,MacBook,4143846,281778,30%,Q3,23-10-2022,Online,33,,,,,
448506,Africa,India,Wearables,8399766,407853,40%,Q4,14-08-2023,E-Commerce,26,,,,,
101533,North America,Japan,MacBook,1573096,20848,20%,Q2,19-10-2024,E-Commerce,35,,,,,
976266,North America,USA,Wearables,7082315,440398,20%,Q4,16-12-2021,E-Commerce,20,,,,,
766221,Europe,Canada,iPhone,2280751,493613,30%,Q1,21-05-2022,Apple Store,33,,,,,
137988,Oceania,China,iPad,2620100,139648,40%,Q3,27-12-2020,Apple Store,33,,,,,
647530,North America,Japan,MacBook,4854474,209598,30%,Q1,20-02-2020,Retail Partner,31,,,,,
133945,North America,USA,Services,3898142,428032,20%,Q1,27-05-2022,Offline,25,,,,,
822133,Oceania,Australia,Wearables,9922373,43491,30%,Q3,31-10-2024,Apple Store,25,,,,,
930806,Africa,Japan,MacBook,2319393,454035,30%,Q1,01-06-2023,E-Commerce,22,,,,,
548876,Asia,China,iPad,3339306,22809,25%,Q1,29-07-2024,Retail Partner,36,,,,,
326733,Africa,Canada,MacBook,9453960,241721,20%,Q1,04-12-2024,Offline,46,,,,,
403594,North America,France,iPhone,3370284,374378,20%,Q2,04-01-2021,E-Commerce,18,,,,,
265662,South America,India,MacBook,1101658,191924,30%,Q3,31-03-2023,Apple Store,32,,,,,
325808,South America,Canada,Wearables,5794805,138343,35%,Q1,03-12-2024,Offline,42,,,,,
194519,Oceania,India,iPhone,1836641,360206,20%,Q3,04-05-2020,Offline,29,,,,,
156585,Europe,Japan,iPhone,461255,78986,40%,Q1,09-03-2023,Retail Partner,27,,,,,
531957,Africa,USA,iPhone,6526437,76672,40%,Q2,30-08-2022,Offline,34,,,,,
872217,North America,Brazil,Wearables,5939283,106509,40%,Q3,01-11-2021,Offline,31,,,,,
991228,Asia,India,Wearables,6297487,192165,30%,Q1,29-11-2024,Offline,32,,,,,
759748,Africa,Australia,Services,9172760,87448,25%,Q4,24-11-2020,Offline,42,,,,,
775086,Europe,India,Wearables,6416376,96669,25%,Q1,18-09-2020,Online,22,,,,,
591614,Oceania,USA,Services,3978796,24035,40%,Q3,21-04-2022,Retail Partner,43,,,,,
616770,North America,USA,MacBook,6293092,137240,40%,Q1,17-03-2021,Offline,20,,,,,
728491,Asia,Australia,iPhone,5695469,418223,30%,Q4,02-08-2020,Apple Store,34,,,,,
663826,North America,USA,Services,5342517,443630,30%,Q4,18-06-2022,Apple Store,38,,,,,
320904,Europe,Japan,iPad,1262821,198898,30%,Q1,04-05-2020,Apple Store,32,,,,,
197996,South America,Australia,MacBook,8357706,6809,35%,Q3,02-06-2024,Online,35,,,,,
679312,North America,Germany,Services,7653712,42096,30%,Q4,21-06-2020,E-Commerce,25,,,,,
526150,Oceania,Australia,iPad,4948499,285526,25%,Q2,21-07-2020,Offline,33,,,,,
748622,North America,India,Services,1090868,73309,40%,Q2,18-11-2021,Online,34,,,,,
539710,South America,USA,iPad,5602084,29332,25%,Q4,13-08-2021,Online,30,,,,,
181183,South America,Germany,iPad,7841936,71578,30%,Q3,30-03-2021,Offline,35,,,,,
202498,Asia,Brazil,Wearables,2243402,102823,20%,Q1,15-08-2024,Online,25,,,,,
914960,Oceania,France,MacBook,168366,334535,40%,Q4,22-11-2022,Online,31,,,,,
414344,North America,India,Wearables,373949,110914,35%,Q3,31-03-2022,Offline,30,,,,,
656251,Europe,Australia,iPad,3225215,421853,25%,Q2,03-12-2023,Retail Partner,33,,,,,
833053,Africa,China,Wearables,6703813,178503,30%,Q3,15-08-2024,Online,21,,,,,
745764,North America,USA,iPhone,9525531,445882,40%,Q1,28-08-2023,Offline,19,,,,,
242791,Oceania,Japan,MacBook,9318963,216730,30%,Q1,26-07-2024,E-Commerce,23,,,,,
505296,Asia,India,Wearables,1899199,202256,20%,Q3,26-01-2021,Offline,35,,,,,
881608,North America,UK,iPhone,1833989,416473,35%,Q3,13-10-2023,Apple Store,33,,,,,
307665,Africa,China,iPhone,8246551,170190,30%,Q2,20-05-2021,E-Commerce,22,,,,,
628580,Africa,UK,Wearables,5168952,51238,20%,Q1,14-05-2024,Retail Partner,32,,,,,
383538,North America,USA,iPad,1477315,423072,20%,Q3,09-07-2020,Online,26,,,,,
237290,North America,Canada,iPad,9352961,465731,20%,Q2,13-10-2022,Retail Partner,31,,,,,
224121,North America,France,Wearables,8797827,350830,40%,Q1,03-12-2023,Retail Partner,36,,,,,
505375,North America,UK,MacBook,52791,426189,25%,Q4,26-12-2023,Offline,43,,,,,
162500,South America,India,MacBook,7363266,196318,20%,Q2,22-06-2024,E-Commerce,26,,,,,
347507,Africa,UK,Wearables,4502954,343116,25%,Q4,27-01-2021,E-Commerce,31,,,,,
615904,Europe,Germany,iPad,2095409,259224,30%,Q2,20-04-2023,Apple Store,29,,,,,
133722,Africa,China,iPhone,6346132,35388,40%,Q4,05-09-2020,Retail Partner,23,,,,,
996394,Europe,France,MacBook,5551749,115567,35%,Q2,04-05-2020,Retail Partner,49,,,,,
473782,Asia,USA,iPad,4628031,307834,40%,Q3,30-04-2024,Apple Store,45,,,,,
165942,Oceania,Australia,Services,512737,381684,30%,Q2,21-03-2024,Retail Partner,33,,,,,
594467,Europe,Australia,MacBook,4880724,400421,20%,Q4,13-06-2024,Retail Partner,19,,,,,
421667,South America,India,iPad,5823762,273661,25%,Q1,12-04-2020,Apple Store,32,,,,,
729682,South America,Japan,Wearables,259166,22452,25%,Q1,20-05-2023,Apple Store,43,,,,,
869403,Europe,Brazil,Wearables,9396772,337209,30%,Q3,01-05-2024,Apple Store,20,,,,,
613103,Europe,Australia,iPhone,4658942,329290,20%,Q1,30-09-2021,Online,28,,,,,
706710,Asia,Germany,iPhone,9802911,330047,35%,Q2,13-10-2024,Apple Store,27,,,,,
599468,Europe,France,iPad,2974924,137605,35%,Q4,31-03-2020,Retail Partner,45,,,,,
310859,Africa,Canada,MacBook,83005,196186,35%,Q2,19-08-2023,Apple Store,42,,,,,
607985,Asia,Australia,Wearables,5929240,100332,25%,Q3,01-02-2021,Apple Store,33,,,,,
201770,Oceania,Brazil,Wearables,8614019,104945,35%,Q3,20-07-2023,Retail Partner,35,,,,,
516343,Africa,UK,iPad,3877005,74570,40%,Q2,05-08-2024,Retail Partner,26,,,,,
140798,North America,Japan,Services,3909400,100616,35%,Q1,21-07-2024,Apple Store,50,,,,,
125730,Africa,France,iPad,6586410,331560,20%,Q2,08-07-2022,Apple Store,30,,,,,
721286,South America,USA,Services,5649439,8472,35%,Q1,29-06-2022,Offline,46,,,,,
806447,Asia,Japan,Wearables,5684871,494525,40%,Q2,03-05-2023,Offline,30,,,,,
491958,North America,India,iPad,4781114,439891,30%,Q4,20-05-2023,Retail Partner,38,,,,,
950729,South America,USA,iPad,6422469,172594,20%,Q4,11-03-2023,Apple Store,36,,,,,
552178,North America,China,Wearables,2747177,208557,30%,Q3,24-02-2021,Online,31,,,,,
629997,North America,Canada,MacBook,4831155,131585,40%,Q1,15-06-2022,Offline,19,,,,,
340380,Europe,UK,Services,2085723,81432,35%,Q3,19-12-2020,Online,34,,,,,
729881,North America,Germany,MacBook,3352119,483074,20%,Q4,25-08-2023,E-Commerce,25,,,,,
673110,Asia,USA,MacBook,7643429,55857,20%,Q3,08-02-2020,E-Commerce,23,,,,,
720494,Oceania,Australia,iPad,256254,98935,40%,Q1,27-09-2022,Online,30,,,,,
436997,Africa,Brazil,MacBook,8846104,239439,35%,Q3,30-11-2021,Offline,42,,,,,
497989,Africa,Brazil,Wearables,2841721,165095,25%,Q2,14-07-2020,Retail Partner,39,,,,,
780786,South America,Germany,iPad,8420504,219950,30%,Q4,02-06-2023,Apple Store,40,,,,,
393278,Oceania,USA,iPhone,4176115,184054,30%,Q1,25-06-2024,E-Commerce,28,,,,,
158088,Oceania,USA,MacBook,7997275,254108,30%,Q4,27-02-2023,Retail Partner,23,,,,,
671662,North America,USA,iPhone,1953126,368603,25%,Q1,09-05-2022,Online,22,,,,,
180819,Asia,Germany,Wearables,6264576,81582,35%,Q3,15-08-2022,E-Commerce,27,,,,,
443669,Africa,Germany,iPad,2246146,80039,25%,Q2,07-01-2023,Offline,37,,,,,
332208,Europe,India,iPhone,5882582,89885,35%,Q1,21-03-2021,Offline,20,,,,,
715907,Oceania,Australia,Services,1168619,178721,40%,Q3,02-12-2024,Retail Partner,25,,,,,
827501,South America,USA,iPhone,8464251,191000,25%,Q1,10-02-2022,E-Commerce,26,,,,,
394049,North America,India,MacBook,2533401,320707,30%,Q1,22-06-2023,Apple Store,48,,,,,
735557,North America,India,MacBook,5088376,242210,35%,Q2,16-11-2022,E-Commerce,27,,,,,
996173,North America,Australia,MacBook,3281827,237500,35%,Q1,07-09-2021,E-Commerce,29,,,,,
547047,Africa,Brazil,Services,2020872,264014,20%,Q2,31-12-2023,Retail Partner,35,,,,,
302910,Africa,France,Wearables,9435409,105332,20%,Q3,06-04-2021,E-Commerce,20,,,,,
911727,Africa,France,Services,4608097,289413,30%,Q4,17-03-2021,Apple Store,29,,,,,
912912,South America,Brazil,Services,202528,176883,20%,Q2,16-07-2022,Online,27,,,,,
505759,South America,UK,Services,2854186,493030,30%,Q1,01-10-2023,Online,26,,,,,
772850,North America,USA,iPhone,7056318,403936,20%,Q1,14-06-2021,Apple Store,31,,,,,
197132,North America,Australia,Wearables,8969146,250949,20%,Q4,11-08-2022,Offline,18,,,,,
692849,Oceania,Japan,Wearables,3662771,42096,40%,Q2,26-05-2023,Online,28,,,,,
196186,North America,UK,Services,292677,473124,25%,Q1,31-12-2024,Offline,50,,,,,
425999,North America,Canada,iPhone,6752359,324781,30%,Q2,31-12-2024,Retail Partner,28,,,,,
369600,Europe,Canada,iPad,6538173,87186,40%,Q4,20-04-2022,Retail Partner,30,,,,,
395784,Oceania,India,iPhone,3773939,108325,25%,Q4,02-02-2022,Retail Partner,26,,,,,
749859,Europe,China,Services,3056266,164862,30%,Q3,15-05-2023,Offline,32,,,,,
251431,Oceania,Canada,MacBook,750851,187267,25%,Q4,02-06-2024,E-Commerce,26,,,,,
815863,North America,China,Services,7052951,211731,30%,Q3,19-07-2021,Online,35,,,,,
251038,Oceania,Australia,Services,274510,200218,40%,Q3,03-04-2020,Online,32,,,,,
354385,North America,Japan,iPhone,2901455,108410,25%,Q2,12-12-2023,Apple Store,32,,,,,
258933,Africa,UK,MacBook,4263794,388392,35%,Q3,18-11-2020,Apple Store,45,,,,,
557905,Africa,Canada,MacBook,887368,422522,30%,Q1,06-01-2021,Offline,23,,,,,
914279,Asia,Australia,MacBook,7348055,341470,20%,Q4,05-08-2021,Online,20,,,,,
187199,Oceania,Brazil,MacBook,9704599,90681,25%,Q4,24-02-2024,Apple Store,20,,,,,
817022,Africa,France,Wearables,1290388,344211,35%,Q4,24-12-2020,Online,25,,,,,
838626,Asia,Australia,Wearables,2169131,117920,20%,Q2,10-11-2021,Apple Store,34,,,,,
258997,Oceania,USA,iPad,8231627,310647,25%,Q1,27-08-2021,Online,30,,,,,
126518,Africa,Brazil,iPad,4428625,490454,40%,Q3,21-01-2021,Offline,27,,,,,
195706,Asia,UK,iPhone,3560423,414529,40%,Q2,10-02-2022,Offline,28,,,,,
625277,South America,Germany,MacBook,8508936,409676,30%,Q3,05-08-2024,E-Commerce,23,,,,,
106452,Africa,Brazil,Wearables,198100,393640,25%,Q3,25-04-2022,Retail Partner,34,,,,,
929730,Europe,Germany,iPad,5804252,389059,35%,Q4,21-11-2023,Apple Store,33,,,,,
135943,Oceania,France,Wearables,9820053,442305,40%,Q4,03-01-2022,Offline,43,,,,,
858720,North America,Canada,iPhone,6583827,72831,25%,Q1,29-01-2021,Retail Partner,27,,,,,
618433,North America,France,Wearables,4196873,104776,30%,Q1,22-12-2023,Apple Store,43,,,,,
447488,South America,Brazil,iPhone,8695529,97506,35%,Q3,17-02-2023,Offline,27,,,,,
952988,South America,USA,Wearables,3109421,97418,40%,Q2,13-06-2022,Apple Store,42,,,,,
417833,Asia,Germany,iPhone,2666907,342184,30%,Q4,13-11-2023,Retail Partner,26,,,,,
612595,North America,UK,iPhone,5590266,302567,20%,Q4,12-02-2021,E-Commerce,21,,,,,
509216,Europe,Germany,iPad,7941592,193675,40%,Q4,04-03-2020,E-Commerce,33,,,,,
347554,Africa,Brazil,Services,8342766,113031,30%,Q4,14-11-2022,Retail Partner,31,,,,,
797624,Asia,Australia,Services,7109349,407135,20%,Q4,28-08-2020,Apple Store,41,,,,,
664934,Africa,Canada,MacBook,398552,222079,40%,Q1,03-04-2020,Offline,37,,,,,
955883,Europe,China,Wearables,4746283,292222,30%,Q1,20-10-2023,Offline,23,,,,,
793081,North America,Japan,MacBook,5005013,122605,25%,Q4,01-05-2021,Offline,39,,,,,
210511,South America,Germany,MacBook,6970851,204819,40%,Q4,07-11-2021,Retail Partner,19,,,,,
774636,Africa,USA,MacBook,9545688,403203,30%,Q2,12-03-2020,Offline,40,,,,,
728449,North America,China,Services,5891463,104045,30%,Q4,05-09-2023,Retail Partner,26,,,,,
252465,North America,India,Services,5240790,445341,30%,Q3,01-09-2022,Apple Store,46,,,,,
489984,North America,UK,MacBook,203990,347175,20%,Q1,16-10-2024,E-Commerce,23,,,,,
826062,North America,Germany,iPad,5835134,249118,20%,Q4,14-09-2023,Online,27,,,,,
740228,Asia,Japan,Services,6210394,372614,20%,Q3,01-02-2024,Online,27,,,,,
680337,Africa,Australia,MacBook,5623216,15611,40%,Q2,03-12-2020,Retail Partner,21,,,,,
131448,Europe,USA,Wearables,9867396,411575,30%,Q4,05-12-2021,Retail Partner,25,,,,,
884342,Europe,UK,iPad,5918063,253538,30%,Q2,30-05-2020,Offline,25,,,,,
351710,Asia,India,iPhone,3807604,386186,25%,Q4,09-12-2022,Retail Partner,22,,,,,
347609,Asia,UK,iPhone,3790153,471330,40%,Q4,16-10-2021,Online,32,,,,,
548360,Oceania,India,iPhone,3124287,270166,30%,Q1,09-11-2023,E-Commerce,19,,,,,
163456,Asia,France,Wearables,9625221,379317,30%,Q1,26-05-2022,Online,21,,,,,
121221,Africa,Germany,MacBook,3134595,291137,20%,Q4,20-02-2022,E-Commerce,35,,,,,
954349,South America,Australia,Wearables,9036683,103996,30%,Q4,29-02-2024,Offline,23,,,,,
191024,North America,China,Services,9409864,67652,25%,Q4,13-08-2022,E-Commerce,25,,,,,
964002,Asia,USA,iPhone,6283756,366781,20%,Q1,18-08-2022,Online,30,,,,,
121250,South America,Canada,iPhone,7499588,222435,25%,Q4,26-02-2021,Online,22,,,,,
805590,Africa,USA,MacBook,1376598,215313,30%,Q2,19-09-2024,Offline,27,,,,,
219306,Europe,India,MacBook,1844768,307460,40%,Q2,26-01-2021,Retail Partner,25,,,,,
944332,Asia,Australia,MacBook,2613685,278948,40%,Q3,20-05-2023,E-Commerce,22,,,,,
666237,North America,France,iPhone,5874462,94237,30%,Q1,25-01-2024,E-Commerce,20,,,,,
784740,Africa,Brazil,Services,6556348,129249,40%,Q3,15-05-2021,Online,33,,,,,
358537,Africa,Australia,iPad,5856994,156041,30%,Q1,01-09-2022,Apple Store,33,,,,,
340058,South America,Australia,iPad,7955346,44233,25%,Q4,16-02-2020,Retail Partner,40,,,,,
264183,North America,Canada,iPhone,9567372,192440,30%,Q4,27-01-2022,Apple Store,18,,,,,
411209,Oceania,Canada,Services,3500508,195124,40%,Q1,24-04-2023,E-Commerce,28,,,,,
134306,Asia,Brazil,MacBook,9078362,421014,40%,Q4,25-02-2023,Offline,29,,,,,
696559,South America,China,Wearables,81830,371519,25%,Q1,22-01-2021,Online,34,,,,,
457019,North America,UK,iPad,8534061,191067,35%,Q2,13-10-2021,Apple Store,28,,,,,
931067,Europe,Japan,iPhone,5419787,125949,25%,Q4,10-12-2022,Retail Partner,20,,,,,
733396,Europe,Brazil,iPad,8379684,32512,25%,Q3,19-10-2020,Online,31,,,,,
872910,Oceania,Japan,Wearables,1707440,319976,20%,Q3,29-03-2024,Apple Store,40,,,,,
700773,Europe,China,Wearables,7354217,262282,40%,Q4,23-09-2020,Apple Store,26,,,,,
656907,Europe,Canada,Wearables,8380463,12993,30%,Q2,25-10-2020,Online,35,,,,,
389611,Asia,Germany,Services,1524543,126364,35%,Q2,23-08-2023,Retail Partner,27,,,,,
384290,Asia,USA,iPad,1790730,370837,30%,Q4,10-12-2024,Apple Store,44,,,,,
304861,North America,Japan,MacBook,4492855,223612,30%,Q4,30-04-2021,Online,31,,,,,
664978,Oceania,France,Wearables,458810,76371,40%,Q1,15-05-2022,Apple Store,24,,,,,
492619,Asia,China,iPad,2264588,195700,25%,Q4,31-07-2020,Apple Store,35,,,,,
374775,Oceania,Australia,iPad,6053564,225194,30%,Q3,22-03-2024,E-Commerce,30,,,,,
963079,Europe,Japan,Wearables,8723129,15385,30%,Q4,21-03-2021,E-Commerce,21,,,,,
534950,South America,Japan,Services,8314888,350562,20%,Q4,08-10-2020,Offline,39,,,,,
196374,South America,USA,MacBook,3658919,15546,30%,Q2,12-12-2020,Offline,44,,,,,
162714,Oceania,Germany,Wearables,7445727,322979,30%,Q1,16-07-2023,Retail Partner,45,,,,,
437152,North America,Brazil,Services,1992931,206075,30%,Q3,21-02-2022,Retail Partner,26,,,,,
650195,North America,India,iPhone,1210940,4242,30%,Q4,03-06-2024,Retail Partner,18,,,,,
383094,South America,USA,iPad,4173242,322311,35%,Q1,31-12-2022,E-Commerce,32,,,,,
579384,Africa,France,Services,665964,129614,20%,Q4,06-08-2020,E-Commerce,29,,,,,
192033,Europe,Canada,iPhone,1586933,50879,40%,Q3,29-06-2024,Online,22,,,,,
508719,Asia,Japan,Wearables,6932600,184369,20%,Q4,09-03-2022,Online,29,,,,,
126630,North America,UK,MacBook,6820665,148045,20%,Q2,31-05-2023,E-Commerce,24,,,,,
479500,Europe,India,Wearables,1758313,52643,40%,Q3,23-12-2023,E-Commerce,22,,,,,
415871,South America,Japan,Wearables,9754303,262523,40%,Q1,03-07-2022,E-Commerce,23,,,,,
888335,North America,Germany,iPad,1060606,249466,40%,Q2,01-12-2024,Online,30,,,,,
252303,South America,India,Services,8813093,486048,35%,Q3,18-06-2023,E-Commerce,34,,,,,
288775,Asia,India,MacBook,6040413,174991,35%,Q4,29-08-2020,Retail Partner,23,,,,,
133453,Oceania,Germany,iPad,3756263,183605,35%,Q4,20-01-2021,Retail Partner,32,,,,,
694593,North America,UK,iPad,3616387,114208,20%,Q4,05-09-2022,Apple Store,38,,,,,
445472,Oceania,Japan,Services,468915,136175,25%,Q1,13-06-2024,E-Commerce,25,,,,,
387157,Europe,USA,Wearables,5342635,368355,30%,Q3,24-09-2023,Online,29,,,,,
742202,Africa,France,Services,8784931,205018,30%,Q3,23-11-2023,Retail Partner,48,,,,,
240004,North America,France,iPad,3781634,370098,40%,Q3,06-09-2022,E-Commerce,26,,,,,
318661,Oceania,UK,iPhone,8896066,355745,30%,Q3,24-06-2020,Apple Store,32,,,,,
111490,South America,UK,Services,3097637,372130,35%,Q1,14-12-2023,Online,33,,,,,
470741,Europe,USA,Wearables,1432117,391058,20%,Q4,26-01-2023,Retail Partner,39,,,,,
192785,North America,UK,iPhone,3791300,115409,20%,Q2,03-05-2022,Retail Partner,28,,,,,
818594,North America,Japan,MacBook,9610170,194524,35%,Q3,21-03-2022,E-Commerce,20,,,,,
200907,Asia,China,Services,4563175,133931,35%,Q1,28-01-2023,Retail Partner,39,,,,,
932125,South America,France,iPhone,880011,346192,40%,Q3,17-01-2023,Retail Partner,26,,,,,
235289,North America,Canada,MacBook,3752134,136622,20%,Q1,27-11-2022,Apple Store,21,,,,,
959731,North America,Germany,iPad,3140805,376351,30%,Q1,05-03-2022,Apple Store,34,,,,,
201297,North America,Germany,Services,7159402,331035,30%,Q3,03-05-2024,Apple Store,42,,,,,
312312,Oceania,China,MacBook,5412366,52008,40%,Q4,01-06-2022,Apple Store,27,,,,,
601070,Africa,UK,Wearables,883497,395968,20%,Q2,26-08-2021,Retail Partner,19,,,,,
325400,North America,India,Services,889168,221518,20%,Q3,16-02-2022,Online,27,,,,,
381666,South America,Brazil,Wearables,7180433,210112,30%,Q1,05-03-2021,Offline,26,,,,,
364808,North America,Australia,iPad,8131313,333194,20%,Q2,13-10-2024,Offline,37,,,,,
694874,North America,Australia,MacBook,7071754,136383,40%,Q4,22-05-2023,Online,22,,,,,
395257,North America,Germany,iPhone,7671981,295979,30%,Q1,11-12-2021,Offline,25,,,,,
661558,South America,India,MacBook,1685414,79181,30%,Q3,24-08-2021,Offline,28,,,,,
906197,Asia,China,Services,848163,159980,20%,Q3,24-03-2022,Online,29,,,,,
268288,North America,Australia,iPad,5418605,99770,35%,Q2,17-05-2022,Apple Store,25,,,,,
987414,Europe,Australia,Wearables,9792666,428071,40%,Q2,21-10-2020,Apple Store,19,,,,,
479553,North America,UK,MacBook,524983,314341,40%,Q3,31-08-2022,Retail Partner,27,,,,,
506679,South America,Brazil,Wearables,8742850,99933,40%,Q3,18-03-2021,Online,21,,,,,
117981,Africa,India,Wearables,9118793,281368,25%,Q3,12-06-2021,Apple Store,18,,,,,
317752,Oceania,Australia,Wearables,8995715,401834,20%,Q4,30-04-2024,E-Commerce,25,,,,,
596810,Europe,Japan,iPad,2943776,380418,35%,Q4,22-01-2022,Apple Store,41,,,,,
375500,Asia,UK,iPhone,254874,224144,40%,Q2,18-06-2023,Apple Store,25,,,,,
791094,Europe,USA,Wearables,2751970,321609,35%,Q4,20-02-2020,Apple Store,41,,,,,
220028,Europe,UK,iPad,2428293,281727,35%,Q1,21-03-2020,Online,27,,,,,
883107,Asia,India,iPad,5715062,412358,40%,Q3,01-05-2025,E-Commerce,35,,,,,
848788,Asia,Canada,iPad,7180546,473044,25%,Q1,12-08-2021,Offline,31,,,,,
837549,Oceania,France,iPad,2909804,25935,30%,Q2,16-10-2023,Offline,30,,,,,
323841,North America,France,MacBook,2531422,276556,40%,Q2,20-11-2024,Online,22,,,,,
597023,Oceania,Australia,iPhone,2224278,207735,30%,Q1,23-11-2022,Retail Partner,32,,,,,
866778,Asia,UK,Services,2440638,210497,30%,Q3,13-01-2025,E-Commerce,29,,,,,
539409,Europe,Brazil,Services,6340664,320537,40%,Q4,09-08-2021,Apple Store,43,,,,,
986905,Europe,USA,Services,855981,112799,30%,Q3,19-01-2024,Retail Partner,25,,,,,
605035,South America,Canada,Services,6658454,410990,30%,Q4,24-05-2022,E-Commerce,33,,,,,
195770,Oceania,USA,Wearables,5203581,486407,40%,Q3,24-02-2020,Offline,37,,,,,
596120,North America,UK,MacBook,3146852,337131,40%,Q4,11-06-2020,Offline,43,,,,,
114014,Europe,Australia,Services,3069120,262965,40%,Q4,05-08-2024,E-Commerce,25,,,,,
889081,North America,USA,iPad,8169848,249773,20%,Q1,29-12-2024,Online,26,,,,,
928857,Europe,USA,iPhone,1808009,252076,25%,Q3,02-04-2020,Offline,18,,,,,
125376,Europe,Japan,MacBook,2453145,446211,35%,Q4,22-05-2020,Retail Partner,31,,,,,
899022,Oceania,China,iPad,7565822,374153,40%,Q3,17-09-2021,Apple Store,42,,,,,
332814,Europe,China,MacBook,2350586,402494,35%,Q4,07-02-2020,Apple Store,45,,,,,
772899,Oceania,Australia,iPad,3060460,390758,35%,Q4,01-12-2020,Offline,45,,,,,
164848,North America,Brazil,MacBook,9426358,82497,40%,Q1,06-07-2020,Retail Partner,36,,,,,
826120,Europe,China,iPad,4901153,81296,30%,Q3,27-09-2021,Apple Store,32,,,,,
886771,Africa,France,MacBook,7566635,379245,40%,Q2,25-12-2021,Apple Store,49,,,,,
587834,Europe,Japan,Services,6107191,348051,30%,Q3,11-04-2021,Retail Partner,33,,,,,
984040,Oceania,Canada,Services,9644110,67343,35%,Q4,20-02-2024,E-Commerce,27,,,,,
403351,Africa,UK,Wearables,6666030,316293,30%,Q2,16-07-2020,Apple Store,39,,,,,
122636,Africa,Germany,Wearables,3142131,211619,30%,Q2,21-09-2024,Apple Store,43,,,,,
716584,North America,China,iPad,2427625,90776,30%,Q3,27-09-2024,E-Commerce,29,,,,,
817439,Oceania,Germany,MacBook,6742818,92153,30%,Q4,15-01-2024,Online,35,,,,,
929503,Europe,China,iPhone,2579255,347713,25%,Q4,06-10-2023,Online,26,,,,,
599434,Asia,Australia,Services,2289895,238347,30%,Q1,08-12-2021,E-Commerce,25,,,,,
582050,Oceania,Japan,iPhone,6222703,70199,40%,Q2,26-12-2023,Online,32,,,,,
367911,Asia,India,iPhone,8423341,393518,35%,Q1,24-12-2021,Offline,26,,,,,
599462,Africa,Canada,Services,5115643,258314,20%,Q1,31-05-2020,Apple Store,45,,,,,
265377,Africa,UK,Services,8594884,303325,25%,Q2,10-04-2024,Retail Partner,35,,,,,
230377,Africa,Japan,Services,198694,336690,30%,Q4,28-03-2020,E-Commerce,25,,,,,
436510,Oceania,USA,iPhone,2211540,276979,40%,Q1,11-12-2021,Apple Store,22,,,,,
290310,North America,UK,iPad,415465,86564,35%,Q2,27-07-2020,E-Commerce,33,,,,,
522144,Asia,India,iPad,1964203,432633,35%,Q3,03-11-2020,Apple Store,43,,,,,
210541,North America,UK,Services,1865582,198044,35%,Q4,09-01-2022,Apple Store,34,,,,,
578215,North America,France,iPhone,7190816,392745,25%,Q1,06-02-2020,Retail Partner,28,,,,,
155391,Africa,Japan,MacBook,1200475,418063,30%,Q1,02-12-2020,Retail Partner,26,,,,,
597193,Africa,Japan,MacBook,5800058,332079,20%,Q3,12-02-2021,Offline,31,,,,,
228343,Asia,USA,Wearables,2317957,374277,20%,Q4,06-09-2020,Retail Partner,20,,,,,
409344,Asia,Canada,MacBook,5363340,23581,20%,Q1,01-07-2023,Apple Store,21,,,,,
937894,Europe,India,Services,1678898,290369,40%,Q4,05-04-2021,Retail Partner,47,,,,,
214626,Asia,Japan,iPhone,2717214,429296,40%,Q2,26-11-2022,E-Commerce,26,,,,,
869101,North America,Germany,iPhone,6992979,105591,35%,Q1,19-04-2022,E-Commerce,27,,,,,
800024,Asia,China,MacBook,7686426,327836,20%,Q1,16-04-2023,Retail Partner,26,,,,,
243261,Europe,Canada,MacBook,6726458,420965,30%,Q4,29-04-2020,Apple Store,32,,,,,
520802,Europe,USA,iPad,1624181,484977,40%,Q3,27-12-2023,Retail Partner,30,,,,,
995634,North America,UK,iPhone,5183301,389434,40%,Q2,07-09-2023,Apple Store,23,,,,,
243184,North America,Germany,iPad,7526326,327408,40%,Q2,08-07-2023,Retail Partner,27,,,,,
303587,Africa,Japan,iPhone,4981818,230085,20%,Q4,18-09-2023,Apple Store,26,,,,,
738870,South America,Japan,MacBook,3942080,58299,25%,Q4,14-05-2022,Online,34,,,,,
350765,North America,India,iPad,4139502,314983,40%,Q4,25-04-2021,Apple Store,32,,,,,
656109,North America,Germany,MacBook,7688454,127365,35%,Q4,26-07-2021,Retail Partner,33,,,,,
357389,North America,China,iPhone,7857733,385379,30%,Q3,07-09-2023,Apple Store,34,,,,,
412117,Oceania,Germany,iPhone,1715375,186740,30%,Q1,24-11-2022,E-Commerce,29,,,,,
262113,North America,India,iPhone,9630946,73937,30%,Q2,25-08-2022,Retail Partner,25,,,,,
937215,Africa,Brazil,iPhone,5163807,338178,20%,Q4,20-07-2022,Online,30,,,,,
107319,Africa,Australia,Services,7919328,295388,40%,Q2,25-09-2024,Retail Partner,31,,,,,
221133,Asia,Australia,iPhone,1138087,223797,20%,Q2,15-12-2021,Online,23,,,,,
757713,Oceania,Japan,Wearables,2948960,272857,35%,Q1,25-05-2021,Online,18,,,,,
706763,Oceania,India,Wearables,534307,403204,40%,Q2,06-03-2024,Online,32,,,,,
445634,Africa,UK,MacBook,3254295,36395,30%,Q3,30-12-2020,Retail Partner,44,,,,,
311118,Asia,Germany,iPad,7411176,238166,40%,Q3,10-11-2023,E-Commerce,25,,,,,
482882,North America,France,iPad,789259,241782,20%,Q2,11-10-2020,Online,26,,,,,
460368,Europe,Canada,Services,5164663,123055,25%,Q1,01-06-2023,Retail Partner,31,,,,,
130936,North America,Brazil,Services,99623,413058,25%,Q3,11-02-2024,E-Commerce,30,,,,,
672167,North America,Canada,iPhone,7740274,66174,30%,Q4,02-11-2024,Apple Store,29,,,,,
654038,South America,Japan,MacBook,5451332,381039,30%,Q1,28-07-2023,Apple Store,42,,,,,
504881,Oceania,Japan,Wearables,7084317,323121,40%,Q3,07-06-2021,Online,35,,,,,
996612,South America,USA,MacBook,4166837,375093,30%,Q4,27-12-2022,Retail Partner,23,,,,,
860400,North America,France,iPhone,1746789,254856,20%,Q2,26-09-2020,Apple Store,27,,,,,
199883,Africa,Japan,iPhone,6592282,493821,20%,Q2,21-10-2024,E-Commerce,30,,,,,
278700,Europe,Australia,Wearables,1722102,6926,20%,Q2,08-04-2020,Retail Partner,22,,,,,
929351,Africa,Japan,iPhone,8430225,58898,40%,Q4,20-02-2024,Online,18,,,,,
420852,Asia,France,Wearables,9139005,123236,30%,Q1,07-12-2024,Apple Store,38,,,,,
988191,Europe,France,iPad,6889019,297442,30%,Q1,08-09-2022,Apple Store,41,,,,,
773157,North America,UK,Services,9067361,161475,20%,Q4,02-01-2024,Offline,32,,,,,
452613,Europe,China,iPhone,2758436,258363,40%,Q1,04-10-2020,Apple Store,31,,,,,
119624,Oceania,Brazil,iPhone,5925920,256386,30%,Q3,16-10-2020,E-Commerce,25,,,,,
658855,Africa,China,MacBook,5079415,46778,40%,Q1,22-02-2023,Online,30,,,,,
709075,Asia,Japan,Wearables,3188488,343515,35%,Q3,03-04-2024,Offline,36,,,,,
428048,North America,Germany,Wearables,7511159,115713,20%,Q1,29-01-2024,Offline,42,,,,,
816502,Asia,France,Services,888466,348288,20%,Q2,06-03-2024,Online,29,,,,,
384840,North America,India,MacBook,1607642,258272,30%,Q4,01-01-2023,E-Commerce,33,,,,,
885321,North America,China,Services,3022216,91506,40%,Q3,20-05-2021,Online,29,,,,,
425661,South America,Canada,Wearables,3096898,304593,30%,Q1,24-12-2020,Offline,43,,,,,
193866,Asia,Germany,Services,4990272,245855,35%,Q4,18-12-2024,Retail Partner,35,,,,,
705303,South America,USA,Services,7833962,255094,20%,Q1,08-12-2024,E-Commerce,27,,,,,
432346,North America,Australia,Services,2731952,92436,25%,Q1,14-10-2024,Offline,42,,,,,
748705,North America,UK,Wearables,3755493,194516,40%,Q4,04-01-2022,E-Commerce,35,,,,,
915073,North America,China,MacBook,3356955,10855,20%,Q3,19-08-2021,Apple Store,22,,,,,
100527,Oceania,Brazil,Wearables,580209,315020,25%,Q3,24-12-2023,Retail Partner,45,,,,,
125490,Oceania,China,iPad,800202,298785,40%,Q3,17-12-2020,Apple Store,30,,,,,
323819,North America,Canada,iPad,747076,254829,20%,Q2,30-06-2020,Offline,42,,,,,
729559,Oceania,Australia,Wearables,3463336,206976,30%,Q3,14-08-2020,E-Commerce,26,,,,,
718583,Africa,Brazil,iPhone,2374979,189800,30%,Q4,14-12-2020,Apple Store,21,,,,,
255533,North America,Australia,Services,283871,209888,40%,Q2,26-02-2022,Retail Partner,33,,,,,
343935,North America,UK,iPad,6660775,92448,40%,Q4,04-01-2021,Retail Partner,43,,,,,
438438,Europe,China,iPad,400197,239701,35%,Q1,28-03-2020,Online,28,,,,,
353647,North America,Germany,Services,4036721,366046,40%,Q3,11-11-2023,Online,33,,,,,
269389,Asia,Japan,iPad,4808488,289886,30%,Q1,05-11-2022,Retail Partner,34,,,,,
873804,North America,USA,MacBook,9874271,381578,20%,Q4,03-03-2021,Offline,31,,,,,
275677,North America,Germany,iPad,8000160,467903,40%,Q1,17-04-2022,Offline,40,,,,,
568737,Europe,China,Services,4481393,105671,40%,Q1,20-06-2020,Apple Store,25,,,,,
435062,Asia,Germany,Wearables,3813679,109717,25%,Q3,06-05-2022,Offline,45,,,,,
707582,Asia,Brazil,MacBook,4332139,478993,35%,Q2,14-02-2022,E-Commerce,33,,,,,
403873,Europe,UK,Wearables,9207266,43775,35%,Q1,27-06-2022,Online,22,,,,,
844494,North America,Brazil,iPhone,2586221,454615,40%,Q2,06-03-2020,Online,26,,,,,
669983,North America,Japan,MacBook,3881297,11328,35%,Q3,24-12-2021,Retail Partner,29,,,,,
968891,Oceania,USA,Services,2129790,11215,30%,Q1,15-10-2022,Online,29,,,,,
295281,North America,Australia,Services,718692,150055,40%,Q4,26-01-2022,Retail Partner,37,,,,,
551549,North America,UK,iPad,2547659,384781,40%,Q2,06-01-2023,E-Commerce,35,,,,,
793043,Asia,Brazil,iPad,9804370,296693,40%,Q1,11-05-2024,Offline,31,,,,,
307495,South America,UK,Wearables,8144419,174456,30%,Q2,26-09-2020,E-Commerce,24,,,,,
742228,North America,India,iPhone,8917623,463131,20%,Q4,05-12-2023,Offline,24,,,,,
246758,Asia,France,MacBook,4364691,21105,20%,Q2,27-05-2021,Retail Partner,47,,,,,
460909,North America,India,Services,283552,247030,20%,Q1,11-11-2022,Apple Store,30,,,,,
363589,Europe,Brazil,iPad,4379481,341699,30%,Q4,08-05-2022,Offline,43,,,,,
248171,Oceania,USA,MacBook,4112183,467361,40%,Q1,03-05-2020,Retail Partner,30,,,,,
207146,Oceania,China,iPad,1430706,484589,40%,Q1,10-02-2021,Offline,30,,,,,
663033,Africa,UK,Wearables,4881323,102615,30%,Q2,01-01-2025,Online,25,,,,,
917346,Africa,Australia,Wearables,1856541,228316,30%,Q3,03-11-2021,Offline,39,,,,,
302033,Oceania,Brazil,Wearables,2225726,355134,25%,Q1,18-03-2022,E-Commerce,33,,,,,
381185,Oceania,Canada,MacBook,4544035,153912,30%,Q2,12-05-2022,Offline,39,,,,,
149557,South America,Japan,Wearables,4513820,485662,30%,Q2,22-02-2022,E-Commerce,20,,,,,
290138,North America,India,iPhone,2950108,268615,30%,Q4,14-11-2021,E-Commerce,33,,,,,
956960,Oceania,Canada,iPad,7038669,412272,25%,Q1,30-01-2020,Apple Store,28,,,,,
261647,Africa,Australia,iPhone,4005021,115442,35%,Q3,20-02-2021,Retail Partner,24,,,,,
799534,Europe,Australia,iPad,4200567,439376,40%,Q3,14-05-2022,Online,29,,,,,
404331,Asia,India,MacBook,6032233,20861,25%,Q4,24-07-2021,Offline,20,,,,,
745310,Oceania,Australia,Wearables,9776442,397484,30%,Q3,22-10-2022,Online,32,,,,,
697189,Africa,UK,Services,7104002,367754,35%,Q2,26-05-2023,Apple Store,31,,,,,
846534,North America,France,iPhone,7826830,487907,30%,Q3,01-11-2021,Online,29,,,,,
738862,Oceania,Germany,Wearables,9493847,291889,20%,Q4,23-04-2021,Offline,25,,,,,
587212,South America,Canada,iPad,5983871,494399,40%,Q1,24-02-2021,Retail Partner,36,,,,,
581903,Asia,USA,iPhone,8068354,28921,35%,Q1,31-05-2021,Online,33,,,,,
620554,Africa,Canada,MacBook,3238124,132232,20%,Q4,20-12-2020,Offline,32,,,,,
957732,Asia,Germany,iPhone,3136845,288846,30%,Q3,23-02-2024,Offline,28,,,,,
139164,Africa,Brazil,iPhone,6746253,144910,20%,Q4,31-01-2023,Retail Partner,31,,,,,
527366,North America,UK,MacBook,5900496,320773,30%,Q3,08-11-2023,Online,26,,,,,
103892,Africa,Germany,iPhone,592034,188704,30%,Q3,08-10-2023,Apple Store,25,,,,,
950673,North America,Brazil,Wearables,9592293,21930,40%,Q4,20-06-2024,Offline,30,,,,,
796515,Asia,Japan,Wearables,6218087,423865,20%,Q2,12-09-2021,Retail Partner,33,,,,,
829810,Africa,Germany,MacBook,6568601,253028,40%,Q4,28-11-2021,Offline,24,,,,,
884742,Oceania,Germany,Wearables,2207907,371853,20%,Q3,08-05-2024,Retail Partner,40,,,,,
778134,South America,Brazil,iPhone,7827987,428075,25%,Q4,02-11-2023,Offline,21,,,,,
613748,Oceania,Japan,MacBook,9170009,44519,25%,Q2,03-02-2022,Apple Store,30,,,,,
169732,North America,UK,iPhone,6566589,227761,30%,Q4,03-03-2020,Apple Store,31,,,,,
164915,North America,France,iPad,5364922,102658,40%,Q3,12-08-2023,E-Commerce,33,,,,,
268331,North America,Canada,MacBook,8301040,420235,30%,Q1,08-10-2024,Offline,38,,,,,
493440,North America,Japan,Services,3798577,352083,20%,Q2,04-03-2020,Retail Partner,30,,,,,
948926,North America,Brazil,iPhone,1686878,295197,25%,Q2,21-04-2023,Offline,28,,,,,
904280,North America,Canada,MacBook,6467508,276226,30%,Q1,31-03-2021,Retail Partner,23,,,,,
665194,North America,France,Wearables,7033688,461633,20%,Q4,18-01-2022,E-Commerce,35,,,,,
552639,North America,Canada,iPad,7440973,176413,35%,Q1,19-07-2024,E-Commerce,32,,,,,
720026,Asia,Australia,Wearables,8738065,29496,30%,Q2,09-07-2024,E-Commerce,31,,,,,
814879,Africa,India,iPhone,4580067,431919,20%,Q4,02-06-2024,Online,23,,,,,
714111,South America,India,Services,4924113,125345,40%,Q3,19-02-2020,Offline,47,,,,,
829034,South America,Australia,iPhone,6942213,267449,20%,Q2,06-05-2022,Apple Store,34,,,,,
702952,Europe,Australia,Services,4306983,356858,40%,Q4,01-05-2023,Apple Store,48,,,,,
745304,North America,Australia,MacBook,1131361,340961,30%,Q3,05-06-2021,Apple Store,49,,,,,
679046,Africa,India,Services,8991701,199696,30%,Q2,24-10-2020,Retail Partner,27,,,,,
408637,North America,Japan,Wearables,4148132,35545,40%,Q3,30-03-2022,Offline,18,,,,,
556125,North America,Brazil,Services,1421693,48293,25%,Q4,05-05-2021,Retail Partner,25,,,,,
983621,Europe,Canada,Services,6478285,341397,40%,Q4,26-02-2022,Retail Partner,48,,,,,
526171,North America,Germany,MacBook,5091573,108540,30%,Q3,04-09-2021,Online,32,,,,,
822481,South America,China,MacBook,8756423,276530,40%,Q3,03-03-2024,Retail Partner,28,,,,,
191511,South America,Germany,Wearables,470573,307761,25%,Q1,18-08-2024,Apple Store,26,,,,,
464523,South America,USA,MacBook,7037981,431348,25%,Q4,19-07-2021,Apple Store,32,,,,,
482630,North America,India,Wearables,9905366,33606,20%,Q3,14-12-2020,Online,20,,,,,
666608,Europe,India,iPhone,7353226,247726,20%,Q3,11-08-2024,Apple Store,24,,,,,
489271,Africa,France,iPad,567682,169216,30%,Q3,23-10-2021,Online,29,,,,,
656798,Europe,USA,Services,7047914,131434,40%,Q4,27-08-2023,E-Commerce,31,,,,,
829096,Europe,USA,Services,3129603,154480,30%,Q4,03-08-2024,Online,25,,,,,
245546,Africa,India,iPad,6813917,387579,35%,Q4,18-03-2023,Offline,32,,,,,
873243,North America,Canada,iPhone,2386684,328161,40%,Q1,30-12-2023,Apple Store,31,,,,,
512160,Asia,Japan,MacBook,3081797,315028,35%,Q2,08-07-2024,E-Commerce,30,,,,,
758831,Europe,Australia,iPhone,7261200,422406,20%,Q4,18-01-2021,E-Commerce,28,,,,,
869482,North America,Japan,MacBook,9324937,478797,35%,Q4,21-01-2024,E-Commerce,24,,,,,
609325,North America,UK,iPhone,6674162,83106,20%,Q1,07-04-2023,E-Commerce,19,,,,,
507609,Africa,China,MacBook,2797633,124087,40%,Q4,11-03-2022,Offline,35,,,,,
364687,North America,UK,iPad,3534045,149733,40%,Q3,27-02-2024,E-Commerce,30,,,,,
966523,Europe,Australia,Services,9825454,415418,25%,Q1,28-04-2023,Offline,42,,,,,
120332,Europe,France,iPad,4924125,120182,30%,Q4,02-08-2020,Apple Store,44,,,,,
406512,South America,Australia,Services,9712081,469130,30%,Q4,23-04-2023,Apple Store,42,,,,,
373647,Oceania,China,iPhone,3431519,258451,30%,Q2,06-12-2023,Online,25,,,,,
441037,Africa,France,Wearables,5535647,46678,30%,Q4,19-02-2021,Retail Partner,40,,,,,
180459,Europe,Brazil,iPad,9540025,89929,40%,Q3,31-12-2021,Apple Store,29,,,,,
770572,Europe,Brazil,Wearables,1114705,73899,40%,Q2,17-03-2023,Online,19,,,,,
672662,Africa,India,Services,1135223,143023,20%,Q2,15-07-2021,Offline,47,,,,,
490963,Europe,France,iPad,6332807,72090,20%,Q3,19-11-2024,Online,34,,,,,
923700,South America,France,Wearables,8824980,174234,20%,Q2,14-04-2020,Offline,30,,,,,
713550,North America,France,iPad,951980,431397,30%,Q2,24-01-2023,Offline,45,,,,,
498458,North America,Australia,Wearables,6575465,93011,40%,Q1,06-06-2021,Offline,33,,,,,
626222,North America,Germany,MacBook,1372640,209160,30%,Q2,01-12-2025,Retail Partner,36,,,,,
193732,South America,Australia,iPhone,3929211,375980,40%,Q3,22-02-2022,Apple Store,32,,,,,
923577,Oceania,Australia,MacBook,6590389,254955,25%,Q3,24-11-2021,Apple Store,35,,,,,
778204,Africa,India,Wearables,2250561,392184,20%,Q2,23-05-2022,Offline,27,,,,,
898303,South America,France,Wearables,684091,165060,40%,Q1,13-12-2020,Online,27,,,,,
698073,South America,Canada,Services,1384737,6233,40%,Q1,20-02-2021,Retail Partner,36,,,,,
779143,Oceania,Germany,Wearables,3075236,178728,40%,Q4,03-09-2023,Offline,28,,,,,
442445,Europe,India,iPhone,2232397,433541,20%,Q4,09-04-2023,Apple Store,22,,,,,
482427,North America,Brazil,iPhone,5937111,34590,25%,Q2,22-08-2023,Offline,18,,,,,
181756,Europe,Japan,Wearables,5743438,389776,20%,Q4,27-08-2020,Offline,42,,,,,
817254,Africa,France,Wearables,8353374,398873,20%,Q2,23-01-2022,Offline,35,,,,,
299260,Africa,Brazil,Wearables,8870359,198787,25%,Q1,14-12-2021,Offline,45,,,,,
914174,Oceania,Canada,Services,2774339,386776,35%,Q1,29-06-2023,Retail Partner,35,,,,,
481872,South America,UK,iPad,5444130,354531,40%,Q4,05-06-2021,Online,30,,,,,
875231,North America,UK,MacBook,9804442,185697,20%,Q3,18-09-2023,Online,33,,,,,
206029,Africa,Germany,iPhone,8094317,47063,35%,Q4,25-01-2023,Retail Partner,24,,,,,
301334,Europe,France,iPhone,6131947,487830,30%,Q4,01-10-2024,Online,28,,,,,
172768,North America,China,Wearables,9778872,334774,20%,Q2,05-10-2021,Retail Partner,30,,,,,
635705,Oceania,China,Services,3157941,366233,40%,Q3,08-02-2020,Apple Store,42,,,,,
676311,North America,Australia,iPhone,6404093,382397,25%,Q2,20-01-2024,Retail Partner,21,,,,,
195136,Africa,China,Services,4090662,161755,30%,Q4,24-06-2020,Apple Store,49,,,,,
501178,North America,Japan,Wearables,6766958,12174,30%,Q3,21-11-2023,Offline,38,,,,,
848665,North America,Australia,iPhone,8801504,263390,40%,Q3,06-01-2021,Online,30,,,,,
920915,Asia,USA,Services,3926612,148658,20%,Q1,15-12-2021,E-Commerce,25,,,,,
144043,South America,Japan,Services,2412302,64285,25%,Q1,12-08-2021,Offline,38,,,,,
322964,North America,China,Services,105699,2646,30%,Q1,14-03-2023,Online,33,,,,,
862794,Europe,China,Wearables,1948422,434050,20%,Q3,26-12-2020,E-Commerce,24,,,,,
794990,South America,France,iPad,1053167,307274,20%,Q4,20-04-2022,Online,32,,,,,
399129,Europe,China,iPhone,5993893,68265,25%,Q4,05-05-2023,E-Commerce,27,,,,,
762618,Oceania,Canada,iPad,1389388,422549,30%,Q1,16-11-2024,Apple Store,33,,,,,
283607,Europe,USA,iPhone,8232819,230412,20%,Q3,05-06-2022,E-Commerce,22,,,,,
166785,Africa,Germany,Wearables,4354577,215729,30%,Q1,01-06-2023,Offline,37,,,,,
879724,South America,France,iPad,9885928,160079,25%,Q3,28-02-2021,Online,30,,,,,
271807,Africa,India,MacBook,5386528,252485,30%,Q3,26-10-2020,Online,26,,,,,
269676,Asia,Germany,iPad,4147949,230423,40%,Q3,06-06-2024,Offline,32,,,,,
975001,Oceania,Brazil,iPad,3830523,335137,40%,Q4,15-01-2025,Retail Partner,35,,,,,
964370,Africa,Brazil,Wearables,7481943,380633,20%,Q2,26-03-2021,Online,23,,,,,
417938,South America,Brazil,Services,3384869,120189,40%,Q1,27-02-2020,E-Commerce,30,,,,,
533427,Africa,Canada,MacBook,6711871,215134,20%,Q4,30-06-2022,E-Commerce,28,,,,,
445400,North America,Canada,Services,9551781,393027,35%,Q2,28-04-2024,Online,29,,,,,
105426,Oceania,Canada,Services,6717514,118703,20%,Q1,21-07-2024,Offline,37,,,,,
307837,South America,China,Services,2744292,103162,40%,Q4,11-10-2023,Apple Store,30,,,,,
115175,Africa,UK,MacBook,3096087,175193,30%,Q2,27-11-2024,Apple Store,36,,,,,
352991,North America,Brazil,Wearables,8866540,11030,40%,Q4,15-11-2024,Online,33,,,,,
205916,Oceania,UK,iPhone,2904379,396551,30%,Q4,02-09-2021,E-Commerce,18,,,,,
894184,North America,China,Services,8181484,494721,30%,Q3,20-12-2022,Apple Store,28,,,,,
303145,Oceania,USA,iPad,9148663,37021,40%,Q2,03-02-2020,Apple Store,29,,,,,
906402,South America,India,iPad,8815036,12214,20%,Q1,12-12-2023,Apple Store,26,,,,,
203545,North America,USA,iPhone,7441401,58583,40%,Q3,16-03-2024,E-Commerce,34,,,,,
685034,South America,France,Wearables,3666743,494383,30%,Q3,30-07-2020,E-Commerce,23,,,,,
502302,North America,UK,MacBook,3218480,94643,30%,Q2,12-06-2021,E-Commerce,25,,,,,
711480,Asia,India,Services,8382861,194269,35%,Q2,21-11-2022,Apple Store,39,,,,,
273675,Asia,UK,iPad,1408477,21793,25%,Q4,17-10-2021,Online,29,,,,,
924111,Asia,Germany,MacBook,3779197,350137,35%,Q4,19-09-2024,Offline,26,,,,,
914942,Europe,UK,MacBook,807841,47706,30%,Q1,11-09-2024,E-Commerce,35,,,,,
739850,Europe,Germany,iPad,2392946,345365,35%,Q2,26-05-2024,Apple Store,27,,,,,
297420,Europe,China,Services,5418608,390634,40%,Q4,19-09-2024,Retail Partner,45,,,,,
547409,North America,Australia,iPad,5185104,349131,35%,Q4,07-06-2021,E-Commerce,29,,,,,
291661,North America,Brazil,MacBook,1232219,46443,40%,Q1,14-08-2021,Offline,24,,,,,
154807,Oceania,Canada,iPad,6662444,162529,25%,Q4,07-03-2024,Retail Partner,30,,,,,
563260,Europe,USA,Services,5291341,112496,30%,Q3,01-03-2021,Apple Store,38,,,,,
123461,Asia,China,Services,4665214,384381,30%,Q2,06-08-2022,E-Commerce,30,,,,,
519528,South America,Japan,iPhone,9979328,57732,40%,Q3,24-12-2020,Apple Store,32,,,,,
935736,Asia,Japan,MacBook,1631332,149108,40%,Q2,12-06-2023,Offline,47,,,,,
989476,South America,Germany,iPad,6108454,161526,25%,Q3,21-08-2020,Apple Store,31,,,,,
178258,South America,Australia,Wearables,7185260,222821,30%,Q2,18-03-2022,Online,22,,,,,
798095,Africa,Brazil,Wearables,8317723,405042,20%,Q3,06-07-2022,Apple Store,38,,,,,
158673,Oceania,Brazil,MacBook,9037487,137748,25%,Q4,15-05-2021,Retail Partner,21,,,,,
994565,Africa,Canada,Services,1845101,262111,30%,Q4,12-09-2022,E-Commerce,26,,,,,
433709,Europe,Australia,Wearables,8562545,409174,20%,Q4,12-05-2020,E-Commerce,19,,,,,
232304,Oceania,USA,iPhone,7680038,257724,20%,Q3,06-10-2022,Retail Partner,28,,,,,
105222,Europe,India,iPad,8405239,93161,40%,Q1,13-06-2024,E-Commerce,28,,,,,
531929,Oceania,UK,Services,4453046,422894,30%,Q4,26-08-2020,Offline,27,,,,,
182732,Europe,Australia,iPhone,2067357,72556,30%,Q4,26-07-2020,Retail Partner,24,,,,,
705155,Europe,Brazil,iPhone,5056598,310329,25%,Q2,23-07-2021,Retail Partner,18,,,,,
739686,Africa,India,iPad,6114002,46279,25%,Q2,26-12-2022,Offline,39,,,,,
879649,Oceania,UK,Wearables,4823186,95068,25%,Q3,23-12-2023,E-Commerce,22,,,,,
976799,North America,Brazil,iPad,8043393,214723,40%,Q1,15-06-2024,Apple Store,26,,,,,
731944,Africa,France,iPhone,2834628,255997,40%,Q1,27-10-2024,Retail Partner,33,,,,,
385995,Asia,UK,Services,4140253,41448,25%,Q2,25-08-2022,Online,28,,,,,
726899,Europe,UK,iPad,7695351,218827,40%,Q4,23-09-2023,Apple Store,39,,,,,
121390,Europe,UK,Services,7971568,82953,40%,Q2,30-10-2024,E-Commerce,33,,,,,
557000,Europe,France,MacBook,7040103,48537,35%,Q2,09-01-2022,Offline,48,,,,,
570392,Europe,Canada,Wearables,2319568,25856,20%,Q1,15-07-2024,Apple Store,37,,,,,
859628,North America,India,iPhone,168716,329757,30%,Q2,27-03-2023,Offline,25,,,,,
128113,Africa,China,Services,243994,183485,40%,Q4,28-07-2023,Online,26,,,,,
547703,North America,Australia,Services,8709204,437174,30%,Q3,01-10-2020,Retail Partner,29,,,,,
469574,Asia,Australia,Services,382419,276433,20%,Q3,05-07-2023,E-Commerce,34,,,,,
820125,Asia,Japan,MacBook,9762671,431917,20%,Q3,26-06-2021,E-Commerce,20,,,,,
485316,Europe,Germany,Wearables,5761348,399367,25%,Q2,21-05-2023,E-Commerce,24,,,,,
391420,Europe,UK,iPhone,8112665,121265,30%,Q2,14-07-2020,Retail Partner,29,,,,,
346429,Oceania,France,iPad,7844460,102218,20%,Q1,25-03-2024,Online,35,,,,,
747865,Africa,Germany,iPhone,3030291,157830,30%,Q3,09-12-2024,Offline,25,,,,,
661855,South America,Japan,iPhone,704208,56581,20%,Q3,12-08-2020,Apple Store,29,,,,,
426976,Asia,France,Wearables,9275750,82028,25%,Q3,10-11-2022,E-Commerce,18,,,,,
153302,Europe,USA,iPad,3314041,7267,35%,Q4,04-10-2021,E-Commerce,30,,,,,
855217,Africa,Australia,iPad,6649753,184681,40%,Q3,10-08-2023,Retail Partner,26,,,,,
210665,Oceania,Germany,Wearables,3014580,469131,40%,Q1,23-06-2022,Retail Partner,34,,,,,
155684,Asia,USA,Services,9137705,74464,30%,Q3,17-08-2022,E-Commerce,27,,,,,
173904,North America,Canada,iPhone,3594535,11605,40%,Q1,21-05-2023,Apple Store,23,,,,,
360033,Europe,Germany,iPhone,2000963,421983,25%,Q3,01-05-2025,Offline,23,,,,,
525270,South America,Germany,iPad,6844907,191896,40%,Q1,04-11-2021,Offline,31,,,,,
149845,North America,China,iPad,4546245,465659,30%,Q2,18-01-2023,Retail Partner,41,,,,,
322991,North America,Australia,iPad,2729460,317364,30%,Q2,19-09-2023,Offline,31,,,,,
306804,North America,India,Wearables,7180869,85464,40%,Q3,11-10-2024,Retail Partner,32,,,,,
933402,South America,Japan,Services,9610861,413439,20%,Q2,17-01-2025,Apple Store,40,,,,,
170299,Asia,China,Services,9520615,219434,20%,Q1,09-02-2024,Offline,36,,,,,
944262,North America,China,iPhone,87542,368306,20%,Q4,26-09-2021,Online,32,,,,,
330506,Oceania,China,Wearables,2422220,253139,30%,Q3,15-11-2024,E-Commerce,34,,,,,
141754,Oceania,Canada,iPhone,4125396,457213,35%,Q2,26-07-2022,Offline,19,,,,,
243631,North America,USA,Services,7403547,45001,35%,Q2,11-07-2023,E-Commerce,30,,,,,
649111,Asia,Germany,Wearables,7829068,55649,30%,Q3,07-05-2021,Offline,18,,,,,
537269,Europe,Australia,Services,5353069,126119,40%,Q3,09-09-2023,Offline,37,,,,,
546195,North America,China,Services,8633920,346280,30%,Q2,28-06-2021,Offline,35,,,,,
576282,Asia,Brazil,Services,2552694,385270,30%,Q3,07-09-2020,Retail Partner,42,,,,,
770798,North America,Canada,iPad,5355665,488580,25%,Q1,05-06-2021,Offline,44,,,,,
724965,Europe,France,iPhone,393316,130860,25%,Q3,28-07-2024,Online,25,,,,,
750795,Asia,Canada,Wearables,2769314,160478,25%,Q4,08-06-2023,Offline,37,,,,,
537803,North America,Australia,Wearables,4548447,52366,40%,Q2,06-05-2021,E-Commerce,33,,,,,
308705,Asia,Brazil,iPhone,5904821,405276,20%,Q3,07-02-2022,Apple Store,32,,,,,
789496,Europe,Japan,MacBook,5424220,278810,40%,Q2,18-01-2024,Apple Store,38,,,,,
593745,North America,India,iPad,869392,162141,20%,Q1,19-04-2024,Online,33,,,,,
300681,South America,UK,Wearables,1788013,485030,30%,Q4,08-07-2021,Retail Partner,18,,,,,
544238,Africa,France,MacBook,3308175,135388,20%,Q1,04-05-2023,Offline,49,,,,,
488644,North America,France,iPad,8440707,484699,20%,Q1,18-09-2023,Offline,33,,,,,
908987,North America,Japan,Wearables,8890120,429225,40%,Q2,26-02-2024,Online,20,,,,,
572465,North America,France,Wearables,2198494,278220,40%,Q2,29-07-2024,Offline,44,,,,,
470967,Asia,Australia,iPad,1308390,76434,25%,Q3,18-05-2024,E-Commerce,31,,,,,
507192,Africa,Australia,Services,1002778,67977,40%,Q4,22-12-2022,Retail Partner,50,,,,,
439972,North America,Canada,iPad,3520562,378181,20%,Q1,10-06-2024,Apple Store,41,,,,,
534789,Africa,Canada,iPad,7497768,79652,20%,Q3,08-07-2022,Retail Partner,28,,,,,
570233,Europe,Canada,MacBook,1210347,67172,20%,Q3,03-07-2022,Online,34,,,,,
406996,Asia,USA,iPad,4045379,309196,40%,Q2,19-07-2024,E-Commerce,27,,,,,
144477,Oceania,UK,MacBook,2998533,260734,30%,Q1,13-04-2022,Online,32,,,,,
592468,Africa,UK,Wearables,8922449,288583,25%,Q2,20-01-2022,Online,29,,,,,
138421,Africa,China,MacBook,5677254,444078,40%,Q1,13-11-2021,Offline,43,,,,,
392586,Africa,Australia,iPad,4198810,198416,30%,Q1,01-09-2021,E-Commerce,29,,,,,
981378,Europe,France,Services,1834681,183756,25%,Q2,15-07-2020,Offline,50,,,,,
508980,North America,China,MacBook,6999044,473129,30%,Q1,21-05-2021,Offline,30,,,,,
844332,North America,Japan,MacBook,3315799,93047,30%,Q4,07-04-2024,Retail Partner,34,,,,,
149953,North America,France,MacBook,2111361,141113,30%,Q3,22-02-2022,Retail Partner,45,,,,,
669257,South America,Brazil,Wearables,8905021,149876,20%,Q2,16-09-2023,Retail Partner,39,,,,,
294407,Asia,Japan,iPhone,5083368,362410,40%,Q3,29-03-2022,Online,26,,,,,
283049,Oceania,USA,MacBook,8832913,56137,40%,Q3,08-02-2020,Online,23,,,,,
907607,North America,UK,Services,7219016,426340,30%,Q1,21-08-2024,Retail Partner,39,,,,,
618239,Asia,Japan,iPad,1514691,214344,20%,Q4,17-12-2022,E-Commerce,29,,,,,
713452,Europe,UK,iPhone,491772,146562,20%,Q3,26-08-2024,Retail Partner,27,,,,,
229328,Oceania,Australia,iPad,4170664,165038,30%,Q2,03-05-2022,Online,28,,,,,
473694,Oceania,Australia,Wearables,9414505,451102,40%,Q1,20-08-2021,Retail Partner,37,,,,,
343906,Africa,UK,iPhone,3177977,30112,30%,Q2,13-04-2020,Offline,23,,,,,
660815,North America,USA,iPad,846951,463737,35%,Q4,12-09-2020,Retail Partner,35,,,,,
906878,South America,UK,iPhone,4546523,89988,40%,Q3,30-09-2022,Apple Store,21,,,,,
918341,South America,Japan,iPad,6414625,250997,40%,Q3,22-07-2024,Online,28,,,,,
790174,Africa,Germany,iPad,7328080,410980,20%,Q2,25-03-2020,Apple Store,26,,,,,
943191,Europe,Australia,iPad,3848893,376418,40%,Q1,01-06-2022,Retail Partner,41,,,,,
793537,North America,China,Services,4197153,472860,25%,Q4,05-06-2024,Online,32,,,,,
640022,South America,Canada,MacBook,4623888,57807,20%,Q3,14-12-2024,E-Commerce,34,,,,,
152747,Europe,China,iPhone,9440198,179824,40%,Q3,08-08-2020,E-Commerce,28,,,,,
654101,Europe,Brazil,Services,9028068,124341,35%,Q3,25-05-2020,Online,25,,,,,
999640,Africa,Brazil,iPhone,459406,304214,30%,Q3,28-08-2022,Apple Store,32,,,,,
566034,North America,Japan,Wearables,1248936,192344,30%,Q2,26-09-2024,Retail Partner,42,,,,,
906696,Asia,France,MacBook,4627031,409420,40%,Q3,27-08-2024,E-Commerce,22,,,,,
634581,Asia,China,Services,6975964,18874,20%,Q1,26-09-2021,Apple Store,44,,,,,
208310,North America,Australia,Services,3457249,457482,20%,Q1,02-09-2024,Offline,47,,,,,
369320,South America,France,Wearables,2174999,59474,35%,Q1,31-10-2023,Apple Store,30,,,,,
928141,Europe,Japan,MacBook,7410466,139857,35%,Q1,24-05-2024,Retail Partner,32,,,,,
659644,Europe,Japan,Services,6639865,476775,20%,Q3,25-02-2023,Offline,31,,,,,
394629,Africa,India,Wearables,5709020,277656,40%,Q3,24-09-2023,Online,35,,,,,
977401,South America,USA,Services,5298430,482484,20%,Q2,05-05-2022,Retail Partner,43,,,,,
286441,North America,Germany,Services,2585432,474412,40%,Q2,21-09-2020,Offline,47,,,,,
805564,Oceania,Germany,iPhone,3122934,17074,25%,Q2,12-03-2023,Offline,25,,,,,
398113,South America,Brazil,iPad,9214852,144302,20%,Q3,27-03-2024,Retail Partner,32,,,,,
892682,North America,China,MacBook,5466704,68905,20%,Q2,31-12-2024,Retail Partner,41,,,,,
595636,Asia,India,Services,5140572,469989,30%,Q3,04-08-2021,Online,35,,,,,
431085,Europe,Canada,iPhone,9482203,325948,25%,Q3,23-06-2020,Offline,32,,,,,
810809,South America,Canada,Wearables,6759120,285762,20%,Q3,28-06-2020,Retail Partner,25,,,,,
832682,North America,UK,Wearables,5163559,115463,40%,Q2,27-11-2021,Online,18,,,,,
535214,Asia,France,Wearables,1748728,401463,20%,Q3,08-07-2023,Apple Store,23,,,,,
290533,Oceania,USA,MacBook,491728,90988,30%,Q4,12-01-2024,Offline,26,,,,,
727449,Africa,Brazil,Wearables,5347352,261426,30%,Q1,11-12-2022,Apple Store,33,,,,,
835344,North America,Canada,iPad,8035362,380859,40%,Q3,12-06-2021,E-Commerce,32,,,,,
567220,North America,France,iPhone,4459117,146773,35%,Q2,17-07-2022,Retail Partner,30,,,,,
837853,North America,Germany,MacBook,2198747,168034,35%,Q4,24-08-2020,Online,28,,,,,
547133,Europe,UK,Services,1174604,371742,40%,Q2,28-01-2023,Online,28,,,,,
592153,Oceania,Canada,iPad,2732688,223937,25%,Q1,07-03-2024,E-Commerce,34,,,,,
370331,Oceania,Canada,Wearables,4942119,495727,40%,Q2,06-06-2022,Retail Partner,42,,,,,
186686,North America,USA,MacBook,9750072,80083,40%,Q4,10-09-2024,Retail Partner,35,,,,,
726005,North America,Japan,iPad,5713530,103200,40%,Q1,26-12-2022,Retail Partner,43,,,,,
198798,Asia,China,Wearables,6113797,277140,30%,Q4,16-02-2023,Offline,18,,,,,
550541,North America,Brazil,Services,3559935,232292,25%,Q1,17-06-2020,Online,30,,,,,
934506,Africa,France,iPhone,7653472,128236,20%,Q3,21-06-2024,Offline,33,,,,,
376979,Africa,Japan,iPad,321031,255220,40%,Q1,28-08-2020,Retail Partner,45,,,,,
798072,Asia,Japan,Wearables,4852116,499987,20%,Q2,02-12-2023,Apple Store,35,,,,,
705265,North America,India,MacBook,7233515,135023,25%,Q4,30-04-2023,Retail Partner,40,,,,,
848949,Asia,China,iPad,2584579,425074,25%,Q2,05-07-2022,Apple Store,34,,,,,
322666,South America,Canada,iPhone,8438268,159627,25%,Q3,30-08-2021,Online,18,,,,,
119890,Africa,Brazil,Wearables,3470975,143124,30%,Q3,26-02-2021,Retail Partner,23,,,,,
851183,Asia,UK,MacBook,6878742,139798,35%,Q1,07-10-2020,Online,29,,,,,
209191,South America,Brazil,iPhone,8156938,49444,20%,Q3,03-02-2024,Apple Store,28,,,,,
403540,North America,Germany,iPad,3535112,98822,25%,Q2,20-06-2021,E-Commerce,33,,,,,
142554,Europe,France,iPhone,771416,101407,25%,Q4,29-06-2024,E-Commerce,18,,,,,
648319,South America,Brazil,Wearables,5778294,207137,40%,Q1,21-10-2023,Online,29,,,,,
293268,North America,Japan,Services,7639796,315264,20%,Q3,29-09-2020,Offline,28,,,,,
144640,Europe,China,iPhone,574749,399329,35%,Q4,29-05-2023,Online,19,,,,,
654775,Europe,USA,Services,7753201,239505,40%,Q2,11-12-2024,E-Commerce,29,,,,,
798907,Asia,Australia,Services,4065133,450216,30%,Q3,15-12-2024,Retail Partner,38,,,,,
604118,North America,Canada,MacBook,274929,359121,30%,Q1,20-01-2022,Apple Store,24,,,,,
772355,North America,India,Wearables,6210665,190457,40%,Q4,26-06-2024,Online,20,,,,,
923426,North America,Australia,Services,4217905,480883,30%,Q4,21-09-2021,Online,27,,,,,
352481,Europe,Japan,Services,345192,325388,40%,Q2,23-09-2023,E-Commerce,35,,,,,
563819,Oceania,USA,iPhone,7034010,456154,20%,Q3,01-07-2022,Retail Partner,26,,,,,
142579,North America,France,Wearables,2124022,192455,20%,Q1,07-08-2021,E-Commerce,35,,,,,
208783,Africa,China,iPad,3764332,32321,20%,Q2,30-04-2022,Offline,36,,,,,
734545,South America,USA,Wearables,2166097,470774,40%,Q4,21-08-2020,E-Commerce,29,,,,,
901136,North America,Brazil,Services,1446041,339367,20%,Q4,18-01-2024,Retail Partner,48,,,,,
703601,North America,Brazil,iPad,7235663,150179,40%,Q3,21-07-2021,Offline,28,,,,,
578043,Africa,Japan,Wearables,933696,273143,25%,Q1,22-01-2021,Online,24,,,,,
391856,North America,USA,iPhone,9138357,222494,30%,Q2,18-01-2024,Online,26,,,,,
808722,Asia,China,MacBook,4712913,389736,20%,Q4,18-03-2023,Online,28,,,,,
467661,Oceania,India,iPad,3165128,348263,20%,Q2,12-02-2023,Retail Partner,26,,,,,
111537,North America,India,Services,2809108,462873,40%,Q4,04-02-2024,Offline,46,,,,,
376459,North America,India,Wearables,6110845,426663,25%,Q1,24-01-2023,Online,18,,,,,
266598,Africa,France,iPad,7913448,380513,30%,Q3,19-09-2023,Retail Partner,43,,,,,
218770,Asia,Germany,iPad,7502350,477560,30%,Q2,08-06-2021,Online,32,,,,,
836627,North America,India,Wearables,645149,258589,30%,Q4,10-02-2024,Offline,32,,,,,
543792,North America,UK,iPad,4396626,395322,35%,Q2,05-08-2024,Offline,43,,,,,
750168,Africa,USA,Wearables,6868372,269512,20%,Q2,15-02-2024,Apple Store,26,,,,,
205282,North America,UK,Services,8995841,443466,20%,Q1,01-06-2023,Online,31,,,,,
566818,North America,India,iPad,9549899,16666,40%,Q4,18-03-2024,Offline,37,,,,,
919746,South America,USA,iPhone,1108504,265067,40%,Q4,28-03-2024,E-Commerce,29,,,,,
763280,North America,USA,Services,1319691,161550,25%,Q2,19-04-2022,E-Commerce,35,,,,,
745783,North America,Germany,iPhone,6537753,483197,20%,Q2,14-09-2021,Apple Store,23,,,,,
564715,Europe,India,Services,3294640,454766,30%,Q1,16-11-2020,Retail Partner,38,,,,,
715897,Africa,India,MacBook,3130178,243166,30%,Q2,14-02-2024,Retail Partner,28,,,,,
621719,North America,UK,MacBook,8626981,149055,25%,Q4,28-12-2022,Online,25,,,,,
119714,North America,Canada,MacBook,2367079,226675,20%,Q3,05-03-2023,Retail Partner,33,,,,,
223377,Oceania,China,MacBook,5927467,496025,20%,Q3,25-12-2021,E-Commerce,24,,,,,
623992,Oceania,Japan,iPhone,6459635,28888,40%,Q1,08-11-2021,Offline,31,,,,,
573057,Europe,Australia,Services,991526,305549,20%,Q3,31-03-2020,Online,26,,,,,
938438,Asia,France,MacBook,6771563,477430,30%,Q3,06-11-2023,Online,20,,,,,
807699,Europe,UK,Services,5103288,177557,30%,Q3,10-03-2020,E-Commerce,31,,,,,
583210,North America,China,iPhone,2992562,89934,35%,Q4,03-02-2022,Retail Partner,27,,,,,
276685,North America,Germany,MacBook,7771678,333699,30%,Q3,16-11-2021,Retail Partner,20,,,,,
351011,Africa,China,Services,1994752,211826,25%,Q4,20-03-2023,Apple Store,39,,,,,
979781,Oceania,UK,iPad,9277630,118683,30%,Q1,14-09-2024,E-Commerce,33,,,,,
107612,North America,Canada,Wearables,2936235,451417,40%,Q3,19-06-2022,Offline,18,,,,,
478249,North America,China,Services,8972483,290996,30%,Q4,06-11-2024,Apple Store,39,,,,,
942641,Oceania,UK,Services,7480239,183982,40%,Q1,17-06-2020,Apple Store,37,,,,,
793512,South America,Brazil,Wearables,7705341,386229,35%,Q3,16-08-2023,Apple Store,40,,,,,
151407,Africa,Brazil,MacBook,6771741,354217,30%,Q4,26-03-2023,Online,23,,,,,
486445,Europe,Brazil,MacBook,1670406,450725,40%,Q4,20-05-2020,E-Commerce,27,,,,,
814704,South America,France,MacBook,1365884,257853,30%,Q3,15-03-2023,E-Commerce,23,,,,,
455888,Oceania,Canada,iPad,3709146,65361,35%,Q1,29-04-2021,Offline,31,,,,,
502017,Asia,Brazil,iPad,5393587,411648,35%,Q2,14-04-2022,Retail Partner,33,,,,,
816550,Asia,France,Services,5248221,432079,35%,Q1,20-10-2022,Retail Partner,28,,,,,
342233,Europe,Australia,Services,5962,345044,40%,Q3,08-01-2023,Offline,36,,,,,
326663,South America,Germany,Services,5300268,496703,40%,Q4,31-10-2021,Online,25,,,,,
169280,North America,Canada,Wearables,2229474,200441,25%,Q3,03-09-2021,E-Commerce,24,,,,,
578957,North America,China,Wearables,1669866,280952,25%,Q4,15-05-2024,Online,29,,,,,
387495,North America,France,iPad,294411,160208,40%,Q2,11-11-2023,Online,28,,,,,
170975,Europe,Brazil,Services,1049883,453535,30%,Q1,01-02-2022,Retail Partner,33,,,,,
525869,Europe,France,Services,7364020,65115,20%,Q4,14-12-2024,E-Commerce,30,,,,,
267507,Asia,France,MacBook,8857838,404751,30%,Q1,10-06-2022,Apple Store,24,,,,,
714751,Africa,Australia,Wearables,4614554,9935,40%,Q4,28-07-2022,Apple Store,28,,,,,
497024,Africa,Germany,iPhone,866388,400652,35%,Q2,29-04-2023,Retail Partner,22,,,,,
549055,North America,Brazil,MacBook,5743601,129661,20%,Q2,20-03-2022,E-Commerce,27,,,,,
703127,Africa,Germany,Services,6761955,170985,20%,Q3,26-10-2020,Apple Store,33,,,,,
669689,South America,China,MacBook,6708407,285068,40%,Q2,20-06-2023,Retail Partner,37,,,,,
112294,North America,Japan,MacBook,3629141,334725,20%,Q4,28-01-2020,Online,24,,,,,
863516,Europe,Brazil,Services,6393704,50059,35%,Q4,30-05-2021,E-Commerce,33,,,,,
555282,Asia,China,iPad,6246995,225786,20%,Q2,10-09-2022,Online,31,,,,,
872124,North America,France,iPad,5186156,64277,35%,Q3,26-01-2020,Retail Partner,32,,,,,
867643,Europe,China,iPad,4259835,441874,40%,Q4,24-10-2022,Retail Partner,41,,,,,
756279,Asia,India,iPad,6953103,103401,20%,Q1,14-10-2022,Online,25,,,,,
138754,Africa,India,iPad,5364182,491014,30%,Q2,16-04-2024,Online,26,,,,,
621858,Oceania,Canada,Services,8568128,272398,20%,Q1,15-10-2023,Retail Partner,25,,,,,
385980,North America,Germany,iPad,3289607,232143,30%,Q3,15-07-2020,Offline,42,,,,,
690760,Oceania,Canada,iPad,3590452,283675,40%,Q2,28-09-2020,Online,32,,,,,
417416,Oceania,Brazil,iPhone,4299914,494595,20%,Q1,26-06-2023,Retail Partner,29,,,,,
919476,Asia,Canada,Wearables,3339271,123492,40%,Q3,30-07-2023,Apple Store,43,,,,,
260305,Europe,Japan,iPad,7904168,99807,30%,Q1,25-02-2021,Online,34,,,,,
687413,Oceania,UK,Services,3153939,490323,40%,Q3,29-10-2023,Apple Store,39,,,,,
208631,Africa,Canada,MacBook,364558,495619,35%,Q1,11-07-2024,Offline,44,,,,,
886185,North America,Germany,Wearables,8940421,309829,30%,Q3,26-12-2022,Apple Store,24,,,,,
132153,North America,Japan,iPhone,9362377,283080,35%,Q4,31-05-2020,Retail Partner,27,,,,,
263179,North America,France,MacBook,9374994,76851,20%,Q2,13-07-2020,Apple Store,37,,,,,
656403,North America,China,Wearables,4105725,231020,40%,Q2,04-08-2024,Online,18,,,,,
126110,North America,China,MacBook,9032146,352988,20%,Q4,13-03-2021,Apple Store,45,,,,,
362124,South America,UK,Services,2817599,327819,25%,Q3,06-01-2020,Offline,32,,,,,
798641,North America,USA,Services,9900701,234346,30%,Q1,28-09-2021,Online,28,,,,,
798773,North America,China,MacBook,3806418,208157,20%,Q3,08-07-2022,Apple Store,41,,,,,
435796,North America,USA,Wearables,4145505,443518,40%,Q2,03-05-2023,Offline,26,,,,,
257314,Africa,China,Services,1798393,20861,20%,Q2,01-11-2023,Online,29,,,,,
489040,Oceania,UK,Services,2868630,48123,40%,Q4,10-05-2021,Retail Partner,49,,,,,
828738,Europe,India,iPad,5154,357889,25%,Q4,22-04-2023,Retail Partner,38,,,,,
717137,Oceania,UK,Wearables,5888747,222587,35%,Q4,12-12-2023,Apple Store,27,,,,,
134490,Africa,Canada,iPad,2673848,196631,40%,Q2,01-12-2022,Online,32,,,,,
504389,North America,USA,Wearables,2147760,467090,25%,Q2,22-06-2024,Retail Partner,29,,,,,
679674,Africa,Canada,Wearables,7987223,80349,20%,Q4,03-03-2023,E-Commerce,27,,,,,
661128,Oceania,Germany,iPhone,2902545,25863,30%,Q2,05-03-2023,Offline,27,,,,,
801582,South America,Brazil,iPhone,481548,492716,20%,Q3,08-01-2022,Apple Store,20,,,,,
928707,Oceania,China,Wearables,3991525,63340,40%,Q1,26-09-2020,Apple Store,28,,,,,
612081,Europe,China,Services,6681502,74629,40%,Q3,27-09-2022,Offline,30,,,,,
329891,Africa,China,Wearables,8700210,172486,20%,Q2,09-04-2022,Online,32,,,,,
435589,Oceania,Canada,Wearables,8825853,307990,25%,Q4,05-06-2021,Online,33,,,,,
125072,Oceania,USA,iPhone,1493254,116132,20%,Q1,17-08-2023,E-Commerce,24,,,,,
749363,Asia,USA,iPad,5130772,55882,35%,Q2,23-08-2023,Apple Store,36,,,,,
899554,South America,USA,Wearables,4760356,87847,35%,Q4,10-12-2024,Apple Store,44,,,,,
611498,Africa,Canada,Services,9851694,16668,40%,Q4,24-12-2022,E-Commerce,25,,,,,
801408,Oceania,Canada,Services,2999379,458797,30%,Q2,24-01-2025,Offline,31,,,,,
190803,Oceania,UK,iPad,7392644,8041,20%,Q1,11-03-2024,Offline,25,,,,,
304798,Asia,China,MacBook,7873741,259700,20%,Q1,22-06-2021,Apple Store,39,,,,,
587949,Europe,India,iPhone,9072970,18584,35%,Q1,20-01-2023,Apple Store,19,,,,,
515474,Africa,Japan,iPad,6044476,33618,35%,Q3,22-06-2022,Retail Partner,38,,,,,
533673,Africa,India,Services,3937050,91740,20%,Q2,25-12-2020,Online,29,,,,,
165224,Africa,Japan,MacBook,598319,371010,30%,Q3,18-02-2021,Online,18,,,,,
809641,Oceania,Canada,iPhone,828134,80099,30%,Q3,03-12-2022,Online,24,,,,,
541987,North America,France,Wearables,4637606,289862,25%,Q1,10-03-2023,Offline,35,,,,,
712815,North America,France,Wearables,1403950,192488,40%,Q1,10-12-2023,Online,18,,,,,
991215,Asia,Germany,iPad,1474608,328858,25%,Q4,24-05-2021,Offline,44,,,,,
129452,North America,Japan,Wearables,8169111,333439,40%,Q2,23-11-2020,Retail Partner,20,,,,,
106307,Asia,UK,Wearables,7073765,162742,40%,Q1,02-06-2023,Online,28,,,,,
715579,North America,France,MacBook,2978072,286183,40%,Q1,01-12-2022,Offline,26,,,,,
773531,Europe,Germany,Wearables,4216602,211269,20%,Q1,10-03-2022,Offline,18,,,,,
816339,Africa,Germany,Services,3668235,125092,40%,Q3,26-12-2020,Apple Store,30,,,,,
175903,Oceania,India,iPad,2308483,416988,30%,Q2,23-04-2024,Retail Partner,29,,,,,
931748,Asia,India,Services,4899826,338567,30%,Q2,13-12-2022,E-Commerce,26,,,,,
306900,Oceania,Germany,iPad,3085940,459085,30%,Q2,07-08-2020,Online,25,,,,,
301634,Africa,USA,Wearables,2013762,63945,30%,Q3,28-06-2022,Apple Store,23,,,,,
168943,Oceania,Germany,MacBook,991105,210254,30%,Q4,17-12-2024,Retail Partner,44,,,,,
347598,North America,UK,MacBook,4069029,201428,25%,Q1,12-02-2022,Apple Store,24,,,,,
894212,Africa,Japan,Wearables,8854812,213943,30%,Q3,04-05-2023,Apple Store,29,,,,,
475661,Asia,UK,Wearables,3765647,380541,20%,Q4,05-09-2022,Retail Partner,26,,,,,
150495,Oceania,Australia,Wearables,9474704,211812,30%,Q4,05-12-2022,E-Commerce,29,,,,,
675456,South America,India,iPad,2526281,403252,25%,Q2,13-10-2022,Retail Partner,38,,,,,
367810,Asia,Germany,Services,1584247,172840,30%,Q4,27-05-2021,Apple Store,42,,,,,
176266,Africa,Canada,Services,7935016,493702,30%,Q3,15-09-2021,E-Commerce,28,,,,,
839011,Africa,India,MacBook,4603827,462387,20%,Q2,26-04-2024,Apple Store,48,,,,,
199932,North America,India,iPad,8456304,155478,30%,Q3,21-09-2020,Offline,40,,,,,
989916,South America,France,MacBook,2168146,339303,20%,Q3,19-07-2022,Apple Store,46,,,,,
986086,North America,Japan,MacBook,1004334,186547,40%,Q4,21-12-2020,Online,30,,,,,
284112,South America,India,iPhone,3304806,458884,25%,Q2,26-12-2021,Online,29,,,,,
330623,North America,Canada,iPhone,9319349,54899,40%,Q1,22-03-2021,E-Commerce,31,,,,,
268601,North America,China,Wearables,3942697,307352,30%,Q3,06-06-2023,E-Commerce,23,,,,,
666740,Asia,Canada,iPad,4008176,34389,30%,Q4,23-08-2020,Retail Partner,31,,,,,
875346,North America,UK,Wearables,8446634,132641,30%,Q3,21-10-2020,Retail Partner,37,,,,,
675020,North America,France,MacBook,9878816,329877,30%,Q3,17-09-2023,Apple Store,39,,,,,
322826,South America,Canada,iPad,2981996,411198,35%,Q4,27-11-2024,E-Commerce,32,,,,,
555223,Africa,Canada,Services,9789421,398342,40%,Q3,01-06-2023,Offline,28,,,,,
851867,Africa,Canada,Services,4406825,346536,25%,Q1,19-06-2022,Online,34,,,,,
761240,North America,China,Wearables,6839222,60915,20%,Q1,01-06-2021,E-Commerce,28,,,,,
301049,Europe,Australia,MacBook,729600,109537,40%,Q1,28-02-2020,E-Commerce,22,,,,,
559246,Europe,India,iPad,2070702,77814,20%,Q3,25-12-2024,Online,25,,,,,
491411,North America,India,Services,7600115,347139,30%,Q1,31-10-2023,Offline,36,,,,,
262073,Oceania,Japan,iPad,4573200,3483,30%,Q1,18-11-2020,Offline,35,,,,,
286918,South America,Canada,MacBook,7821539,52801,30%,Q1,14-09-2022,Retail Partner,29,,,,,
934311,Europe,France,iPad,8418051,439750,30%,Q3,13-02-2020,E-Commerce,33,,,,,
283207,Africa,Canada,Services,7668502,401384,40%,Q4,10-11-2024,Online,35,,,,,
729985,Africa,Germany,MacBook,3490910,385872,30%,Q1,04-06-2021,Retail Partner,46,,,,,
382118,South America,China,MacBook,1189137,257660,20%,Q2,28-12-2023,Retail Partner,42,,,,,
811874,North America,China,MacBook,9565944,223806,20%,Q3,12-02-2021,Offline,38,,,,,
102035,Oceania,India,Services,3352096,365180,40%,Q2,13-09-2024,Online,33,,,,,
218371,Europe,USA,iPhone,6787928,459948,35%,Q1,28-02-2023,E-Commerce,22,,,,,
760797,Asia,Brazil,MacBook,4583760,285044,30%,Q3,15-02-2021,Apple Store,42,,,,,
329909,North America,UK,iPhone,6942481,45300,30%,Q2,05-03-2021,Retail Partner,20,,,,,
560092,Asia,France,MacBook,8294561,103836,40%,Q2,01-06-2023,Apple Store,49,,,,,
204210,Europe,China,MacBook,1506698,153690,20%,Q2,03-07-2024,Online,18,,,,,
953645,South America,UK,iPhone,3125642,159487,40%,Q1,08-12-2022,E-Commerce,33,,,,,
617902,Africa,Germany,Services,8602835,186454,30%,Q2,29-05-2022,Apple Store,45,,,,,
157597,Oceania,USA,MacBook,6390252,132278,35%,Q4,11-07-2022,E-Commerce,26,,,,,
101983,South America,Brazil,iPad,9914655,236059,20%,Q2,18-08-2024,Online,35,,,,,
143005,North America,USA,iPhone,6393730,29521,20%,Q2,29-07-2020,Apple Store,24,,,,,
339960,Africa,Germany,Wearables,8393138,407854,25%,Q1,24-06-2020,Apple Store,34,,,,,
680344,Asia,USA,Wearables,8452413,27876,30%,Q1,11-10-2022,E-Commerce,19,,,,,
637526,North America,UK,Wearables,4791728,488933,30%,Q3,04-01-2023,Online,28,,,,,
851001,North America,Canada,iPhone,2096628,87758,25%,Q3,05-05-2023,Offline,24,,,,,
963844,Europe,France,MacBook,7409838,437213,25%,Q3,06-10-2024,Apple Store,23,,,,,
720720,Asia,Japan,MacBook,964641,300085,40%,Q3,16-08-2022,E-Commerce,18,,,,,
304090,Africa,Australia,MacBook,1697088,23175,40%,Q3,05-12-2021,E-Commerce,21,,,,,
381584,Asia,UK,iPad,7336445,207130,30%,Q3,06-01-2024,Offline,37,,,,,
697438,North America,Canada,Wearables,5646709,371864,40%,Q2,02-03-2023,Online,35,,,,,
444966,Asia,Canada,Services,3305364,243923,20%,Q1,12-11-2022,Retail Partner,26,,,,,
826927,Asia,Japan,Services,9052470,331167,30%,Q1,18-02-2020,E-Commerce,34,,,,,
114128,Asia,UK,MacBook,7283667,210751,30%,Q4,31-10-2023,E-Commerce,28,,,,,
227667,South America,China,iPad,8698922,492808,30%,Q1,12-08-2023,Retail Partner,29,,,,,
559198,North America,India,MacBook,5138671,456187,35%,Q1,09-02-2022,E-Commerce,31,,,,,
431959,North America,China,Wearables,7674807,147261,20%,Q4,23-01-2023,Apple Store,39,,,,,
734387,South America,USA,iPhone,1564007,283954,35%,Q4,14-06-2021,Apple Store,24,,,,,
838734,North America,Japan,iPad,2244318,216020,20%,Q2,17-12-2023,Offline,38,,,,,
922211,Europe,Japan,Services,5186934,459225,35%,Q3,28-09-2024,Offline,47,,,,,
451853,North America,Japan,MacBook,7088456,407304,40%,Q1,26-07-2024,Apple Store,34,,,,,
819256,Asia,Brazil,MacBook,6438516,415819,40%,Q2,05-04-2021,Retail Partner,45,,,,,
125480,Oceania,France,iPhone,2122901,347542,20%,Q1,11-12-2022,Offline,30,,,,,
736592,North America,India,Services,7383249,386933,30%,Q1,11-09-2021,Offline,35,,,,,
920233,North America,Japan,Wearables,6161241,410055,25%,Q2,22-01-2023,E-Commerce,18,,,,,
914508,Oceania,Brazil,MacBook,7830699,17686,30%,Q2,03-10-2022,E-Commerce,23,,,,,
857104,Europe,India,MacBook,9501228,28068,25%,Q2,20-03-2020,Offline,34,,,,,
967513,North America,Germany,Wearables,2737465,450393,30%,Q2,12-02-2024,Offline,36,,,,,
568225,Europe,Japan,iPad,4227212,227176,35%,Q4,15-01-2024,Online,26,,,,,
326712,Asia,France,Services,9251519,50496,30%,Q2,18-11-2023,Offline,37,,,,,
647490,North America,Brazil,MacBook,9225720,74130,40%,Q2,22-12-2020,Online,28,,,,,
295726,South America,Japan,Wearables,9611143,146762,20%,Q4,29-07-2023,Online,32,,,,,
530310,Asia,Australia,iPad,5465818,469606,30%,Q2,03-08-2024,Apple Store,40,,,,,
348616,Asia,Australia,MacBook,5562741,445102,40%,Q2,26-01-2021,Retail Partner,26,,,,,
296114,Europe,China,Wearables,8008222,428699,40%,Q2,05-02-2022,Offline,38,,,,,
910389,Europe,Brazil,iPhone,3446910,354452,30%,Q1,28-09-2024,E-Commerce,25,,,,,
649781,North America,Canada,MacBook,3937317,8993,30%,Q2,26-01-2024,Apple Store,18,,,,,
498410,North America,Japan,iPad,2128934,286129,35%,Q3,10-11-2021,Apple Store,29,,,,,
595029,Africa,Brazil,MacBook,2054632,251915,25%,Q4,26-06-2021,Apple Store,47,,,,,
405267,Asia,UK,Services,1078906,486225,40%,Q2,12-01-2022,Retail Partner,41,,,,,
611268,Europe,Brazil,iPad,3395128,430385,30%,Q3,23-10-2022,Retail Partner,43,,,,,
457565,Oceania,Japan,Services,2187245,392385,30%,Q4,10-02-2023,Retail Partner,27,,,,,
558218,North America,China,Services,6769075,386130,40%,Q4,21-10-2022,Retail Partner,25,,,,,
402504,North America,India,MacBook,374836,373765,35%,Q3,08-05-2021,Retail Partner,40,,,,,
194355,South America,USA,iPad,7096976,3376,20%,Q3,07-01-2021,Apple Store,45,,,,,
798327,Asia,Germany,MacBook,2881436,463788,20%,Q2,20-02-2023,E-Commerce,21,,,,,
567924,North America,France,MacBook,5138993,143591,30%,Q1,16-03-2020,Apple Store,38,,,,,
153829,Asia,Japan,iPad,6167689,413043,40%,Q4,20-01-2024,E-Commerce,31,,,,,
463956,Oceania,India,Wearables,792664,379937,20%,Q1,04-05-2023,E-Commerce,20,,,,,
643706,South America,Brazil,Services,3903319,326059,20%,Q4,19-08-2021,Apple Store,32,,,,,
133990,Europe,Australia,MacBook,2466211,243331,20%,Q4,11-01-2021,E-Commerce,25,,,,,
731599,Oceania,Germany,MacBook,5397282,86366,40%,Q2,11-08-2023,Retail Partner,37,,,,,
338348,North America,Australia,iPhone,5367643,130810,30%,Q4,15-11-2024,E-Commerce,34,,,,,
793792,Africa,USA,iPhone,4811174,253421,20%,Q4,24-09-2022,Apple Store,31,,,,,
788050,North America,Canada,MacBook,77896,126147,35%,Q3,06-12-2021,Online,30,,,,,
208797,Oceania,Australia,iPhone,9075673,406454,20%,Q2,12-09-2022,Retail Partner,33,,,,,
450578,North America,Canada,Wearables,7190667,434019,30%,Q1,03-07-2022,E-Commerce,30,,,,,
559840,Oceania,Canada,Services,2474815,220353,40%,Q3,21-05-2020,Apple Store,49,,,,,
980633,South America,Brazil,Services,1606553,23166,35%,Q1,23-07-2021,Online,34,,,,,
321919,Europe,France,MacBook,8831679,203521,30%,Q1,02-02-2021,Online,21,,,,,
347683,Asia,USA,Wearables,160987,250838,40%,Q1,08-08-2024,E-Commerce,32,,,,,
931860,Asia,UK,Services,8589786,53613,20%,Q4,10-05-2021,Apple Store,29,,,,,
729777,Asia,Canada,Services,5189060,132368,40%,Q1,14-01-2023,Offline,39,,,,,
241667,Europe,Japan,Wearables,8722526,484044,40%,Q2,21-02-2021,Online,31,,,,,
578638,Europe,Germany,iPad,8193242,148719,40%,Q4,19-07-2022,Retail Partner,27,,,,,
569849,North America,Brazil,iPhone,4162288,280461,25%,Q2,11-04-2022,Apple Store,29,,,,,
915017,North America,Australia,Wearables,659751,128259,20%,Q3,16-06-2021,Retail Partner,45,,,,,
378847,Asia,Germany,MacBook,1112400,405023,30%,Q2,03-03-2024,Offline,46,,,,,
867106,South America,China,Wearables,1756073,26921,35%,Q2,01-06-2021,Retail Partner,29,,,,,
682691,Africa,Germany,Services,3488300,173308,20%,Q4,29-06-2023,Apple Store,26,,,,,
329934,South America,Canada,iPad,707655,440038,30%,Q1,15-01-2024,E-Commerce,31,,,,,
700068,North America,Canada,Wearables,4414403,445453,30%,Q2,30-11-2022,Apple Store,29,,,,,
204607,North America,Brazil,Wearables,6490342,197892,40%,Q1,09-12-2023,E-Commerce,35,,,,,
592898,North America,India,Services,9633109,324831,40%,Q1,15-05-2021,Online,26,,,,,
532662,Asia,India,iPhone,471713,14874,30%,Q4,26-09-2020,Retail Partner,32,,,,,
127211,Asia,Canada,Services,2318113,108181,20%,Q4,04-02-2021,Retail Partner,45,,,,,
583854,Oceania,Canada,iPhone,8353598,319428,25%,Q3,12-04-2021,E-Commerce,26,,,,,
765139,Europe,France,Wearables,9609058,373902,20%,Q2,06-06-2024,Offline,35,,,,,
401522,Europe,France,iPhone,5206234,482549,40%,Q1,20-05-2024,Apple Store,26,,,,,
665417,North America,Brazil,iPhone,5390784,65762,20%,Q3,16-02-2022,Offline,32,,,,,
557144,Oceania,Germany,Wearables,8657981,214968,25%,Q2,19-08-2020,Apple Store,29,,,,,
441121,Europe,USA,Wearables,7426728,348256,40%,Q3,06-02-2022,Offline,37,,,,,
608599,Asia,Brazil,MacBook,5577411,40013,40%,Q2,07-03-2022,Apple Store,42,,,,,
607753,South America,Canada,iPad,1397535,448145,35%,Q3,04-02-2023,Offline,30,,,,,
443513,South America,India,MacBook,8046549,224276,20%,Q4,18-07-2024,Retail Partner,48,,,,,
511299,North America,China,MacBook,5063235,243234,20%,Q1,24-02-2024,Online,23,,,,,
407521,Africa,Brazil,Services,7573752,228141,30%,Q3,11-06-2021,E-Commerce,30,,,,,
654564,Asia,Germany,iPad,9841731,236165,40%,Q3,22-03-2023,Retail Partner,38,,,,,
240891,South America,USA,MacBook,6697486,180789,40%,Q3,19-04-2023,Apple Store,36,,,,,
680411,North America,India,Services,178087,484293,30%,Q2,16-06-2023,Apple Store,32,,,,,
837510,Europe,Australia,Wearables,389720,396250,25%,Q4,26-05-2023,Offline,20,,,,,
980331,Africa,Japan,Services,9153247,396833,35%,Q2,02-04-2020,E-Commerce,28,,,,,
699494,Oceania,Japan,iPhone,7013475,286953,30%,Q1,22-02-2020,Retail Partner,20,,,,,
813527,Oceania,Germany,Services,4377146,227953,20%,Q1,18-09-2021,Online,26,,,,,
679873,Europe,USA,MacBook,3721823,104982,25%,Q4,18-08-2021,Online,34,,,,,
369208,North America,UK,Services,4022892,10174,25%,Q2,29-11-2023,Retail Partner,32,,,,,
702874,Oceania,France,Services,1033386,471218,40%,Q3,17-06-2020,Offline,39,,,,,
253817,North America,India,Wearables,4442775,371889,40%,Q3,20-12-2024,Online,30,,,,,
373621,Europe,China,iPad,7728492,231256,30%,Q3,19-12-2023,Offline,30,,,,,
574024,Oceania,Brazil,iPad,9302403,128039,30%,Q4,07-12-2022,E-Commerce,29,,,,,
633028,Africa,India,Wearables,7208657,110636,40%,Q3,02-11-2024,Offline,22,,,,,
479524,Asia,Australia,iPhone,4329216,294374,30%,Q2,26-10-2022,Offline,28,,,,,
978400,North America,USA,Wearables,6896451,434916,40%,Q4,25-05-2023,E-Commerce,29,,,,,
955532,Europe,UK,iPad,1667961,101500,35%,Q1,27-08-2020,Online,34,,,,,
870517,Oceania,Australia,iPhone,4755896,395227,20%,Q2,10-01-2021,Online,29,,,,,
689509,South America,Germany,Wearables,5647594,6237,20%,Q3,02-04-2020,E-Commerce,26,,,,,
668595,North America,India,MacBook,5381590,259886,20%,Q1,28-12-2023,E-Commerce,20,,,,,
758828,Asia,USA,iPad,290526,484015,20%,Q3,06-02-2024,Online,34,,,,,
948518,North America,France,Wearables,2753052,142550,30%,Q2,07-07-2020,Retail Partner,26,,,,,
708773,Europe,Canada,MacBook,4592066,234185,30%,Q4,22-08-2021,Offline,29,,,,,
434746,North America,Germany,Wearables,5345475,150642,20%,Q3,22-09-2020,Online,21,,,,,
915068,Asia,China,iPad,7695092,44764,40%,Q3,15-05-2021,Apple Store,33,,,,,
938260,Africa,France,Services,3508750,305724,20%,Q2,06-07-2024,E-Commerce,28,,,,,
334855,Europe,China,MacBook,3579835,91579,20%,Q3,27-05-2022,Offline,19,,,,,
136354,Asia,USA,Wearables,9613380,377960,40%,Q2,18-03-2023,Online,21,,,,,
103238,Asia,Canada,Wearables,685792,438771,20%,Q3,21-01-2023,Apple Store,38,,,,,
146730,North America,China,Services,4712014,193330,40%,Q2,10-09-2021,E-Commerce,31,,,,,
398412,Africa,India,MacBook,6307976,336853,20%,Q4,03-10-2021,Retail Partner,22,,,,,
182282,Asia,China,MacBook,9106890,70662,35%,Q3,31-05-2021,Apple Store,37,,,,,
306267,Africa,Australia,MacBook,3053658,423625,25%,Q4,27-08-2023,Retail Partner,36,,,,,
413453,Asia,Japan,MacBook,4527374,186142,25%,Q4,20-09-2022,E-Commerce,31,,,,,
720249,North America,France,MacBook,9945695,154608,25%,Q3,24-10-2021,Apple Store,48,,,,,
100520,Africa,China,iPhone,99544,397689,20%,Q2,07-09-2024,Apple Store,28,,,,,
758088,Oceania,UK,iPhone,1788417,114684,20%,Q1,01-12-2022,Offline,28,,,,,
237684,Asia,USA,iPhone,7982557,269267,30%,Q1,29-05-2023,Apple Store,24,,,,,
244581,Africa,USA,MacBook,2480392,498483,40%,Q3,17-02-2022,E-Commerce,24,,,,,
557057,Europe,China,iPad,9111206,335851,40%,Q2,14-10-2020,Retail Partner,41,,,,,
409765,Europe,Germany,MacBook,3552093,95030,40%,Q2,28-12-2022,Offline,50,,,,,
593726,Oceania,USA,MacBook,7241702,459240,35%,Q3,01-12-2021,E-Commerce,22,,,,,
705858,North America,Australia,MacBook,2591588,219349,35%,Q4,14-09-2022,Offline,18,,,,,
341702,Asia,UK,iPhone,4813104,91414,30%,Q1,08-09-2022,Apple Store,21,,,,,
711128,Europe,USA,Services,7376631,458008,40%,Q3,12-05-2021,Retail Partner,50,,,,,
363263,South America,Canada,Wearables,7971300,353369,35%,Q3,09-05-2020,Retail Partner,39,,,,,
565720,South America,China,MacBook,5964481,293719,40%,Q2,24-12-2022,E-Commerce,18,,,,,
778209,Asia,India,Services,787274,402403,35%,Q4,04-05-2024,E-Commerce,33,,,,,
211906,Oceania,Germany,iPad,8248327,154194,20%,Q3,14-03-2022,Offline,35,,,,,
608477,Asia,Canada,MacBook,6730429,490719,30%,Q2,20-10-2024,Online,24,,,,,
991401,Europe,USA,Wearables,492717,17088,25%,Q1,28-06-2024,Retail Partner,24,,,,,
267650,South America,France,iPhone,4232376,216020,40%,Q3,10-01-2020,Retail Partner,31,,,,,
946622,Oceania,Brazil,MacBook,6975893,464473,35%,Q2,26-04-2024,Offline,24,,,,,
601156,Oceania,USA,iPhone,2590707,413190,35%,Q3,15-11-2020,Retail Partner,23,,,,,
227218,Oceania,Brazil,iPad,8517147,132127,30%,Q2,14-11-2021,Online,34,,,,,
958742,Africa,Japan,Services,3171589,159307,40%,Q1,27-03-2023,Offline,41,,,,,
294063,Oceania,Canada,Services,5384933,279175,25%,Q3,10-09-2024,Offline,37,,,,,
681086,Europe,Australia,iPad,2305906,216778,40%,Q4,09-05-2023,Apple Store,44,,,,,
209690,North America,UK,iPad,3479101,472146,40%,Q2,20-12-2021,Retail Partner,41,,,,,
117898,Europe,France,Wearables,6115101,61477,30%,Q2,18-05-2023,Retail Partner,34,,,,,
808561,North America,Canada,iPad,5596456,207136,40%,Q2,31-10-2022,Offline,37,,,,,
902326,North America,Canada,iPad,5046548,414715,20%,Q2,30-09-2020,Online,34,,,,,
114901,South America,France,iPhone,1798271,54791,20%,Q2,02-07-2020,Offline,30,,,,,
404565,Europe,Canada,iPhone,1615042,466563,30%,Q2,01-06-2025,Online,21,,,,,
303673,North America,India,MacBook,6905763,287946,40%,Q1,20-05-2023,E-Commerce,21,,,,,
110547,North America,UK,MacBook,7542357,326055,40%,Q1,06-11-2023,Retail Partner,39,,,,,
568350,South America,Canada,iPad,1592312,95658,25%,Q1,29-03-2024,Retail Partner,45,,,,,
526809,South America,France,iPhone,4989221,341385,20%,Q3,07-09-2023,E-Commerce,32,,,,,
636596,Europe,France,Services,2990023,456401,30%,Q2,15-06-2020,Retail Partner,39,,,,,
308149,Oceania,France,Wearables,8989853,229032,20%,Q2,06-12-2020,Online,20,,,,,
654929,Africa,France,iPad,5496647,13684,35%,Q3,28-12-2024,Retail Partner,26,,,,,
341675,North America,UK,MacBook,7705175,386390,20%,Q3,26-11-2020,E-Commerce,29,,,,,
519796,North America,Canada,MacBook,7398115,283844,20%,Q2,02-05-2020,E-Commerce,26,,,,,
360196,Asia,India,Wearables,4846778,118252,20%,Q3,23-01-2024,Apple Store,40,,,,,
941499,Europe,Japan,iPhone,2933538,492984,20%,Q1,22-02-2021,E-Commerce,22,,,,,
877902,South America,USA,iPad,3664197,437514,30%,Q3,10-08-2021,Apple Store,41,,,,,
325336,North America,China,iPad,6665049,293302,20%,Q4,21-02-2024,Offline,38,,,,,
164777,North America,China,Services,8238769,341946,40%,Q3,20-06-2022,Online,26,,,,,
940664,Asia,UK,iPhone,3744131,125973,35%,Q3,16-01-2021,Retail Partner,22,,,,,
453579,Asia,Brazil,Wearables,3362835,379000,40%,Q1,08-05-2023,Apple Store,34,,,,,
443623,Oceania,Australia,Wearables,4201902,22610,20%,Q4,30-07-2023,Offline,29,,,,,
820370,Oceania,India,Services,481926,56512,30%,Q2,27-01-2023,Offline,46,,,,,
687543,Europe,Brazil,iPad,2968846,358797,40%,Q3,01-06-2024,Online,33,,,,,
209289,South America,USA,Wearables,7827216,218776,30%,Q2,19-05-2023,Offline,23,,,,,
403327,Europe,France,Services,8248444,348125,20%,Q1,09-05-2023,E-Commerce,28,,,,,
923468,North America,Australia,iPad,1715813,386721,30%,Q2,14-06-2023,Online,34,,,,,
357760,North America,USA,Wearables,6768194,119065,30%,Q2,07-11-2021,Retail Partner,24,,,,,
709606,North America,Japan,iPhone,1192632,226466,20%,Q4,25-05-2024,E-Commerce,29,,,,,
345420,North America,Australia,iPad,166189,257731,30%,Q1,12-05-2023,Retail Partner,33,,,,,
653090,South America,India,Wearables,6277741,61516,30%,Q3,04-10-2021,Online,18,,,,,
698402,Asia,Australia,Wearables,4440317,391339,35%,Q4,06-03-2024,E-Commerce,33,,,,,
540924,Oceania,France,Wearables,747383,484468,40%,Q2,08-01-2024,Apple Store,29,,,,,
333196,Oceania,UK,Wearables,1934620,255601,40%,Q1,27-11-2020,E-Commerce,23,,,,,
616276,Africa,USA,MacBook,4909929,343704,30%,Q2,17-08-2021,Retail Partner,42,,,,,
678276,South America,India,iPad,8794376,306819,40%,Q4,07-03-2023,Retail Partner,45,,,,,
415818,South America,Japan,iPad,4554787,242341,35%,Q2,30-08-2024,Retail Partner,37,,,,,
998216,Asia,Germany,Services,3727709,290503,35%,Q2,05-07-2021,Retail Partner,31,,,,,
362308,South America,Germany,Wearables,5552549,350527,40%,Q3,20-02-2023,Apple Store,31,,,,,
612820,Africa,Germany,iPhone,5621336,261837,25%,Q1,01-06-2022,E-Commerce,19,,,,,
492911,Asia,China,Services,4380486,251024,20%,Q2,13-05-2020,Retail Partner,38,,,,,
180758,Africa,France,iPhone,4847621,302360,40%,Q3,29-04-2021,Retail Partner,26,,,,,
854524,Asia,China,iPhone,6847059,459547,40%,Q2,16-09-2021,E-Commerce,19,,,,,
598266,North America,India,Services,6253412,122723,40%,Q3,02-06-2023,Apple Store,44,,,,,
589373,North America,India,iPad,1530571,287133,20%,Q4,05-12-2024,Apple Store,40,,,,,
169488,South America,Brazil,iPad,3534292,225787,40%,Q1,21-12-2023,Offline,42,,,,,
580704,Africa,USA,iPhone,4927789,145574,35%,Q2,18-11-2023,E-Commerce,19,,,,,
518859,Africa,France,Wearables,6349145,237126,25%,Q4,23-10-2021,Online,32,,,,,
755380,Europe,France,MacBook,1955018,359716,40%,Q2,09-12-2024,Apple Store,24,,,,,
690702,North America,Canada,iPad,7877190,235805,20%,Q1,17-03-2020,Offline,27,,,,,
963029,North America,Canada,Wearables,1688418,349776,20%,Q2,21-05-2023,E-Commerce,29,,,,,
267752,Europe,Germany,iPad,1717954,389178,35%,Q2,24-05-2023,Online,31,,,,,
140823,North America,France,Services,2146813,257901,20%,Q2,04-12-2021,Offline,25,,,,,
269308,Africa,France,MacBook,8527156,477853,40%,Q4,18-09-2022,Apple Store,26,,,,,
126611,North America,Canada,MacBook,970270,446918,20%,Q1,21-09-2020,Apple Store,40,,,,,
433409,North America,China,Services,6374150,310397,40%,Q3,10-03-2024,Apple Store,34,,,,,
582240,North America,UK,Wearables,6945226,449622,20%,Q3,05-01-2023,Online,20,,,,,
330169,Asia,France,iPhone,8228770,142802,40%,Q1,10-04-2022,Apple Store,23,,,,,
146154,Europe,China,MacBook,9586804,195573,35%,Q2,03-12-2021,Apple Store,45,,,,,
646382,Europe,India,iPad,8851053,366834,30%,Q4,23-01-2025,Online,28,,,,,
143665,North America,Brazil,iPad,2808244,186384,30%,Q2,08-05-2020,Apple Store,27,,,,,
293647,Europe,Brazil,Services,6342862,116986,35%,Q2,14-11-2021,E-Commerce,31,,,,,
723858,Europe,Canada,iPad,4471792,236108,35%,Q2,29-12-2024,Apple Store,36,,,,,
223105,Africa,China,MacBook,7374020,472857,30%,Q2,20-01-2021,E-Commerce,31,,,,,
515890,Europe,Japan,MacBook,6535203,167773,20%,Q1,07-03-2022,Offline,36,,,,,
539702,Europe,Canada,Services,668549,251167,30%,Q3,12-08-2021,Retail Partner,42,,,,,
801142,Asia,China,Wearables,1787671,222476,30%,Q3,25-05-2020,E-Commerce,30,,,,,
488952,Oceania,India,iPad,323274,292053,30%,Q2,19-02-2023,Online,35,,,,,
996266,North America,Germany,Wearables,7769224,435139,40%,Q3,12-09-2024,Retail Partner,42,,,,,
511881,Asia,UK,iPad,1068781,336364,40%,Q3,02-10-2023,E-Commerce,25,,,,,
786194,Africa,Canada,iPad,8309525,69261,30%,Q1,06-10-2024,Retail Partner,37,,,,,
870539,North America,Japan,MacBook,9127808,288042,30%,Q2,07-01-2025,Retail Partner,29,,,,,
930526,South America,Canada,Services,7361241,82564,25%,Q4,02-02-2024,Online,28,,,,,
770592,Asia,Brazil,Services,3361789,63674,40%,Q4,12-06-2022,Retail Partner,49,,,,,
260214,Africa,Brazil,iPad,1624719,205023,40%,Q4,21-11-2023,Apple Store,41,,,,,
748506,Oceania,France,Services,7381594,163965,35%,Q2,29-03-2021,Apple Store,26,,,,,
893856,North America,USA,iPad,8094403,135138,20%,Q4,22-01-2022,Apple Store,44,,,,,
783120,Asia,India,iPad,7765136,435151,35%,Q3,30-09-2023,Online,26,,,,,
346765,Africa,UK,iPad,2778598,379373,35%,Q4,17-02-2021,Offline,38,,,,,
662813,Africa,Germany,Wearables,9046559,120626,30%,Q2,03-08-2021,Apple Store,26,,,,,
274885,Asia,France,MacBook,1771516,472340,20%,Q1,06-01-2022,Apple Store,48,,,,,
971717,Africa,Australia,MacBook,7638401,119338,25%,Q3,09-05-2023,Apple Store,27,,,,,
847483,Africa,France,Services,165161,491988,40%,Q1,06-04-2024,Online,28,,,,,
876919,Europe,Canada,MacBook,978704,367285,20%,Q4,23-03-2023,Apple Store,49,,,,,
907156,North America,UK,iPad,2585556,43681,20%,Q1,30-10-2020,Apple Store,34,,,,,
992551,North America,Brazil,Services,6747554,34697,25%,Q1,22-09-2021,Offline,42,,,,,
201899,Africa,Canada,Wearables,1858480,16818,35%,Q3,07-05-2024,Apple Store,37,,,,,
617973,Europe,China,iPad,670386,46999,30%,Q2,26-03-2021,Retail Partner,45,,,,,
937686,Oceania,Germany,MacBook,9802590,39989,30%,Q4,01-03-2025,Retail Partner,29,,,,,
698179,Africa,Brazil,Wearables,502355,340432,20%,Q3,21-04-2022,Online,25,,,,,
995053,North America,Canada,MacBook,1726108,148271,40%,Q1,11-05-2021,E-Commerce,26,,,,,
664146,South America,UK,Wearables,1552259,240222,25%,Q1,29-08-2021,Offline,41,,,,,
690751,North America,France,iPad,7117322,412025,40%,Q1,06-06-2022,Offline,29,,,,,
369240,South America,Canada,MacBook,7336088,478222,25%,Q3,27-08-2023,Apple Store,48,,,,,
544610,Oceania,USA,MacBook,4172774,168232,30%,Q2,14-12-2020,Offline,30,,,,,
206008,Africa,France,iPhone,1766308,489200,35%,Q2,23-07-2020,Online,20,,,,,
828838,North America,UK,iPhone,7840406,270989,40%,Q1,15-06-2023,E-Commerce,19,,,,,
866356,South America,Australia,Wearables,4017332,280585,30%,Q1,07-02-2021,Offline,29,,,,,
828235,North America,India,iPhone,9727614,121273,20%,Q3,23-09-2022,Offline,25,,,,,
892672,South America,Australia,MacBook,7552091,104705,35%,Q3,29-04-2020,Apple Store,50,,,,,
267910,North America,Japan,MacBook,3419854,214096,20%,Q1,10-04-2022,Offline,21,,,,,
390373,Europe,Australia,Wearables,8673863,399497,35%,Q1,02-08-2023,Offline,38,,,,,
992422,Africa,India,MacBook,4491292,48437,35%,Q4,26-09-2023,Retail Partner,47,,,,,
274559,North America,Germany,iPad,5083817,109894,35%,Q4,14-12-2024,E-Commerce,34,,,,,
208235,North America,UK,Wearables,6917669,182600,30%,Q2,09-08-2020,Online,23,,,,,
635963,North America,Australia,iPhone,3590050,217729,20%,Q1,02-05-2023,E-Commerce,19,,,,,
827809,North America,France,Wearables,798805,478719,20%,Q3,12-09-2024,Online,27,,,,,
299346,Europe,UK,Wearables,6416872,117342,30%,Q1,31-10-2022,Offline,33,,,,,
166656,South America,China,Services,1477051,311727,30%,Q2,07-01-2023,Retail Partner,35,,,,,
326759,South America,Japan,MacBook,5569029,254573,40%,Q1,22-05-2022,Retail Partner,24,,,,,
457722,North America,UK,MacBook,8990416,175544,20%,Q4,17-02-2021,E-Commerce,25,,,,,
304913,Oceania,Canada,Wearables,6609580,129035,20%,Q2,09-08-2023,Apple Store,22,,,,,
844164,South America,USA,Services,8758720,259410,20%,Q4,04-09-2020,Offline,27,,,,,
738606,North America,UK,iPhone,1689060,300315,20%,Q4,20-05-2022,Offline,30,,,,,
949268,Asia,China,Wearables,4821270,229856,20%,Q2,29-12-2022,Retail Partner,36,,,,,
488942,South America,Australia,Wearables,93901,235816,30%,Q1,24-05-2024,Apple Store,34,,,,,
369741,Europe,Germany,Services,3402795,157236,20%,Q4,13-09-2022,Offline,28,,,,,
745892,Europe,USA,Services,2733758,26904,35%,Q1,02-02-2020,E-Commerce,26,,,,,
199494,South America,Japan,iPhone,7030348,62524,20%,Q1,18-02-2023,Retail Partner,22,,,,,
722112,Oceania,USA,Services,8088664,353566,30%,Q4,27-01-2023,Online,34,,,,,
529598,North America,China,iPad,4770023,363038,25%,Q2,30-11-2023,Retail Partner,45,,,,,
131040,Asia,Germany,MacBook,6286721,183273,40%,Q4,30-01-2023,Online,24,,,,,
694454,Oceania,India,MacBook,4151258,189558,35%,Q4,19-02-2020,Retail Partner,30,,,,,
587438,South America,Brazil,MacBook,5133343,173702,40%,Q3,26-06-2020,Apple Store,24,,,,,
984800,North America,UK,Services,3939172,327646,25%,Q4,24-05-2024,Offline,38,,,,,
763887,Africa,China,iPhone,3909874,215801,20%,Q1,11-12-2023,Retail Partner,20,,,,,
973985,Europe,Germany,Wearables,1893724,310576,25%,Q3,25-09-2023,Apple Store,41,,,,,
869202,Oceania,Australia,Wearables,5862598,245289,35%,Q4,01-02-2021,E-Commerce,22,,,,,
174976,Africa,Japan,MacBook,4838308,444122,25%,Q1,27-04-2020,Retail Partner,31,,,,,
721958,North America,Australia,Wearables,8232776,371467,40%,Q1,23-02-2023,E-Commerce,23,,,,,
797384,Asia,India,iPad,2236956,224834,20%,Q4,11-03-2023,Retail Partner,34,,,,,
789054,Europe,Brazil,iPhone,8148288,347995,30%,Q3,22-10-2020,Retail Partner,30,,,,,
643819,Oceania,India,iPhone,6505771,78195,30%,Q3,06-11-2023,Retail Partner,33,,,,,
496573,South America,Brazil,Wearables,9569234,73740,35%,Q3,09-07-2023,Apple Store,26,,,,,
341997,Oceania,Japan,iPad,6915501,422612,40%,Q3,16-06-2022,Retail Partner,25,,,,,
110226,South America,China,Services,8535866,15289,30%,Q2,15-09-2022,E-Commerce,29,,,,,
975184,North America,India,iPhone,5436633,215884,25%,Q2,10-05-2021,Online,28,,,,,
337360,Oceania,USA,iPad,3856566,213585,30%,Q3,28-05-2022,Retail Partner,38,,,,,
525123,Europe,Japan,Services,704363,138862,40%,Q2,07-02-2020,Offline,43,,,,,
258607,North America,China,MacBook,7133292,361099,40%,Q4,12-12-2024,Retail Partner,32,,,,,
716080,Asia,Australia,iPhone,3248528,235626,20%,Q1,06-09-2024,E-Commerce,30,,,,,
260911,Asia,Australia,Wearables,2743621,466941,35%,Q2,04-03-2020,E-Commerce,34,,,,,
117420,South America,UK,Wearables,3092097,405377,40%,Q3,05-10-2024,Offline,36,,,,,
246008,North America,China,MacBook,6637061,334159,35%,Q4,07-11-2023,Apple Store,48,,,,,
897713,Africa,Germany,Services,4170750,179359,30%,Q1,28-10-2020,Apple Store,26,,,,,
457203,South America,Australia,MacBook,4184175,170866,30%,Q1,23-07-2020,Apple Store,41,,,,,
321306,Oceania,Japan,iPhone,9847985,126031,35%,Q3,02-01-2022,E-Commerce,27,,,,,
322798,Oceania,USA,iPhone,2748147,387053,25%,Q1,10-02-2021,Offline,32,,,,,
814507,Africa,China,Wearables,2899226,159681,20%,Q3,08-06-2022,Apple Store,19,,,,,
528350,Asia,Germany,iPad,7356597,429970,30%,Q2,14-01-2024,Online,30,,,,,
935081,South America,UK,Wearables,3571745,52514,35%,Q1,14-12-2023,E-Commerce,31,,,,,
833160,Europe,Germany,Services,2008841,49261,20%,Q1,12-11-2023,E-Commerce,33,,,,,
946193,North America,China,iPhone,6557911,170172,35%,Q4,04-09-2021,Apple Store,29,,,,,
886948,Europe,India,MacBook,5675929,7268,25%,Q2,04-07-2021,Apple Store,44,,,,,
180316,North America,Brazil,MacBook,1350541,441677,35%,Q2,27-09-2023,E-Commerce,20,,,,,
851115,Europe,Brazil,MacBook,2566521,451817,35%,Q3,22-08-2023,E-Commerce,27,,,,,
746946,South America,Germany,MacBook,7473863,180627,35%,Q4,12-02-2024,Retail Partner,47,,,,,
345660,South America,China,iPad,9597564,288402,20%,Q1,29-10-2020,Retail Partner,30,,,,,
415507,North America,Canada,iPad,2659758,425899,20%,Q1,21-05-2020,Offline,32,,,,,
417027,North America,Japan,Services,1474730,399743,30%,Q3,28-09-2020,Online,25,,,,,
689809,Asia,Japan,iPad,9531809,498188,30%,Q1,21-06-2021,Retail Partner,25,,,,,
528268,North America,Germany,iPad,2190267,302096,20%,Q2,15-07-2022,Retail Partner,29,,,,,
880296,Africa,Brazil,MacBook,7474145,454748,25%,Q2,29-08-2020,Offline,49,,,,,
314388,Africa,Germany,MacBook,7174916,47412,30%,Q4,12-08-2021,Online,18,,,,,
743845,Asia,UK,Services,9341337,328473,35%,Q4,18-11-2022,Apple Store,47,,,,,
720827,Europe,USA,MacBook,151002,296632,35%,Q3,09-08-2021,Apple Store,45,,,,,
979752,North America,Brazil,Wearables,8503333,206932,40%,Q2,25-04-2020,Apple Store,28,,,,,
148007,Asia,Canada,MacBook,4924782,357118,40%,Q3,22-06-2024,Retail Partner,18,,,,,
784396,Africa,Japan,iPad,8469385,188193,35%,Q2,24-04-2024,Offline,36,,,,,
340729,North America,Australia,Wearables,1044211,227606,20%,Q2,03-11-2022,Offline,45,,,,,
592696,Europe,Canada,Services,9363859,459628,30%,Q4,29-11-2020,Online,28,,,,,
387389,South America,France,iPhone,6884015,153583,40%,Q4,04-11-2020,Apple Store,32,,,,,
744040,South America,USA,MacBook,8951736,250076,30%,Q4,31-12-2022,E-Commerce,18,,,,,
912768,Africa,China,Services,5986806,315870,30%,Q2,04-09-2020,E-Commerce,31,,,,,
790691,Oceania,Japan,iPad,6121900,246472,40%,Q1,10-09-2020,Online,34,,,,,
617172,South America,China,Services,4655624,419638,35%,Q4,14-02-2021,Offline,49,,,,,
369020,North America,USA,MacBook,4609850,108562,40%,Q4,29-06-2024,Online,28,,,,,
159425,South America,France,iPhone,9660514,141577,20%,Q1,30-01-2024,Offline,20,,,,,
212227,North America,USA,MacBook,5800584,309340,20%,Q2,18-03-2021,Offline,44,,,,,
477430,Africa,China,Services,3651354,387233,20%,Q3,22-05-2024,Retail Partner,46,,,,,
941290,Oceania,Germany,Wearables,2326917,9594,30%,Q4,04-09-2020,Online,35,,,,,
299588,North America,India,MacBook,2350379,283374,20%,Q2,19-12-2022,Retail Partner,23,,,,,
570166,South America,China,iPad,3535140,368551,25%,Q1,12-11-2024,Retail Partner,28,,,,,
121475,North America,Japan,iPhone,1124757,484479,35%,Q4,16-09-2024,Retail Partner,26,,,,,
391577,Africa,Australia,Wearables,7802408,70750,20%,Q1,15-12-2022,Online,32,,,,,
972583,Africa,USA,iPhone,727014,246418,40%,Q1,02-05-2024,Offline,22,,,,,
995172,Asia,USA,iPad,8810430,189246,30%,Q4,12-03-2020,E-Commerce,27,,,,,
308125,Africa,France,Wearables,1651317,296900,35%,Q4,03-10-2021,Retail Partner,19,,,,,
851935,North America,China,MacBook,116784,30120,40%,Q4,14-09-2023,Online,31,,,,,
823871,South America,France,Services,8990861,448882,25%,Q1,08-01-2021,Apple Store,35,,,,,
935409,South America,France,Wearables,5280682,146055,20%,Q1,13-09-2020,E-Commerce,24,,,,,
922903,Oceania,China,Wearables,1624017,420414,40%,Q1,17-03-2024,Retail Partner,41,,,,,
126107,South America,USA,MacBook,6015682,166225,35%,Q2,18-07-2024,Retail Partner,38,,,,,
667206,Africa,India,iPhone,1619651,333347,25%,Q1,29-12-2021,Retail Partner,28,,,,,
669447,Africa,Japan,iPad,6305044,396778,35%,Q2,17-11-2020,Apple Store,30,,,,,
741879,North America,Canada,iPhone,1174368,491710,30%,Q3,10-11-2021,E-Commerce,29,,,,,
840247,Europe,Brazil,Wearables,5541046,400667,20%,Q2,08-05-2023,E-Commerce,29,,,,,
772489,Europe,France,iPhone,7287873,232356,40%,Q3,21-12-2022,Offline,33,,,,,
720737,North America,Japan,Wearables,85770,428383,25%,Q1,20-08-2020,Online,32,,,,,
332984,Africa,China,Services,7302361,166340,20%,Q3,26-01-2023,Offline,49,,,,,
683609,North America,Canada,Wearables,5034986,288747,30%,Q2,22-04-2023,Offline,36,,,,,
442165,North America,France,iPad,3552653,439608,25%,Q4,26-03-2023,Apple Store,38,,,,,
203050,Europe,Germany,iPhone,3685385,12642,30%,Q2,26-06-2021,E-Commerce,24,,,,,
365339,Europe,Canada,iPad,3946170,268584,40%,Q3,06-11-2023,Offline,31,,,,,
655850,Oceania,China,Wearables,4151311,420871,35%,Q3,17-12-2024,E-Commerce,18,,,,,
722199,South America,Australia,MacBook,2035020,281595,25%,Q3,09-01-2021,Online,30,,,,,
560920,North America,Brazil,iPhone,1658000,65600,35%,Q1,03-05-2021,Offline,24,,,,,
440687,North America,China,iPad,8332833,11735,40%,Q3,16-08-2020,Online,26,,,,,
688718,North America,Australia,iPhone,4932983,292723,30%,Q1,06-04-2022,E-Commerce,34,,,,,
585848,North America,Canada,Wearables,6054410,308104,40%,Q2,11-02-2024,Online,29,,,,,
503182,North America,Germany,Wearables,355824,432901,25%,Q3,13-01-2021,E-Commerce,34,,,,,
454708,Oceania,Australia,iPad,3135972,291471,20%,Q4,31-03-2024,Retail Partner,39,,,,,
463329,North America,Japan,iPhone,249699,7257,25%,Q2,05-03-2023,Retail Partner,30,,,,,
973501,North America,USA,Wearables,1924725,80712,35%,Q1,29-11-2024,E-Commerce,32,,,,,
682401,Oceania,France,iPhone,2989858,9193,40%,Q1,04-09-2020,Retail Partner,23,,,,,
429714,North America,Germany,Wearables,4075935,416189,40%,Q3,15-07-2020,Online,24,,,,,
970572,North America,India,iPhone,5376776,366849,20%,Q1,11-11-2024,E-Commerce,27,,,,,
462286,South America,Canada,iPad,917646,273063,25%,Q2,08-03-2021,Retail Partner,37,,,,,
327703,North America,China,Services,9547890,40945,40%,Q4,22-01-2025,Apple Store,26,,,,,
507612,Europe,China,MacBook,6366344,71931,25%,Q3,31-08-2023,Retail Partner,23,,,,,
234975,North America,India,Services,9836240,322557,40%,Q1,05-11-2021,Offline,34,,,,,
250501,Oceania,India,iPhone,9682261,287264,20%,Q2,26-01-2024,Retail Partner,27,,,,,
180168,South America,Germany,Services,2578285,47762,40%,Q3,13-02-2021,Offline,40,,,,,
853595,North America,Germany,iPad,8154342,163466,30%,Q1,09-07-2023,E-Commerce,33,,,,,
794125,Asia,USA,Wearables,4851403,429784,30%,Q1,03-11-2020,Online,18,,,,,
579443,North America,Canada,Services,6563268,72204,20%,Q3,06-09-2022,Offline,46,,,,,
800220,Europe,Japan,iPhone,5079750,416763,40%,Q2,21-08-2022,Apple Store,18,,,,,
977956,South America,Canada,MacBook,4251481,298702,40%,Q1,16-07-2021,Apple Store,30,,,,,
235695,North America,France,Wearables,9727253,114711,20%,Q2,28-03-2023,Apple Store,33,,,,,
737087,South America,Brazil,Wearables,8436748,149268,30%,Q2,06-04-2020,E-Commerce,29,,,,,
591299,Asia,Japan,iPhone,5941791,201122,40%,Q2,18-09-2022,Online,33,,,,,
686879,Oceania,Australia,Wearables,191269,83717,35%,Q1,29-09-2020,Online,27,,,,,
256287,Africa,Australia,MacBook,3534292,490433,20%,Q2,03-10-2023,Apple Store,34,,,,,
594076,Africa,Canada,iPhone,6327594,102149,30%,Q1,17-03-2024,E-Commerce,29,,,,,
805290,North America,Brazil,iPad,118971,372227,20%,Q4,17-08-2023,Retail Partner,26,,,,,
228830,Europe,Japan,Wearables,1838289,394656,20%,Q2,01-08-2020,Apple Store,30,,,,,
148906,Oceania,Japan,Services,5151510,430846,30%,Q4,25-10-2022,Online,31,,,,,
750818,Europe,UK,iPhone,3057144,80550,35%,Q2,19-02-2021,E-Commerce,23,,,,,
735342,Africa,India,iPad,7766799,13037,20%,Q4,10-04-2024,Apple Store,34,,,,,
355376,Africa,France,iPad,7731904,162416,30%,Q3,16-01-2021,Apple Store,34,,,,,
131301,North America,Japan,Services,2185487,215188,20%,Q3,02-04-2023,Apple Store,49,,,,,
790686,Asia,Brazil,iPhone,9843468,309217,20%,Q2,06-10-2024,Apple Store,18,,,,,
483269,North America,France,MacBook,8448369,102935,20%,Q3,28-06-2023,Apple Store,32,,,,,
555667,Europe,India,iPad,627383,489061,30%,Q1,12-05-2020,Offline,43,,,,,
146691,South America,Australia,iPhone,80223,336031,20%,Q2,14-11-2021,Offline,32,,,,,
827913,North America,Japan,MacBook,4227713,173283,20%,Q1,25-03-2023,Apple Store,23,,,,,
173054,Europe,UK,Services,9842437,182572,25%,Q2,22-05-2024,Online,33,,,,,
611706,North America,Canada,MacBook,9785736,2099,20%,Q1,04-10-2022,Offline,45,,,,,
491142,South America,UK,iPad,1086701,216275,20%,Q3,15-08-2023,Offline,25,,,,,
382293,South America,Australia,iPad,3555369,255958,40%,Q3,30-08-2024,Online,25,,,,,
265999,North America,Australia,Wearables,2983811,10536,30%,Q1,15-10-2024,Offline,24,,,,,
813775,South America,USA,Wearables,6260612,387348,20%,Q2,07-09-2022,Online,20,,,,,
963565,Africa,USA,Services,7205877,191997,30%,Q1,07-06-2022,Retail Partner,49,,,,,
515296,North America,France,Services,9491700,351340,30%,Q2,31-05-2021,Apple Store,44,,,,,
961513,Europe,France,Wearables,9985691,12973,20%,Q4,04-11-2023,Offline,40,,,,,
693505,Europe,UK,MacBook,3779227,303907,35%,Q4,10-03-2024,E-Commerce,19,,,,,
871104,Oceania,India,Wearables,4725857,274769,25%,Q1,08-05-2024,Retail Partner,19,,,,,
493997,Europe,Brazil,Services,4246940,367791,30%,Q3,08-08-2020,Offline,31,,,,,
681035,Africa,France,MacBook,9349046,174694,20%,Q1,10-07-2022,Offline,40,,,,,
553879,Africa,Brazil,iPad,8961472,358636,30%,Q4,17-09-2020,Online,35,,,,,
472970,Oceania,UK,iPhone,564474,449275,40%,Q2,30-05-2020,Retail Partner,34,,,,,
219749,Oceania,Brazil,Wearables,6535315,93528,30%,Q3,17-09-2024,E-Commerce,32,,,,,
428260,North America,France,iPhone,5508402,264571,40%,Q3,15-01-2025,Apple Store,21,,,,,
496814,Europe,France,MacBook,3846496,179416,35%,Q1,31-03-2024,Online,26,,,,,
721073,Oceania,Japan,Wearables,1277579,456938,25%,Q4,05-06-2024,Apple Store,41,,,,,
150641,North America,Australia,iPad,5487064,25852,40%,Q1,15-07-2021,Retail Partner,29,,,,,
239588,North America,UK,iPad,7478107,15495,25%,Q4,05-04-2022,Offline,40,,,,,
626223,North America,France,iPad,4402830,49485,30%,Q2,12-10-2023,E-Commerce,25,,,,,
944877,North America,Brazil,Services,5474692,7140,40%,Q2,01-01-2024,Retail Partner,30,,,,,
564464,North America,India,iPhone,9760559,372965,35%,Q1,20-02-2020,Online,33,,,,,
132373,South America,Canada,iPhone,840987,324190,40%,Q3,17-08-2020,Offline,33,,,,,
539846,Europe,India,MacBook,359491,462547,35%,Q4,26-01-2024,Retail Partner,25,,,,,
395077,Asia,Brazil,iPad,1677963,12554,20%,Q1,10-09-2022,Retail Partner,31,,,,,
276453,Europe,Japan,Wearables,5687000,73835,20%,Q2,26-07-2024,E-Commerce,22,,,,,
783223,North America,China,iPad,4783728,458860,30%,Q4,27-03-2024,Retail Partner,32,,,,,
360064,Africa,USA,iPhone,7814270,483096,40%,Q2,16-08-2023,E-Commerce,21,,,,,
955247,Africa,Canada,iPad,245434,99590,35%,Q4,28-04-2020,Offline,41,,,,,
854224,Asia,USA,MacBook,1400990,108440,20%,Q4,25-08-2022,Offline,28,,,,,
774841,South America,China,Wearables,3232549,401767,30%,Q2,09-04-2024,Apple Store,42,,,,,
167569,Oceania,China,Services,3011734,178990,20%,Q1,20-02-2020,E-Commerce,29,,,,,
764601,South America,India,MacBook,5098655,204730,35%,Q3,21-06-2020,Retail Partner,35,,,,,
747355,Africa,Japan,MacBook,2224231,401283,30%,Q1,31-08-2023,Apple Store,34,,,,,
331408,Africa,UK,Services,2436989,165575,35%,Q2,29-06-2020,Online,30,,,,,
568778,Europe,China,Services,9611240,319617,20%,Q3,20-03-2024,Apple Store,31,,,,,
512422,North America,USA,iPad,239708,214544,30%,Q3,10-06-2024,Online,29,,,,,
211772,North America,Germany,Services,5512197,64772,30%,Q2,15-06-2021,Online,33,,,,,
414305,North America,India,iPhone,3047486,121929,30%,Q4,21-01-2021,E-Commerce,27,,,,,
423069,Asia,USA,MacBook,4021643,429068,30%,Q2,01-09-2024,Online,31,,,,,
869930,South America,USA,iPhone,7728636,368301,40%,Q3,27-06-2024,Retail Partner,28,,,,,
396812,Asia,India,Wearables,8952138,168027,20%,Q4,17-06-2021,Apple Store,43,,,,,
693664,North America,Brazil,iPad,6894523,306118,35%,Q1,30-12-2024,Online,31,,,,,
653063,Africa,India,MacBook,9054131,181094,25%,Q2,10-03-2022,Apple Store,33,,,,,
714741,North America,Brazil,Wearables,5474288,353187,25%,Q1,13-08-2020,Retail Partner,30,,,,,
716210,Oceania,France,Wearables,6516073,347541,20%,Q2,24-05-2022,Online,28,,,,,
700671,Oceania,India,iPad,8890632,144600,40%,Q1,05-04-2024,E-Commerce,32,,,,,
540869,Africa,UK,MacBook,1812505,198750,20%,Q1,17-12-2024,E-Commerce,22,,,,,
104935,South America,UK,MacBook,5986082,388085,40%,Q1,30-08-2024,Apple Store,41,,,,,
786717,Asia,Germany,Services,6908136,358727,35%,Q1,29-01-2020,Online,26,,,,,
472631,North America,France,Services,8952445,377434,25%,Q3,23-05-2023,Offline,28,,,,,
486889,North America,Germany,iPhone,7810491,92724,40%,Q2,07-06-2021,Offline,27,,,,,
204350,Europe,Canada,iPhone,4577742,394965,20%,Q2,25-11-2020,Offline,28,,,,,
959107,Oceania,USA,MacBook,9077736,314359,20%,Q3,30-09-2021,Online,19,,,,,
697395,Africa,China,Wearables,9597334,32152,40%,Q2,01-04-2022,Online,35,,,,,
548726,South America,Japan,MacBook,9833936,171470,20%,Q3,16-10-2022,E-Commerce,32,,,,,
854252,North America,Germany,MacBook,3970375,202126,30%,Q1,16-01-2023,Online,34,,,,,
352713,Africa,Brazil,Wearables,9156808,350441,20%,Q1,27-01-2022,Offline,45,,,,,
201970,Asia,Germany,MacBook,5382582,159636,20%,Q1,12-06-2023,E-Commerce,22,,,,,
836788,North America,Canada,iPhone,8661565,101408,30%,Q3,25-08-2023,Offline,19,,,,,
121516,Oceania,UK,Wearables,6289459,265132,25%,Q1,24-07-2023,E-Commerce,18,,,,,
307118,South America,Brazil,MacBook,667815,204634,25%,Q2,31-08-2022,E-Commerce,23,,,,,
643174,Africa,Japan,Wearables,3877852,449234,20%,Q1,14-11-2022,Offline,41,,,,,
748322,North America,Australia,Wearables,5527904,450847,20%,Q2,13-01-2023,Apple Store,34,,,,,
385745,North America,Germany,MacBook,8539858,312960,35%,Q1,09-05-2024,Offline,42,,,,,
697475,Asia,Japan,MacBook,1337787,434286,40%,Q2,16-09-2024,E-Commerce,34,,,,,
717903,Asia,France,MacBook,5801382,312493,20%,Q2,21-07-2020,Retail Partner,45,,,,,
937207,South America,UK,iPad,5678710,125084,40%,Q1,06-06-2023,Offline,41,,,,,
614324,South America,Australia,MacBook,6525526,453624,40%,Q2,14-02-2021,Online,30,,,,,
543276,North America,UK,iPhone,5900584,128446,35%,Q1,05-10-2021,Retail Partner,23,,,,,
896406,Europe,Japan,Services,3690027,497465,20%,Q2,01-12-2023,Online,31,,,,,
916869,North America,Japan,Wearables,4888854,242646,30%,Q3,10-01-2022,E-Commerce,35,,,,,
620544,North America,France,iPad,601039,490722,25%,Q1,14-10-2023,E-Commerce,31,,,,,
925757,South America,Japan,Services,8174460,231110,20%,Q1,10-09-2022,E-Commerce,33,,,,,
707496,Africa,Germany,iPhone,2960853,40316,30%,Q3,18-08-2022,E-Commerce,30,,,,,
588248,Africa,USA,MacBook,7507385,211464,20%,Q1,07-03-2022,Online,19,,,,,
337500,South America,USA,MacBook,8821753,333931,40%,Q4,11-09-2020,Retail Partner,45,,,,,
774389,Oceania,France,iPhone,1756474,111022,25%,Q2,01-05-2021,E-Commerce,34,,,,,
901204,Africa,India,MacBook,6219812,329040,30%,Q2,28-11-2021,Apple Store,24,,,,,
215750,Africa,China,iPhone,9629412,498306,40%,Q2,18-04-2021,Online,25,,,,,
778433,North America,Australia,iPad,5818979,180642,20%,Q2,02-07-2023,E-Commerce,35,,,,,
838968,Europe,India,iPhone,6209625,249035,20%,Q3,25-02-2020,Apple Store,22,,,,,
852713,Africa,China,MacBook,312954,136069,35%,Q2,14-09-2021,Apple Store,25,,,,,
930898,Europe,Brazil,Wearables,8509756,101581,20%,Q1,23-10-2020,Offline,44,,,,,
860218,Oceania,USA,Wearables,403378,335655,25%,Q1,19-03-2020,Retail Partner,26,,,,,
512566,Europe,France,Services,3431278,471068,20%,Q4,28-04-2024,Online,30,,,,,
981012,Europe,UK,MacBook,4038968,130992,30%,Q1,24-04-2022,E-Commerce,24,,,,,
943619,North America,Australia,Wearables,3809629,347687,30%,Q2,26-10-2021,E-Commerce,21,,,,,
456545,Asia,Germany,Wearables,3008873,468373,20%,Q1,04-12-2021,Offline,31,,,,,
954586,North America,Japan,Wearables,568889,447118,20%,Q3,25-07-2024,Apple Store,26,,,,,
919124,Asia,Australia,iPad,6979313,478859,35%,Q1,28-03-2020,Offline,43,,,,,
703170,North America,USA,Wearables,6963944,200479,30%,Q3,29-04-2020,Apple Store,31,,,,,
461410,South America,Brazil,iPad,2960350,292524,30%,Q2,30-05-2020,Offline,36,,,,,
224359,Asia,India,Services,7643681,462222,40%,Q2,06-11-2023,Online,25,,,,,
926102,Asia,Australia,iPhone,545868,246350,30%,Q3,09-09-2021,Retail Partner,18,,,,,
593076,South America,Australia,Services,959331,177716,25%,Q1,23-12-2022,Offline,33,,,,,
207930,Asia,UK,Wearables,3027552,244144,20%,Q1,04-09-2022,Online,25,,,,,
225856,Europe,France,MacBook,237716,4584,20%,Q3,30-12-2022,Online,25,,,,,
196677,South America,Canada,Services,2379741,433360,20%,Q2,15-05-2022,Retail Partner,41,,,,,
957402,South America,Japan,Wearables,9304646,281986,20%,Q3,26-05-2024,Retail Partner,38,,,,,
103154,North America,India,iPhone,2472949,217001,40%,Q2,08-07-2021,Online,26,,,,,
419911,North America,USA,iPad,6962925,349061,30%,Q1,15-11-2024,E-Commerce,26,,,,,
732882,Europe,Germany,MacBook,3293522,263064,40%,Q2,16-09-2022,Offline,33,,,,,
611557,Africa,Germany,Wearables,4272245,240394,30%,Q3,08-07-2023,Offline,19,,,,,
711060,Oceania,Japan,MacBook,5148533,317850,30%,Q4,21-08-2021,Apple Store,44,,,,,
807948,North America,China,iPhone,7553256,217876,20%,Q4,29-05-2022,Online,31,,,,,
843469,North America,India,Services,6962102,325085,30%,Q2,31-07-2022,Apple Store,48,,,,,
407805,North America,UK,iPhone,9976827,118007,20%,Q1,17-03-2022,Apple Store,31,,,,,
980148,North America,Australia,Wearables,8584122,190871,35%,Q2,22-12-2023,Offline,41,,,,,
464623,Oceania,Brazil,Services,8819305,267289,30%,Q4,06-06-2020,Offline,39,,,,,
155846,North America,China,iPad,4191948,477234,35%,Q4,07-08-2022,Offline,28,,,,,
882647,Europe,India,iPhone,6397521,160062,25%,Q3,08-09-2023,Offline,20,,,,,
214888,Europe,Germany,iPad,440004,448636,40%,Q2,29-10-2020,Apple Store,43,,,,,
900390,North America,Japan,Wearables,2319267,82339,20%,Q1,10-02-2021,Offline,27,,,,,
749562,North America,USA,iPad,5215852,241504,40%,Q1,23-05-2024,Retail Partner,35,,,,,
898995,North America,India,Services,9314739,101647,40%,Q4,03-08-2024,Online,26,,,,,
967072,Africa,USA,iPhone,3577681,318934,35%,Q4,18-01-2025,Retail Partner,27,,,,,
507538,Oceania,Canada,iPhone,8483492,453138,25%,Q4,10-04-2023,Offline,26,,,,,
768493,Africa,France,Services,8939408,412553,25%,Q4,27-12-2024,Retail Partner,35,,,,,
133586,North America,Germany,Services,7080537,477099,20%,Q4,08-04-2022,Retail Partner,36,,,,,
818645,Oceania,USA,Services,3413553,435706,35%,Q4,28-06-2023,Retail Partner,44,,,,,
898643,North America,Germany,iPad,6514757,477109,20%,Q2,02-10-2022,Offline,37,,,,,
622047,Africa,UK,Wearables,3170709,238513,35%,Q1,04-09-2022,Offline,31,,,,,
594004,Africa,Brazil,Wearables,5733643,76969,20%,Q2,03-04-2020,Online,28,,,,,
347340,Europe,Japan,iPad,7000885,94508,40%,Q1,11-12-2024,Apple Store,30,,,,,
149404,North America,UK,Services,5717278,204815,20%,Q4,27-11-2023,Offline,30,,,,,
272520,Oceania,UK,Services,4250798,366964,35%,Q3,14-12-2021,Retail Partner,36,,,,,
941165,Europe,USA,MacBook,1597913,255989,30%,Q2,28-09-2024,E-Commerce,32,,,,,
784163,North America,Germany,iPad,7987204,281592,20%,Q3,07-03-2021,E-Commerce,35,,,,,
746134,Asia,Brazil,Services,1868978,374761,25%,Q1,30-06-2021,Apple Store,50,,,,,
678730,Europe,China,MacBook,683745,121514,20%,Q1,28-07-2020,Apple Store,27,,,,,
689715,Oceania,UK,iPhone,8832629,279961,30%,Q2,12-04-2023,Online,27,,,,,
998305,Europe,India,Services,3126533,320261,20%,Q1,10-01-2021,Online,34,,,,,
871219,North America,USA,MacBook,7349802,423592,25%,Q4,28-07-2023,E-Commerce,28,,,,,
992854,South America,China,MacBook,6454541,193282,25%,Q1,28-04-2024,Online,33,,,,,
280472,Africa,China,iPhone,6054541,303790,40%,Q1,07-11-2021,E-Commerce,23,,,,,
261552,North America,UK,MacBook,6764608,111876,20%,Q1,18-01-2025,Offline,19,,,,,
958993,Oceania,Brazil,iPad,4642908,288362,40%,Q1,05-11-2022,Offline,25,,,,,
780176,Oceania,Brazil,Services,3838414,23688,40%,Q4,06-07-2022,Retail Partner,29,,,,,
811334,Europe,China,Services,9441625,141783,30%,Q4,20-12-2024,Apple Store,47,,,,,
892394,Europe,Japan,Services,471589,17063,30%,Q2,17-02-2024,Offline,39,,,,,
317024,South America,UK,Services,5728324,248798,40%,Q2,22-02-2023,Retail Partner,50,,,,,
108861,Asia,India,Services,9160262,405375,30%,Q4,23-09-2021,Online,35,,,,,
326027,North America,Australia,MacBook,9987522,300205,20%,Q3,15-11-2022,Apple Store,38,,,,,
274314,Oceania,China,MacBook,5351068,271526,25%,Q3,15-08-2020,Retail Partner,36,,,,,
237737,Asia,France,iPad,319086,240174,40%,Q3,04-09-2022,Apple Store,38,,,,,
136696,Africa,Australia,Services,5941289,152610,30%,Q2,13-06-2024,Apple Store,43,,,,,
532084,South America,France,iPad,706525,451643,25%,Q1,16-05-2020,E-Commerce,25,,,,,
909473,Oceania,USA,Wearables,9158297,320699,25%,Q2,27-12-2024,Online,23,,,,,
227666,Africa,Brazil,Wearables,5932144,120564,20%,Q3,30-08-2024,E-Commerce,29,,,,,
673069,South America,Germany,iPad,5356443,192442,30%,Q3,20-12-2020,Offline,25,,,,,
914667,South America,China,iPad,6029364,339465,20%,Q2,14-06-2022,Retail Partner,30,,,,,
857798,Oceania,China,Services,7923987,434504,40%,Q1,24-01-2023,E-Commerce,27,,,,,
902154,North America,Germany,iPhone,1600643,143221,40%,Q2,30-06-2020,Offline,20,,,,,
971325,North America,Japan,Services,2329539,33739,40%,Q4,10-10-2023,Retail Partner,43,,,,,
966763,Asia,Brazil,iPhone,9200052,106189,40%,Q4,16-07-2023,Apple Store,18,,,,,
275208,North America,Brazil,Services,4363136,93498,30%,Q3,12-10-2020,Online,33,,,,,
694814,Europe,Germany,iPhone,9519059,220043,35%,Q3,13-03-2021,Online,33,,,,,
431400,Oceania,Brazil,MacBook,7553411,87852,35%,Q3,31-07-2024,Online,19,,,,,
572414,South America,Brazil,iPhone,5781215,437004,35%,Q3,15-09-2021,Retail Partner,24,,,,,
204805,North America,Canada,iPad,7711611,199338,20%,Q3,13-04-2020,E-Commerce,33,,,,,
548941,Asia,Canada,MacBook,1671796,265150,25%,Q4,05-01-2024,Offline,48,,,,,
665018,Europe,France,Services,6173982,15205,25%,Q3,30-08-2022,Retail Partner,41,,,,,
526778,Africa,India,Wearables,4771167,407632,30%,Q1,28-07-2020,Online,23,,,,,
396590,North America,Australia,iPhone,5631271,283063,30%,Q4,20-01-2021,Offline,25,,,,,
276316,North America,France,MacBook,1812854,4460,40%,Q3,13-08-2021,Retail Partner,38,,,,,
597852,North America,Japan,Services,6848251,297997,30%,Q3,18-02-2020,Online,34,,,,,
586476,Oceania,Japan,iPhone,1720974,303346,30%,Q1,15-07-2020,Apple Store,26,,,,,
208844,North America,Australia,Wearables,1169782,254137,20%,Q3,08-08-2021,Online,23,,,,,
357538,North America,UK,Services,2908061,368456,35%,Q3,11-06-2020,Offline,28,,,,,
830287,North America,China,iPhone,3586092,435017,40%,Q3,03-06-2024,Offline,26,,,,,
804610,Europe,Australia,iPad,9999039,60096,20%,Q2,28-12-2021,Online,27,,,,,
621266,Oceania,Japan,Services,6607764,209169,40%,Q3,03-07-2022,Offline,50,,,,,
243059,North America,Brazil,iPhone,9433868,228081,35%,Q4,10-01-2022,Apple Store,24,,,,,
499927,Oceania,UK,iPad,7940555,297700,30%,Q4,19-02-2020,Apple Store,40,,,,,
541275,South America,Brazil,iPhone,2983981,386262,25%,Q2,15-10-2024,Online,18,,,,,
981514,Africa,China,MacBook,3086207,340389,20%,Q2,14-03-2020,Apple Store,23,,,,,
539164,Europe,UK,Wearables,9501689,288147,20%,Q4,01-06-2021,Online,30,,,,,
775767,Europe,France,Wearables,8195948,279881,40%,Q2,15-11-2023,Apple Store,21,,,,,
640222,North America,UK,MacBook,1359645,488592,20%,Q1,18-12-2022,Apple Store,35,,,,,
383611,Europe,France,Services,1388578,159412,40%,Q2,31-08-2024,Offline,48,,,,,
842594,Africa,China,Wearables,7454475,452676,35%,Q1,09-12-2024,Online,24,,,,,
929668,Oceania,France,Services,3771265,485714,35%,Q3,20-12-2023,Online,33,,,,,
241769,Africa,Brazil,iPhone,9187768,401134,30%,Q4,08-11-2024,Online,34,,,,,
725282,Europe,France,MacBook,878840,464884,35%,Q2,26-01-2023,E-Commerce,32,,,,,
721872,North America,Brazil,iPhone,9845507,247750,20%,Q1,18-09-2020,Offline,18,,,,,
132357,Oceania,UK,Services,4320493,192638,35%,Q2,04-04-2024,Online,30,,,,,
472190,South America,Japan,MacBook,1046120,442817,30%,Q2,21-07-2020,Offline,28,,,,,
140008,North America,Australia,iPhone,7355754,143296,20%,Q4,14-10-2020,Online,28,,,,,
756622,South America,USA,iPad,5791562,482186,40%,Q4,30-11-2020,Retail Partner,32,,,,,
710577,Asia,UK,iPhone,5205412,360851,35%,Q3,25-05-2023,Online,32,,,,,
577615,South America,India,iPhone,2878547,285022,40%,Q2,08-06-2021,Retail Partner,24,,,,,
751759,Asia,Canada,Wearables,3464880,80902,25%,Q1,21-04-2020,E-Commerce,19,,,,,
833196,South America,Australia,iPad,1933706,87991,20%,Q2,07-05-2024,Online,27,,,,,
573359,Europe,China,iPad,7120797,167152,30%,Q4,16-01-2023,E-Commerce,35,,,,,
810009,Oceania,France,MacBook,4457850,286454,30%,Q4,14-09-2022,Offline,46,,,,,
575653,Asia,Brazil,iPhone,1706136,49567,25%,Q1,09-01-2022,Apple Store,32,,,,,
990326,Oceania,Germany,Wearables,9046373,95826,20%,Q4,04-08-2023,Retail Partner,36,,,,,
574018,North America,Germany,iPad,3780292,48739,40%,Q2,26-04-2022,Online,31,,,,,
507561,Asia,Japan,MacBook,2934688,347321,25%,Q1,04-09-2023,Online,27,,,,,
557370,Asia,USA,iPhone,6434552,57864,35%,Q2,07-09-2023,Online,19,,,,,
823214,Africa,Australia,MacBook,2798430,13610,20%,Q2,25-08-2022,Retail Partner,32,,,,,
816587,Africa,UK,Wearables,7096704,73026,30%,Q3,25-06-2022,Online,34,,,,,
785230,Europe,India,iPad,2260667,133303,25%,Q1,03-04-2024,E-Commerce,31,,,,,
371135,Oceania,Germany,iPad,9710321,179772,30%,Q4,22-10-2022,Online,28,,,,,
372209,North America,Germany,iPad,9000482,296710,35%,Q4,22-05-2023,Offline,26,,,,,
478588,North America,Germany,iPhone,9892695,206480,40%,Q4,02-04-2024,E-Commerce,33,,,,,
753039,Oceania,Brazil,iPad,5152158,211724,40%,Q3,29-08-2024,Offline,28,,,,,
137200,South America,Japan,iPad,9105694,396179,40%,Q4,02-09-2024,Offline,43,,,,,
133710,Oceania,USA,Services,1529267,418239,20%,Q2,03-10-2022,Retail Partner,27,,,,,
868894,Europe,Canada,Wearables,915183,118721,30%,Q2,09-07-2022,Retail Partner,21,,,,,
825368,North America,USA,iPhone,7094413,360086,25%,Q4,03-03-2023,Apple Store,20,,,,,
347784,South America,France,iPhone,4270580,69928,25%,Q1,23-07-2022,Retail Partner,19,,,,,
270699,Africa,India,MacBook,5573014,131966,30%,Q4,05-07-2021,Apple Store,35,,,,,
232047,South America,China,iPad,7511866,374003,30%,Q4,22-07-2023,E-Commerce,30,,,,,
117903,Asia,Canada,Wearables,7713379,307295,40%,Q2,02-04-2020,Retail Partner,36,,,,,
710466,South America,USA,iPad,2411201,236527,40%,Q3,13-09-2021,Online,32,,,,,
976865,North America,China,Services,1917272,435872,30%,Q2,24-08-2024,Offline,45,,,,,
647271,North America,China,iPad,8804310,7609,30%,Q2,12-09-2023,Apple Store,44,,,,,
140624,Africa,Australia,iPhone,5002964,437751,35%,Q3,11-10-2021,Apple Store,29,,,,,
448235,South America,China,Services,2402205,268229,40%,Q4,15-08-2022,E-Commerce,35,,,,,
765190,Oceania,Germany,iPhone,7939503,344757,20%,Q3,05-11-2023,E-Commerce,33,,,,,
874037,Oceania,China,Services,5512359,274556,40%,Q4,25-11-2021,Retail Partner,38,,,,,
899672,Europe,China,iPhone,3744051,225309,35%,Q4,08-01-2025,E-Commerce,26,,,,,
160048,South America,Germany,iPad,9170635,478698,20%,Q3,13-04-2022,Apple Store,37,,,,,
926547,Oceania,UK,iPad,1965765,486060,30%,Q2,05-05-2024,Offline,36,,,,,
884762,Europe,Brazil,Wearables,613018,11920,30%,Q3,03-05-2024,Retail Partner,19,,,,,
338720,Asia,China,MacBook,7474599,494517,35%,Q4,25-09-2022,Offline,47,,,,,
425556,Europe,UK,Wearables,2503953,236784,20%,Q1,19-05-2022,Offline,34,,,,,
822518,Oceania,Canada,iPad,5139199,66168,20%,Q1,31-03-2020,Offline,44,,,,,
750783,Oceania,Germany,iPad,9167356,62362,35%,Q1,30-10-2022,E-Commerce,27,,,,,
891372,North America,India,Services,6141309,435466,40%,Q1,10-07-2024,Apple Store,28,,,,,
994342,North America,China,Services,1446780,379427,30%,Q3,23-08-2023,Retail Partner,49,,,,,
675386,Europe,Brazil,iPad,2422740,98134,20%,Q2,19-06-2022,Retail Partner,38,,,,,
695108,Africa,China,MacBook,5704815,374339,40%,Q1,04-06-2020,Offline,50,,,,,
187067,North America,India,MacBook,9585332,142540,35%,Q4,29-10-2020,Retail Partner,33,,,,,
808051,North America,Canada,Wearables,8576206,55510,40%,Q4,26-08-2021,Apple Store,36,,,,,
975701,Europe,Japan,MacBook,7903245,240507,30%,Q3,12-06-2023,Retail Partner,33,,,,,
944206,North America,France,Services,6882814,460393,40%,Q3,02-11-2024,Apple Store,36,,,,,
878589,Asia,USA,Services,6990827,180130,25%,Q2,25-12-2024,Offline,49,,,,,
457074,North America,Japan,iPhone,6101317,167718,30%,Q1,13-04-2023,E-Commerce,20,,,,,
636051,North America,China,iPhone,4472019,134729,40%,Q2,14-12-2024,Online,26,,,,,
102114,Africa,UK,MacBook,6234341,58051,35%,Q2,28-04-2021,Offline,35,,,,,
232979,South America,USA,iPhone,6309609,360420,40%,Q1,09-10-2023,Online,31,,,,,
264910,South America,France,Wearables,6299175,19317,35%,Q4,15-08-2023,E-Commerce,26,,,,,
753734,North America,USA,iPad,4818416,189189,30%,Q3,30-01-2022,Apple Store,29,,,,,
316137,South America,Brazil,MacBook,7362077,276055,20%,Q2,06-06-2020,Online,32,,,,,
203262,Europe,France,iPad,7946217,473421,30%,Q3,12-12-2023,Offline,35,,,,,
192833,Asia,Australia,iPhone,2745290,397966,30%,Q4,24-05-2022,E-Commerce,32,,,,,
742424,Africa,Australia,Wearables,2803957,376866,35%,Q2,03-07-2022,E-Commerce,26,,,,,
342089,Oceania,Australia,iPad,1045010,193243,40%,Q4,17-07-2022,Retail Partner,34,,,,,
594685,North America,Australia,iPhone,3479847,144566,35%,Q2,19-01-2021,E-Commerce,34,,,,,
332554,North America,France,iPhone,3353480,488748,30%,Q3,20-04-2023,Offline,27,,,,,
910627,North America,Japan,Wearables,5114576,453980,40%,Q2,11-05-2024,E-Commerce,32,,,,,
716087,Asia,Japan,iPad,6799259,40047,20%,Q1,03-10-2023,E-Commerce,30,,,,,
684061,Europe,China,Services,8205207,379072,40%,Q3,27-09-2023,Online,32,,,,,
233090,Asia,UK,Wearables,1304027,318139,35%,Q2,10-01-2020,E-Commerce,20,,,,,
697804,Oceania,China,Services,4046760,223470,40%,Q2,10-10-2022,Offline,43,,,,,
170448,North America,Germany,Wearables,3894899,62203,30%,Q4,19-09-2024,Online,21,,,,,
845818,Asia,USA,iPad,704328,206998,20%,Q4,07-05-2024,Offline,41,,,,,
394127,North America,Canada,MacBook,1491572,34533,20%,Q4,14-08-2022,Online,33,,,,,
579209,North America,China,iPad,9062431,445870,35%,Q2,16-03-2024,Offline,30,,,,,
356401,Asia,India,Wearables,4538057,374982,40%,Q1,16-03-2023,E-Commerce,30,,,,,
608044,North America,China,iPhone,4172968,451196,20%,Q1,03-05-2023,Online,31,,,,,
671498,North America,Australia,iPhone,484479,179945,20%,Q2,03-02-2023,Retail Partner,26,,,,,
164671,Asia,Australia,MacBook,2121735,362239,40%,Q2,04-02-2021,Offline,34,,,,,
384836,North America,France,Services,7247871,281770,40%,Q4,14-11-2024,Apple Store,42,,,,,
486675,South America,India,iPhone,9806907,60316,40%,Q3,23-01-2023,E-Commerce,21,,,,,
474819,Europe,Canada,Wearables,8869332,4612,30%,Q1,18-01-2025,Retail Partner,20,,,,,
180023,North America,India,Wearables,759581,482152,35%,Q3,09-12-2024,Retail Partner,24,,,,,
611639,Oceania,France,Services,6920543,153248,20%,Q3,20-10-2024,Apple Store,45,,,,,
422806,Asia,France,Services,4891819,242311,40%,Q2,15-07-2023,Offline,27,,,,,
618677,Asia,Canada,Services,115078,126125,20%,Q3,21-11-2024,Retail Partner,28,,,,,
897908,Africa,Australia,Wearables,5446390,65982,20%,Q1,25-02-2023,Offline,27,,,,,
988560,Oceania,Australia,MacBook,4131542,12981,30%,Q3,20-01-2021,Retail Partner,30,,,,,
339111,Asia,Canada,Services,7793148,262741,40%,Q4,01-12-2024,Offline,30,,,,,
456283,Europe,Brazil,iPhone,4643557,69238,35%,Q2,10-11-2022,Online,33,,,,,
287057,North America,Brazil,iPad,2727883,240933,20%,Q1,29-05-2021,Online,33,,,,,
524500,Asia,China,Services,6423503,140951,20%,Q3,11-05-2022,Retail Partner,38,,,,,
858104,Europe,Germany,MacBook,3268947,415673,30%,Q4,11-02-2021,Retail Partner,48,,,,,
762246,South America,Brazil,iPhone,6246663,302666,40%,Q4,23-12-2020,E-Commerce,25,,,,,
847166,Africa,India,Wearables,2477537,451115,25%,Q1,27-11-2022,Offline,43,,,,,
840362,Europe,Germany,Services,9375783,380224,20%,Q1,06-02-2020,Apple Store,33,,,,,
346148,North America,Brazil,Wearables,9593716,315030,40%,Q1,29-02-2024,Retail Partner,25,,,,,
813811,North America,China,Services,6577910,378992,40%,Q4,22-11-2022,E-Commerce,26,,,,,
268153,North America,UK,iPhone,5733007,309709,20%,Q3,03-08-2024,Apple Store,30,,,,,
893036,Oceania,Brazil,MacBook,4092848,460936,40%,Q3,03-06-2024,Retail Partner,20,,,,,
784682,Europe,China,MacBook,7717999,427818,40%,Q4,26-11-2023,Retail Partner,19,,,,,
146060,North America,USA,iPad,401652,197138,40%,Q2,07-04-2023,Retail Partner,42,,,,,
449976,North America,China,iPhone,952986,163486,20%,Q3,22-10-2022,Apple Store,25,,,,,
277926,Asia,China,MacBook,7977633,352059,40%,Q3,23-02-2023,Apple Store,39,,,,,
265562,North America,France,Services,3372146,77342,35%,Q2,01-12-2023,E-Commerce,30,,,,,
443575,Africa,France,Wearables,8230554,463328,30%,Q2,01-02-2022,Offline,19,,,,,
290808,North America,Australia,MacBook,2913280,345432,20%,Q3,23-03-2024,Offline,47,,,,,
783889,Africa,UK,iPad,5395823,409287,30%,Q1,20-05-2022,E-Commerce,32,,,,,
354139,Asia,Germany,MacBook,6260454,455105,20%,Q4,17-12-2020,Offline,35,,,,,
905414,North America,Canada,iPad,9151170,105492,20%,Q4,16-03-2022,E-Commerce,35,,,,,
497131,South America,Germany,Services,5579939,466019,20%,Q3,25-04-2021,E-Commerce,35,,,,,
970350,Oceania,China,iPhone,6145561,293138,40%,Q3,24-02-2020,Retail Partner,33,,,,,
356854,North America,Brazil,MacBook,8799463,119126,20%,Q4,25-09-2024,Online,31,,,,,
968769,Africa,Germany,Wearables,824320,266519,40%,Q1,04-07-2023,Retail Partner,22,,,,,
674107,South America,Japan,iPad,3997127,328509,25%,Q1,16-11-2023,Offline,28,,,,,
344155,Oceania,China,Wearables,9763467,397139,40%,Q2,15-07-2021,Retail Partner,40,,,,,
604847,Europe,USA,iPad,6270955,416200,20%,Q2,18-03-2024,Offline,32,,,,,
161633,North America,Brazil,Wearables,6676464,10888,30%,Q3,30-07-2024,Apple Store,21,,,,,
144713,North America,Germany,iPad,9701772,371498,20%,Q3,24-02-2024,E-Commerce,35,,,,,
837667,Europe,Japan,Services,9537838,388304,30%,Q1,10-04-2021,Online,32,,,,,
290923,North America,India,Wearables,3467140,362501,30%,Q3,03-08-2024,Online,29,,,,,
279670,North America,Brazil,MacBook,8003756,166864,20%,Q1,11-01-2024,Offline,25,,,,,
687560,Oceania,Australia,iPad,6890482,88104,20%,Q3,22-03-2021,Apple Store,45,,,,,
534846,Europe,Brazil,iPad,6566933,184415,35%,Q2,22-10-2023,Online,35,,,,,
148233,North America,India,iPad,7911315,498350,30%,Q4,17-09-2023,Apple Store,34,,,,,
644578,Asia,USA,Wearables,9289737,346496,40%,Q4,06-03-2021,Online,25,,,,,
229635,Asia,China,MacBook,5823969,350626,20%,Q4,09-08-2022,Retail Partner,31,,,,,
926045,Asia,Germany,iPad,2597856,493121,40%,Q1,14-10-2020,Retail Partner,33,,,,,
171803,North America,Japan,iPad,2491740,348267,40%,Q4,02-01-2024,Online,33,,,,,
471024,South America,USA,iPad,3782152,57660,20%,Q3,21-10-2024,Offline,36,,,,,
915569,Europe,UK,Services,9259829,25887,35%,Q1,19-12-2024,Retail Partner,50,,,,,
238512,North America,India,iPhone,681046,309329,20%,Q2,06-10-2022,Retail Partner,19,,,,,
837489,Europe,Brazil,MacBook,6863911,192863,40%,Q3,27-08-2022,E-Commerce,20,,,,,
867634,Oceania,Japan,iPad,737959,495403,40%,Q3,13-01-2023,Apple Store,42,,,,,
521039,North America,Germany,MacBook,6496412,37740,35%,Q3,01-10-2022,Retail Partner,46,,,,,
187190,Europe,Japan,iPad,3469560,29515,30%,Q2,27-09-2020,Apple Store,26,,,,,
879437,Africa,India,iPad,2096630,244949,25%,Q1,05-10-2020,E-Commerce,29,,,,,
918174,Asia,Canada,MacBook,3262259,20493,25%,Q1,19-03-2020,E-Commerce,32,,,,,
540638,North America,France,Wearables,618417,177011,25%,Q2,26-02-2024,Online,28,,,,,
403330,Africa,Australia,MacBook,6144717,364605,20%,Q2,10-01-2025,Apple Store,49,,,,,
590898,South America,Japan,iPad,6235113,160854,20%,Q2,25-02-2020,Apple Store,36,,,,,
314903,North America,France,iPad,5835957,354610,35%,Q4,12-06-2021,Retail Partner,42,,,,,
776653,Europe,France,Services,3170618,4733,35%,Q1,28-07-2020,Online,26,,,,,
445019,Asia,Canada,iPhone,9632385,457780,25%,Q4,18-04-2022,E-Commerce,33,,,,,
488272,South America,France,Wearables,7365649,139224,40%,Q1,13-11-2020,E-Commerce,33,,,,,
280071,Oceania,USA,iPad,4752609,242690,30%,Q1,13-11-2022,Offline,37,,,,,
623760,Asia,USA,iPhone,4049130,49038,30%,Q1,20-07-2022,Online,34,,,,,
241630,North America,UK,MacBook,4982534,86864,25%,Q2,20-02-2023,Retail Partner,27,,,,,
766697,Asia,France,iPad,8699584,41923,25%,Q1,28-07-2023,E-Commerce,32,,,,,
118399,North America,Brazil,MacBook,8420059,346842,20%,Q4,09-09-2022,Offline,38,,,,,
340905,North America,Japan,MacBook,604606,129437,30%,Q4,24-01-2023,Apple Store,19,,,,,
195024,Africa,Germany,Services,9236807,380563,35%,Q1,24-05-2021,Apple Store,41,,,,,
549049,North America,Germany,MacBook,9531537,191619,35%,Q3,31-07-2020,Offline,20,,,,,
971425,Europe,Brazil,MacBook,9964950,116980,40%,Q2,08-03-2023,Apple Store,49,,,,,
184896,North America,China,iPad,5502832,5111,30%,Q1,23-01-2021,Apple Store,33,,,,,
354593,North America,Canada,Wearables,4273754,33281,30%,Q4,06-09-2022,Offline,18,,,,,
890720,Africa,China,Wearables,3422278,425109,40%,Q1,22-11-2022,Apple Store,37,,,,,
736794,North America,Japan,Services,4984577,413103,40%,Q3,13-07-2023,Online,31,,,,,
543400,South America,Australia,Services,816721,108451,20%,Q2,02-10-2021,Online,35,,,,,
573433,Asia,Australia,MacBook,1866772,111002,30%,Q4,04-07-2022,Retail Partner,30,,,,,
184739,South America,China,Services,3106020,236491,40%,Q3,10-06-2024,Offline,26,,,,,
220340,Asia,Germany,MacBook,9280080,37237,40%,Q2,18-04-2023,Online,25,,,,,
453908,Africa,USA,MacBook,1710562,478961,20%,Q3,18-03-2021,Retail Partner,50,,,,,
445528,Oceania,France,Services,385276,65367,40%,Q2,25-05-2024,E-Commerce,34,,,,,
258751,Europe,UK,MacBook,9047323,259662,40%,Q4,07-06-2023,Apple Store,22,,,,,
336103,Africa,UK,Services,141965,122417,25%,Q4,05-08-2021,E-Commerce,34,,,,,
898267,North America,Australia,MacBook,5241964,351747,30%,Q3,15-12-2020,Apple Store,23,,,,,
261961,Europe,USA,iPhone,615509,242774,30%,Q2,21-05-2024,Online,24,,,,,
831598,Africa,Japan,Services,6383401,152081,25%,Q1,06-11-2023,Retail Partner,44,,,,,
495718,North America,UK,Wearables,5282414,252130,40%,Q4,06-10-2022,Apple Store,44,,,,,
958037,Africa,Canada,Services,9653549,396896,20%,Q3,18-01-2023,Retail Partner,30,,,,,
772101,Oceania,UK,MacBook,4994520,201671,40%,Q2,19-12-2021,Offline,29,,,,,
674442,North America,China,iPad,6875298,236482,20%,Q1,30-01-2023,Retail Partner,30,,,,,
335799,Asia,Australia,iPhone,6427209,303823,35%,Q4,02-02-2023,Online,33,,,,,
333086,North America,China,Wearables,3232998,343693,30%,Q1,23-07-2023,Offline,30,,,,,
418117,North America,UK,iPhone,6836393,256178,20%,Q4,08-02-2021,Retail Partner,20,,,,,
678401,Oceania,China,iPhone,3128327,306555,20%,Q1,22-01-2023,Online,20,,,,,
247925,North America,France,Wearables,6695047,109422,20%,Q1,18-12-2020,Retail Partner,40,,,,,
700897,Africa,France,iPhone,4277814,70528,25%,Q4,08-05-2020,Retail Partner,30,,,,,
626232,North America,France,Services,9259464,144867,30%,Q4,03-11-2022,E-Commerce,35,,,,,
797858,Asia,China,iPad,1511929,273145,20%,Q4,26-04-2022,Offline,30,,,,,
136473,Europe,France,iPad,4424648,374490,40%,Q2,21-11-2020,Retail Partner,36,,,,,
423765,Africa,Germany,iPad,3737048,461239,20%,Q1,17-10-2020,Retail Partner,38,,,,,
911963,North America,Canada,Wearables,7018239,487292,40%,Q1,04-07-2024,Offline,19,,,,,
922081,Europe,Germany,Services,9827937,157194,25%,Q4,25-10-2024,Retail Partner,25,,,,,
127053,North America,Germany,MacBook,6157678,27100,25%,Q2,09-11-2021,E-Commerce,19,,,,,
677608,Oceania,China,iPad,5486406,249321,20%,Q4,20-10-2022,Retail Partner,32,,,,,
126785,Oceania,Canada,iPhone,8813064,177569,20%,Q3,14-04-2021,Online,31,,,,,
387999,Africa,China,Wearables,8794579,352576,20%,Q2,19-04-2024,Retail Partner,26,,,,,
550022,North America,Canada,Wearables,6150675,153852,30%,Q1,29-04-2023,E-Commerce,35,,,,,
322070,Europe,France,Wearables,9819110,140174,35%,Q2,02-09-2024,Online,20,,,,,
605702,South America,Japan,Wearables,9309043,334527,35%,Q1,16-12-2024,Offline,39,,,,,
803505,Africa,USA,Services,2440029,476731,40%,Q2,14-10-2024,Online,31,,,,,
777460,Asia,China,Wearables,4644948,64338,30%,Q3,24-12-2022,E-Commerce,18,,,,,
184540,Oceania,China,MacBook,1172371,84729,30%,Q4,22-08-2022,E-Commerce,35,,,,,
980674,North America,Canada,Services,3782912,360326,30%,Q1,11-09-2023,Online,28,,,,,
649532,Asia,USA,iPhone,5314697,230156,30%,Q4,15-04-2021,Offline,22,,,,,
221629,South America,China,MacBook,7679559,55469,25%,Q3,10-03-2022,E-Commerce,30,,,,,
555826,Africa,Canada,iPhone,2811140,444463,25%,Q3,20-10-2022,Offline,33,,,,,
734349,South America,USA,iPhone,8875553,409681,20%,Q3,07-06-2024,Online,29,,,,,
428906,North America,China,MacBook,9040115,209255,40%,Q4,14-09-2023,Retail Partner,38,,,,,
656159,Europe,India,iPad,8990405,176307,20%,Q2,10-04-2020,Retail Partner,39,,,,,
893529,Europe,USA,MacBook,2162583,276119,25%,Q3,12-03-2020,Online,35,,,,,
567137,North America,USA,iPad,9428355,409681,20%,Q2,29-01-2020,Offline,39,,,,,
932188,Asia,UK,iPad,5550540,213558,30%,Q2,21-06-2023,Retail Partner,29,,,,,
970260,Oceania,Brazil,MacBook,213788,312266,35%,Q2,14-05-2023,Offline,19,,,,,
532093,South America,Brazil,iPhone,3858638,63545,20%,Q4,30-06-2022,Offline,32,,,,,
678012,Europe,USA,iPad,112077,340259,30%,Q4,18-05-2023,Retail Partner,27,,,,,
933207,North America,USA,iPhone,171286,184934,25%,Q4,05-02-2020,Retail Partner,32,,,,,
918798,Asia,Brazil,MacBook,2662803,5257,25%,Q4,06-03-2021,E-Commerce,32,,,,,
821035,Africa,Japan,Services,2067558,17639,30%,Q3,02-10-2023,E-Commerce,31,,,,,
812151,North America,Brazil,iPhone,9062809,201363,25%,Q3,08-04-2022,Online,31,,,,,
551980,Africa,India,MacBook,7760478,71248,30%,Q4,10-12-2023,E-Commerce,28,,,,,
209587,Europe,Canada,Wearables,3714400,152859,40%,Q2,22-11-2024,Offline,25,,,,,
164908,South America,UK,Services,498369,159510,20%,Q4,15-02-2022,Retail Partner,42,,,,,
269548,Europe,UK,MacBook,3684406,188348,40%,Q3,19-09-2024,E-Commerce,20,,,,,
227932,North America,Japan,MacBook,5491785,495831,30%,Q2,26-06-2021,Offline,20,,,,,
979120,South America,France,iPad,3144571,419834,20%,Q3,20-04-2021,Online,35,,,,,
184467,Africa,India,iPhone,5028664,197743,25%,Q2,07-02-2020,Retail Partner,18,,,,,
791101,South America,Japan,MacBook,7933515,377859,40%,Q4,25-10-2022,E-Commerce,25,,,,,
198676,South America,Germany,Services,7824186,149328,30%,Q1,09-11-2021,E-Commerce,35,,,,,
117968,North America,Brazil,MacBook,3031249,349765,25%,Q2,12-09-2021,Apple Store,21,,,,,
762906,Oceania,Germany,iPad,2185519,240431,30%,Q3,16-04-2024,Offline,36,,,,,
657208,Europe,Germany,iPad,6116670,329657,25%,Q3,28-04-2023,Apple Store,37,,,,,
766053,North America,USA,iPad,2696180,181353,20%,Q2,18-04-2022,Retail Partner,45,,,,,
103641,South America,Canada,Services,8968589,349175,20%,Q2,23-06-2021,Online,28,,,,,
482375,Asia,India,MacBook,428107,33822,30%,Q1,25-04-2024,E-Commerce,24,,,,,
157095,Africa,USA,iPhone,7370425,311484,20%,Q2,27-03-2023,Apple Store,33,,,,,
246405,South America,UK,Services,753446,336773,35%,Q4,13-01-2023,Apple Store,28,,,,,
436393,Africa,India,MacBook,9349252,486205,20%,Q3,22-03-2020,Apple Store,46,,,,,
494681,North America,Brazil,iPhone,5413583,208585,30%,Q3,14-09-2020,Apple Store,28,,,,,
892712,North America,China,iPhone,4762774,318781,40%,Q2,19-05-2024,Apple Store,27,,,,,
134688,Asia,Brazil,iPad,7475849,137461,35%,Q4,20-04-2022,Offline,36,,,,,
736777,Asia,Canada,Services,5803571,287003,30%,Q4,07-05-2022,E-Commerce,25,,,,,
954464,Europe,Japan,Wearables,6709336,254898,25%,Q1,25-10-2024,Retail Partner,29,,,,,
958215,Europe,USA,iPhone,534493,404437,30%,Q1,17-01-2022,Retail Partner,32,,,,,
325611,Africa,France,iPad,2459695,116154,30%,Q2,16-05-2023,Online,35,,,,,
502212,North America,India,iPad,3853544,166932,20%,Q4,24-05-2024,E-Commerce,29,,,,,
575413,Europe,India,iPad,1746238,376571,40%,Q4,10-06-2021,Offline,37,,,,,
856176,North America,Australia,MacBook,5659353,297876,40%,Q2,04-08-2021,E-Commerce,30,,,,,
643318,Europe,Brazil,iPhone,2222491,363747,35%,Q3,25-08-2021,Online,27,,,,,
822712,Asia,Brazil,iPhone,9577151,310956,25%,Q4,06-04-2022,Retail Partner,27,,,,,
551279,South America,Japan,Services,4449638,353478,20%,Q4,04-11-2021,Offline,45,,,,,
375992,Africa,Canada,iPad,5155612,104006,40%,Q1,26-12-2023,Online,34,,,,,
813563,Europe,Brazil,Wearables,9187214,379541,30%,Q4,23-04-2023,Online,25,,,,,
365770,Europe,China,Services,8191832,328760,40%,Q2,27-07-2020,E-Commerce,25,,,,,
887582,South America,USA,iPhone,8631309,239190,30%,Q2,19-11-2024,Online,34,,,,,
277914,Africa,Canada,MacBook,2876200,228797,25%,Q3,14-11-2022,Retail Partner,27,,,,,
422063,Asia,Germany,iPad,6982109,370400,20%,Q4,20-10-2022,Offline,35,,,,,
508594,Africa,Germany,Services,4242044,99581,30%,Q1,08-08-2023,E-Commerce,31,,,,,
626091,South America,China,iPad,4265413,442617,20%,Q3,18-08-2024,Retail Partner,31,,,,,
561989,North America,Germany,Services,4574698,157681,30%,Q2,29-10-2023,Retail Partner,46,,,,,
218171,North America,USA,MacBook,3749930,407350,40%,Q1,08-06-2022,Apple Store,21,,,,,
964267,Asia,Canada,iPhone,2353203,472472,30%,Q4,25-03-2021,Online,30,,,,,
665101,North America,Germany,Wearables,730737,218663,20%,Q3,14-07-2024,E-Commerce,29,,,,,
285482,North America,Canada,iPhone,3574667,119950,30%,Q3,23-07-2021,Retail Partner,32,,,,,
766293,Europe,India,MacBook,4685517,183788,40%,Q3,30-08-2022,Offline,43,,,,,
661124,Asia,Australia,iPhone,4294033,405398,40%,Q1,11-12-2021,Offline,21,,,,,
470466,Europe,France,Services,8837768,475932,30%,Q2,22-11-2021,Online,35,,,,,
863046,Asia,India,MacBook,6000395,431004,25%,Q4,25-05-2020,E-Commerce,34,,,,,
706356,Oceania,Australia,MacBook,1360874,446223,30%,Q2,09-08-2021,Offline,21,,,,,
626677,North America,Canada,iPhone,4757369,250970,30%,Q3,06-08-2024,Offline,21,,,,,
880274,North America,Japan,MacBook,9285911,248815,35%,Q3,08-11-2021,Apple Store,26,,,,,
813702,South America,Australia,iPhone,7475377,236156,20%,Q2,26-05-2021,Online,22,,,,,
394691,North America,France,Services,5644708,147606,25%,Q4,19-07-2021,E-Commerce,32,,,,,
470520,Europe,Canada,iPhone,6865406,253852,40%,Q4,15-09-2020,Offline,26,,,,,
305163,North America,Brazil,Services,6554559,193835,40%,Q2,08-08-2023,Retail Partner,29,,,,,
188780,Asia,Japan,iPad,3818489,437548,35%,Q1,25-06-2023,Apple Store,33,,,,,
879878,Asia,China,iPhone,5491223,43139,40%,Q2,08-03-2020,E-Commerce,20,,,,,
578750,Oceania,Japan,Wearables,7664512,131228,40%,Q4,11-06-2024,Retail Partner,31,,,,,
280706,Europe,Canada,Services,6393593,455919,20%,Q1,03-12-2020,Online,25,,,,,
345234,Asia,Japan,iPhone,5823978,92653,40%,Q2,07-05-2022,Online,33,,,,,
942453,North America,Germany,Services,8151255,148885,40%,Q4,27-02-2024,E-Commerce,33,,,,,
826929,Africa,China,iPad,1968069,337512,25%,Q1,28-02-2024,Online,35,,,,,
384877,Asia,UK,Wearables,8337211,109541,25%,Q1,08-07-2022,Apple Store,25,,,,,
899990,Europe,Canada,Services,2872181,116508,40%,Q2,23-04-2022,Retail Partner,45,,,,,
156676,South America,USA,iPhone,7312789,155040,20%,Q2,23-04-2022,Online,27,,,,,
756077,Europe,Germany,Wearables,8094387,377538,40%,Q1,25-04-2024,Online,24,,,,,
329798,Oceania,Canada,iPad,1533436,498550,30%,Q4,25-07-2021,Online,32,,,,,
896752,Oceania,UK,iPhone,5571720,204378,35%,Q1,17-11-2020,Online,31,,,,,
687799,Oceania,Germany,iPad,4925730,448993,30%,Q1,30-05-2021,Apple Store,34,,,,,
733420,Europe,Germany,MacBook,1742475,30770,20%,Q2,10-05-2023,Offline,37,,,,,
260409,Europe,Germany,iPad,5912015,233529,30%,Q4,19-09-2022,Offline,29,,,,,
872194,Europe,Germany,iPhone,6276885,33666,25%,Q3,03-05-2023,Apple Store,34,,,,,
236055,North America,Germany,MacBook,1560779,477388,30%,Q1,08-05-2021,E-Commerce,28,,,,,
423775,Asia,Japan,Services,9238146,29097,20%,Q3,10-12-2024,Retail Partner,30,,,,,
257215,South America,UK,iPhone,6251329,368634,20%,Q2,25-08-2023,Retail Partner,19,,,,,
755380,North America,Brazil,MacBook,2218010,18198,30%,Q4,06-10-2020,Apple Store,39,,,,,
966993,South America,Canada,iPhone,4999963,489703,30%,Q4,03-06-2022,Online,31,,,,,
169661,Oceania,India,Services,7014119,412704,20%,Q4,24-06-2021,Retail Partner,35,,,,,
806111,Oceania,Canada,Services,469731,229662,20%,Q2,20-08-2021,Offline,25,,,,,
787766,Africa,China,iPad,1086348,95559,30%,Q3,13-11-2022,E-Commerce,28,,,,,
286770,Europe,UK,iPad,453115,202357,30%,Q3,16-10-2022,Offline,33,,,,,
643339,South America,Australia,Wearables,9810682,190477,35%,Q2,02-07-2024,Retail Partner,19,,,,,
885118,Oceania,India,MacBook,3922664,151431,35%,Q2,17-09-2020,Offline,18,,,,,
952474,Oceania,Germany,Wearables,2930457,319459,20%,Q3,15-10-2021,Online,25,,,,,
369417,South America,France,iPad,2835826,169646,20%,Q1,19-11-2024,Online,25,,,,,
558501,Europe,UK,iPhone,622084,394302,40%,Q1,05-01-2021,Online,25,,,,,
210326,Africa,USA,MacBook,6416890,223893,30%,Q1,15-06-2020,Offline,28,,,,,
700140,North America,France,iPad,4097735,195686,35%,Q4,02-11-2021,E-Commerce,27,,,,,
445996,Europe,Brazil,MacBook,3576233,155191,20%,Q1,06-10-2023,E-Commerce,19,,,,,
123275,South America,France,MacBook,8564454,467482,30%,Q3,27-05-2022,Offline,39,,,,,
302393,Asia,China,Wearables,8694186,199483,30%,Q3,09-11-2023,E-Commerce,31,,,,,
796780,Oceania,Canada,Services,1324439,36359,30%,Q4,01-02-2021,E-Commerce,26,,,,,
318529,Europe,France,Services,3614309,275418,20%,Q4,27-11-2024,E-Commerce,30,,,,,
996059,Africa,UK,MacBook,6199185,188531,20%,Q1,10-11-2021,Retail Partner,27,,,,,
682161,North America,France,iPad,6406007,372769,35%,Q4,24-07-2023,Offline,29,,,,,
794675,Asia,Canada,iPad,8250021,99358,20%,Q4,29-06-2022,Retail Partner,36,,,,,
332958,Asia,USA,MacBook,7836611,257060,40%,Q1,22-07-2020,Apple Store,18,,,,,
563983,Europe,China,Services,5599811,335367,30%,Q1,04-11-2021,Retail Partner,28,,,,,
460785,Africa,Japan,Services,2199482,232575,30%,Q3,19-02-2020,Offline,39,,,,,
371859,Europe,Canada,MacBook,4758265,464155,40%,Q4,02-12-2020,Retail Partner,33,,,,,
833677,North America,USA,iPhone,3534481,304350,30%,Q1,07-11-2020,Retail Partner,18,,,,,
386858,North America,India,iPad,4859837,356178,20%,Q4,12-06-2024,Online,31,,,,,
759545,Africa,Germany,MacBook,7499026,229266,40%,Q4,05-06-2023,Retail Partner,27,,,,,
953411,Asia,China,Wearables,7353929,348584,40%,Q4,02-08-2021,E-Commerce,29,,,,,
124595,Oceania,Germany,Services,1880232,382708,20%,Q4,15-05-2022,Online,33,,,,,
422607,South America,Australia,MacBook,1132663,330190,40%,Q2,18-05-2023,Retail Partner,32,,,,,
733018,Africa,France,iPhone,8009412,55115,25%,Q4,12-07-2024,E-Commerce,31,,,,,
583769,Oceania,Brazil,Services,5079090,177915,30%,Q3,16-10-2024,Retail Partner,28,,,,,
582130,Asia,China,MacBook,9428651,373334,25%,Q1,08-11-2024,Apple Store,44,,,,,
958280,Africa,Australia,Wearables,1455850,493961,30%,Q4,11-09-2020,Apple Store,29,,,,,
148397,Africa,UK,Services,5110062,157072,30%,Q1,15-10-2021,Offline,43,,,,,
396198,Asia,Germany,Services,5710616,322672,30%,Q2,17-08-2022,Online,32,,,,,
301423,Africa,Japan,MacBook,2736403,79548,20%,Q2,05-02-2020,Online,20,,,,,
814593,Africa,China,iPhone,7352165,255616,35%,Q3,20-06-2024,E-Commerce,23,,,,,
829591,Oceania,UK,Wearables,2477681,178487,40%,Q4,17-09-2020,E-Commerce,33,,,,,
813157,North America,Germany,MacBook,9895534,481106,40%,Q1,01-01-2021,E-Commerce,22,,,,,
631470,Asia,Canada,Wearables,9219906,423620,25%,Q1,09-10-2020,Online,19,,,,,
983868,North America,India,Wearables,598505,282282,35%,Q3,28-09-2024,Offline,22,,,,,
730931,Europe,UK,iPad,4651497,362113,30%,Q1,10-03-2022,Retail Partner,42,,,,,
226057,North America,Germany,iPhone,4223079,273453,40%,Q3,21-06-2020,Online,22,,,,,
957305,North America,Germany,Wearables,7816501,334079,25%,Q1,29-06-2020,Retail Partner,40,,,,,
292940,Africa,Canada,MacBook,8906064,212708,30%,Q1,09-05-2022,Apple Store,24,,,,,
807557,Africa,Japan,iPhone,5448413,145720,25%,Q2,06-08-2021,Offline,27,,,,,
902858,Europe,Brazil,Services,8904119,100288,20%,Q2,07-04-2024,Offline,30,,,,,
803625,South America,Canada,Wearables,424312,423978,40%,Q3,12-02-2024,Apple Store,22,,,,,
744820,Asia,Australia,iPad,3272123,114307,20%,Q2,02-06-2020,Offline,29,,,,,
788116,Asia,India,Wearables,7030251,395062,20%,Q1,04-03-2023,Offline,38,,,,,
852067,South America,Germany,iPhone,1062450,14838,20%,Q3,07-02-2024,Retail Partner,32,,,,,
715487,South America,Canada,iPad,3445775,118517,20%,Q2,24-02-2024,Retail Partner,44,,,,,
153254,Europe,India,Services,4765236,185685,30%,Q4,02-10-2021,E-Commerce,34,,,,,
573694,Africa,Australia,Services,9382836,206509,20%,Q4,04-04-2023,Retail Partner,43,,,,,
601366,Asia,UK,iPad,5708874,319467,40%,Q4,29-06-2021,Offline,44,,,,,
783368,Europe,China,Services,9786610,59058,40%,Q1,25-12-2024,Apple Store,49,,,,,
128330,Asia,Australia,iPhone,7059590,297286,30%,Q4,09-02-2024,Offline,34,,,,,
248874,Asia,Brazil,Services,917886,468903,40%,Q2,13-08-2021,Online,35,,,,,
608573,Europe,Canada,Services,9556433,179701,30%,Q1,17-11-2023,Retail Partner,46,,,,,
697234,South America,Canada,Wearables,3153975,321016,25%,Q2,04-11-2021,Apple Store,43,,,,,
331430,South America,France,Wearables,3872936,259107,20%,Q2,14-03-2021,Retail Partner,32,,,,,
191357,Asia,India,Services,6393015,37730,20%,Q1,30-05-2021,Online,28,,,,,
496983,Asia,USA,MacBook,8723987,175163,20%,Q3,13-05-2023,Offline,30,,,,,
840198,Europe,UK,MacBook,1388421,326832,40%,Q1,07-12-2023,Online,20,,,,,
609368,Europe,Brazil,iPad,9479351,175622,40%,Q4,30-05-2021,Retail Partner,39,,,,,
776612,Asia,France,iPad,5432054,313057,20%,Q1,26-12-2020,Offline,45,,,,,
662398,Europe,India,iPhone,5564250,53316,30%,Q2,03-12-2020,Offline,20,,,,,
598657,Europe,India,Services,379813,108862,40%,Q3,20-03-2022,E-Commerce,28,,,,,
195236,Africa,Japan,Services,5846158,293305,25%,Q3,12-06-2023,Apple Store,34,,,,,
183424,North America,UK,MacBook,8855043,316536,40%,Q3,12-06-2021,Retail Partner,47,,,,,
439197,Africa,France,MacBook,5230993,383584,30%,Q3,29-09-2020,Apple Store,35,,,,,
770676,North America,UK,MacBook,4259893,23405,25%,Q2,27-06-2022,Online,26,,,,,
131816,Oceania,USA,Wearables,9199108,226015,40%,Q4,02-01-2021,Online,22,,,,,
800847,South America,Germany,iPad,1493925,335693,30%,Q2,25-02-2022,Apple Store,25,,,,,
296755,Asia,USA,MacBook,8130827,73952,40%,Q4,25-05-2020,Apple Store,34,,,,,
420720,Europe,Japan,iPhone,694499,13697,40%,Q4,13-06-2021,E-Commerce,28,,,,,
145854,North America,India,Wearables,2937530,149243,30%,Q2,07-08-2020,Apple Store,22,,,,,
832184,Africa,Australia,MacBook,5754449,69858,35%,Q4,25-03-2024,Retail Partner,47,,,,,
895842,North America,France,MacBook,8238662,431267,35%,Q4,14-02-2020,E-Commerce,25,,,,,
753751,North America,Canada,iPad,4177582,242718,20%,Q2,15-03-2020,Offline,32,,,,,
606643,South America,China,iPad,2118743,405496,20%,Q1,20-05-2021,Offline,25,,,,,
185583,Europe,Brazil,MacBook,4642917,441770,20%,Q1,02-04-2020,Online,19,,,,,
997146,North America,India,iPhone,4683656,338217,40%,Q4,02-11-2023,Online,19,,,,,
646720,North America,India,iPad,3093078,185231,30%,Q1,02-08-2024,Retail Partner,43,,,,,
613753,Africa,China,MacBook,471302,33743,40%,Q3,11-02-2023,Retail Partner,19,,,,,
938131,Oceania,China,MacBook,7298912,485520,25%,Q3,13-03-2021,E-Commerce,25,,,,,
788894,Oceania,Germany,iPhone,469961,425039,25%,Q3,17-06-2022,E-Commerce,26,,,,,
810340,Oceania,Japan,Wearables,9279727,486654,30%,Q2,12-07-2020,Retail Partner,27,,,,,
737392,Europe,Japan,iPhone,2410688,323634,30%,Q2,17-11-2020,Apple Store,21,,,,,
694560,Africa,USA,Services,839823,205631,35%,Q2,07-07-2020,Online,27,,,,,
253183,South America,USA,iPhone,8708141,341621,30%,Q2,01-05-2023,Retail Partner,28,,,,,
841766,Oceania,Japan,Services,5568464,45387,35%,Q3,18-09-2022,Retail Partner,43,,,,,
266028,Asia,China,Services,1172057,272635,30%,Q3,17-07-2020,E-Commerce,35,,,,,
954903,Africa,Brazil,Wearables,1368911,339801,30%,Q2,02-06-2020,Online,29,,,,,
453896,Oceania,Canada,iPad,5194009,257605,40%,Q2,09-11-2020,Online,31,,,,,
318047,North America,USA,iPad,6413303,172130,20%,Q3,31-05-2021,E-Commerce,27,,,,,
694230,Europe,Australia,Wearables,8583151,459990,35%,Q1,14-05-2020,E-Commerce,19,,,,,
926723,Oceania,Japan,Wearables,3561591,305033,30%,Q2,28-01-2023,Apple Store,31,,,,,
107624,Asia,USA,iPhone,2979717,269704,30%,Q3,03-06-2020,Retail Partner,31,,,,,
229966,North America,France,iPhone,7393177,360775,30%,Q3,02-01-2024,Apple Store,19,,,,,
770409,Africa,Japan,iPhone,5972121,365329,20%,Q3,04-11-2024,Apple Store,33,,,,,
714113,Africa,India,Services,6551060,274559,35%,Q4,27-03-2023,E-Commerce,25,,,,,
781821,Asia,Brazil,iPhone,4328632,482565,35%,Q3,09-09-2023,Retail Partner,27,,,,,
347739,North America,France,Services,9462792,162082,25%,Q3,02-09-2024,Retail Partner,34,,,,,
483936,North America,Canada,Wearables,298983,368378,30%,Q2,27-11-2021,Retail Partner,20,,,,,
936096,North America,Japan,iPad,4601866,319904,20%,Q2,24-05-2020,Offline,28,,,,,
274915,North America,China,Services,9871219,252653,40%,Q4,22-02-2022,Apple Store,49,,,,,
423185,Europe,USA,Services,2149094,367050,40%,Q1,05-08-2023,E-Commerce,35,,,,,
314803,Asia,India,Services,4289247,184949,40%,Q2,20-03-2020,Apple Store,41,,,,,
986784,Africa,Japan,iPad,6356773,462684,40%,Q1,26-06-2021,E-Commerce,32,,,,,
236853,Asia,Brazil,iPhone,3368579,72866,40%,Q3,31-10-2023,Online,32,,,,,
751842,South America,USA,Services,2393021,465422,40%,Q1,25-04-2020,Apple Store,45,,,,,
190182,North America,Brazil,Wearables,683167,424315,20%,Q4,10-02-2023,Retail Partner,36,,,,,
729288,Africa,Japan,Wearables,9651026,265111,25%,Q2,19-01-2023,Online,27,,,,,
370638,Europe,Japan,Services,4936315,378533,40%,Q4,18-04-2020,Online,28,,,,,
426688,Europe,India,Wearables,8786652,49821,40%,Q4,30-07-2024,Online,35,,,,,
476529,North America,Australia,Wearables,1705324,174399,30%,Q1,05-11-2023,E-Commerce,25,,,,,
125388,North America,Brazil,iPhone,910141,389446,40%,Q1,20-08-2023,E-Commerce,31,,,,,
524057,Asia,Japan,iPhone,7143200,441196,35%,Q4,06-05-2023,E-Commerce,26,,,,,
318901,Oceania,Japan,Wearables,5427991,409079,40%,Q4,15-12-2024,Offline,20,,,,,
990845,Oceania,Australia,MacBook,96794,198624,25%,Q2,25-11-2022,E-Commerce,18,,,,,
820564,North America,Australia,MacBook,7776681,464765,20%,Q1,07-07-2024,Offline,49,,,,,
633210,South America,France,Wearables,9203863,221886,25%,Q4,21-05-2021,E-Commerce,21,,,,,
417202,Africa,Australia,iPhone,6509791,240758,20%,Q4,05-07-2023,Online,19,,,,,
203291,Asia,Australia,MacBook,2033482,303003,40%,Q1,15-01-2025,Retail Partner,20,,,,,
274785,Europe,India,Wearables,9334578,43202,40%,Q1,14-10-2021,Retail Partner,45,,,,,
218571,Africa,Germany,Wearables,8056754,303012,40%,Q2,15-01-2025,Retail Partner,34,,,,,
505864,Europe,Canada,iPhone,4903982,211200,35%,Q2,15-04-2022,Online,24,,,,,
628722,North America,France,iPhone,4591526,386639,20%,Q2,03-10-2020,Offline,27,,,,,
500078,Asia,Australia,MacBook,2547413,231641,20%,Q1,13-11-2021,E-Commerce,21,,,,,
789253,Africa,India,Wearables,22870,340882,40%,Q4,06-07-2021,Apple Store,38,,,,,
736304,Oceania,USA,Wearables,487394,146092,40%,Q1,13-08-2023,Online,33,,,,,
141502,South America,Japan,Wearables,7489486,421757,40%,Q2,21-11-2023,Offline,34,,,,,
108539,North America,USA,Wearables,8192113,141720,35%,Q3,09-08-2021,Online,24,,,,,
592447,North America,France,Wearables,1466378,387765,25%,Q3,09-07-2023,Retail Partner,42,,,,,
309478,South America,USA,iPhone,9937573,203610,25%,Q4,07-08-2020,Offline,29,,,,,
251167,Asia,France,iPhone,7996580,481749,35%,Q4,03-10-2020,Retail Partner,18,,,,,
480182,Africa,India,iPad,2239268,243785,40%,Q2,19-08-2020,Retail Partner,29,,,,,
390916,South America,Japan,iPhone,4315111,465485,20%,Q4,25-12-2020,Retail Partner,27,,,,,
976942,Europe,Germany,Wearables,9135942,448713,20%,Q4,06-12-2020,Offline,43,,,,,
809925,North America,UK,Services,322429,148548,30%,Q4,13-01-2021,E-Commerce,33,,,,,
639550,Europe,Canada,Services,8605931,307104,40%,Q4,30-12-2023,Online,27,,,,,
921641,North America,UK,iPad,7932146,277980,40%,Q2,04-09-2021,Retail Partner,45,,,,,
923182,North America,France,MacBook,9915803,55935,30%,Q2,06-01-2025,E-Commerce,26,,,,,
364976,Africa,China,Services,1271731,376787,30%,Q1,29-06-2022,Offline,35,,,,,
316944,North America,UK,MacBook,170564,190102,30%,Q2,02-01-2022,E-Commerce,23,,,,,
593241,North America,UK,Wearables,4250841,368425,20%,Q4,02-03-2024,Online,35,,,,,
433168,South America,USA,iPhone,2265992,442004,30%,Q2,13-06-2023,Online,22,,,,,
941016,Europe,Canada,Wearables,3391087,454986,30%,Q3,25-03-2023,Retail Partner,25,,,,,
639219,Europe,Germany,iPhone,6687098,225316,20%,Q4,05-08-2021,Online,34,,,,,
984818,Asia,Canada,iPhone,4699336,63853,40%,Q2,09-09-2024,Online,26,,,,,
216656,Europe,China,Wearables,5819760,261027,25%,Q3,16-04-2022,Apple Store,42,,,,,
620836,Asia,USA,Services,6167839,442500,40%,Q3,24-09-2023,Online,35,,,,,
824017,Africa,India,Services,1204106,443670,30%,Q3,15-07-2022,Apple Store,39,,,,,
814893,South America,Australia,iPhone,5424327,217150,40%,Q4,04-09-2021,E-Commerce,18,,,,,
776556,Oceania,USA,MacBook,1490902,322144,30%,Q1,22-07-2022,Retail Partner,21,,,,,
305808,Europe,UK,Wearables,7305109,98621,30%,Q1,25-12-2020,Retail Partner,25,,,,,
680512,Europe,Canada,MacBook,8110660,484669,40%,Q1,16-12-2020,Offline,22,,,,,
394448,South America,India,Wearables,5527457,439628,40%,Q3,09-05-2023,Apple Store,28,,,,,
440194,Europe,Australia,MacBook,762793,282789,35%,Q4,26-06-2023,Apple Store,35,,,,,
144598,Europe,USA,iPhone,548623,226911,30%,Q4,09-01-2023,Apple Store,28,,,,,
792926,Europe,Canada,MacBook,4478773,180579,35%,Q4,17-01-2022,Online,32,,,,,
281979,Africa,Canada,Services,5725309,44187,25%,Q3,12-10-2022,Apple Store,49,,,,,
650349,North America,India,iPhone,4316321,309044,30%,Q3,16-07-2021,E-Commerce,24,,,,,
900783,Oceania,Brazil,Services,8036395,8314,30%,Q1,05-10-2023,Online,33,,,,,
967913,Africa,Australia,Services,8868420,251172,20%,Q4,30-04-2020,E-Commerce,32,,,,,
873166,North America,USA,Services,3002829,359759,30%,Q1,27-08-2022,Offline,48,,,,,
273996,North America,India,Services,4965985,91725,20%,Q1,20-10-2021,Retail Partner,34,,,,,
506477,South America,China,Services,4558165,152156,25%,Q2,29-10-2023,Apple Store,35,,,,,
149015,Africa,China,MacBook,7551423,70536,30%,Q2,14-06-2020,Apple Store,30,,,,,
457973,North America,Germany,iPhone,2507403,409525,20%,Q3,09-08-2023,Retail Partner,27,,,,,
198588,Africa,USA,iPhone,3048668,243114,30%,Q1,23-03-2022,Online,22,,,,,
735739,Asia,France,Services,2015980,131478,25%,Q4,23-05-2023,Offline,27,,,,,
460717,Africa,Japan,MacBook,9824948,53972,30%,Q3,22-11-2023,Online,23,,,,,
121242,Europe,China,MacBook,6696376,105722,20%,Q2,01-12-2020,E-Commerce,25,,,,,
537033,Africa,USA,iPhone,9268936,289254,25%,Q2,12-03-2020,Offline,20,,,,,
170536,South America,China,iPad,4108687,485369,30%,Q4,19-04-2024,Online,30,,,,,
459052,Europe,India,iPad,3864450,383777,20%,Q4,06-02-2022,E-Commerce,30,,,,,
810700,Africa,France,Wearables,6997836,477833,35%,Q4,27-01-2023,E-Commerce,21,,,,,
754250,Oceania,UK,iPad,4457592,357107,20%,Q2,13-05-2021,E-Commerce,33,,,,,
422801,Asia,China,iPad,7953690,14511,20%,Q4,22-02-2023,Retail Partner,33,,,,,
117321,Oceania,China,iPad,421903,204155,30%,Q3,04-04-2020,Apple Store,39,,,,,
226653,North America,Germany,iPad,157824,105744,30%,Q4,08-12-2020,Retail Partner,45,,,,,
533229,Oceania,Canada,MacBook,2322129,482587,25%,Q2,05-03-2022,E-Commerce,31,,,,,
778902,Oceania,India,Services,3521276,130086,25%,Q3,18-01-2022,Online,26,,,,,
917971,Asia,India,Services,8938670,251720,20%,Q2,08-01-2023,E-Commerce,25,,,,,
366990,Asia,Japan,MacBook,2223367,221394,35%,Q2,19-01-2021,Offline,30,,,,,
240830,Europe,India,MacBook,1666869,201091,30%,Q4,26-09-2023,E-Commerce,34,,,,,
823094,North America,Canada,Services,7772571,387780,30%,Q3,16-10-2021,Apple Store,36,,,,,
192613,North America,France,iPhone,9503392,465776,30%,Q4,29-06-2021,Retail Partner,18,,,,,
589837,North America,India,iPhone,7960389,62909,25%,Q1,06-10-2023,Offline,31,,,,,
931778,Europe,UK,Services,9410194,273341,25%,Q2,17-09-2023,Apple Store,39,,,,,
193800,Africa,USA,Wearables,8711243,460913,40%,Q3,19-01-2023,Retail Partner,44,,,,,
851322,North America,China,iPhone,899405,260788,40%,Q1,03-09-2024,Apple Store,25,,,,,
486393,South America,China,iPhone,824151,128844,30%,Q1,12-02-2023,Retail Partner,32,,,,,
287124,North America,Japan,iPad,9876483,40603,30%,Q3,06-11-2021,E-Commerce,34,,,,,
366895,North America,Brazil,Wearables,8623334,3418,30%,Q1,28-12-2023,Apple Store,37,,,,,
113605,Africa,India,Wearables,8515636,344285,40%,Q4,05-03-2021,Offline,31,,,,,
984908,Africa,UK,Services,9283275,20658,40%,Q3,06-09-2021,Offline,44,,,,,
825485,Asia,USA,Services,1107986,192587,20%,Q2,17-02-2024,E-Commerce,25,,,,,
732811,North America,India,Wearables,7195026,242774,40%,Q2,09-04-2022,Apple Store,21,,,,,
717019,Asia,Australia,MacBook,5227885,451940,30%,Q3,22-08-2020,Offline,34,,,,,
216108,Europe,India,iPad,6254200,133995,40%,Q1,12-05-2023,Offline,33,,,,,
322530,Asia,USA,iPhone,5737463,360022,20%,Q4,14-09-2023,E-Commerce,32,,,,,
381839,Asia,UK,MacBook,3843909,421850,20%,Q1,14-07-2022,E-Commerce,24,,,,,
232969,Africa,USA,Wearables,2454181,144252,20%,Q1,09-09-2021,Retail Partner,20,,,,,
401815,Europe,USA,iPhone,8629127,236802,25%,Q3,12-10-2023,Online,30,,,,,
724380,Europe,UK,Wearables,2883446,496694,20%,Q1,21-04-2022,Offline,44,,,,,
945519,Oceania,Brazil,Wearables,1967417,269962,30%,Q2,23-09-2024,Retail Partner,37,,,,,
980252,Africa,China,iPad,5057008,409753,40%,Q2,26-02-2023,Apple Store,39,,,,,
479468,Africa,USA,Wearables,8675182,247275,20%,Q3,01-09-2021,E-Commerce,32,,,,,
881916,Oceania,Brazil,iPhone,3775594,224646,20%,Q3,15-05-2022,Retail Partner,20,,,,,
137648,South America,Canada,MacBook,133832,407490,20%,Q1,14-10-2021,Offline,37,,,,,
107675,North America,USA,iPad,5784386,4952,20%,Q2,14-07-2024,Online,31,,,,,
546389,Oceania,Canada,iPad,103268,409351,30%,Q3,29-09-2023,E-Commerce,32,,,,,
763446,South America,Japan,MacBook,1032165,407155,20%,Q1,13-03-2021,Offline,50,,,,,
916422,South America,Canada,Services,1957125,76205,25%,Q1,23-12-2020,Online,26,,,,,
515115,North America,Germany,Services,503704,306953,30%,Q1,04-01-2023,E-Commerce,28,,,,,
574389,Africa,Brazil,iPhone,3594181,94473,25%,Q1,28-01-2023,Online,22,,,,,
462028,North America,Japan,Services,226732,7413,25%,Q2,01-08-2024,Apple Store,33,,,,,
698275,Africa,Australia,Services,3956159,301311,25%,Q2,21-03-2021,Offline,31,,,,,
909394,Europe,Brazil,iPhone,1161389,3999,20%,Q1,11-10-2021,E-Commerce,31,,,,,
360237,North America,Brazil,Services,4637105,190161,25%,Q3,30-09-2021,Offline,37,,,,,
441331,Europe,Brazil,Wearables,3129483,492378,40%,Q3,29-12-2021,E-Commerce,19,,,,,
706541,Asia,Canada,Services,9091961,113276,40%,Q4,28-09-2023,Online,27,,,,,
975946,Asia,Canada,Wearables,5681766,112304,40%,Q4,05-05-2023,Online,27,,,,,
368934,North America,Canada,MacBook,5427912,145133,40%,Q3,30-06-2020,Retail Partner,25,,,,,
838936,North America,Canada,iPad,7970019,131137,30%,Q2,17-04-2022,E-Commerce,28,,,,,
118106,Asia,Australia,Wearables,4562547,178082,35%,Q4,23-07-2020,Offline,19,,,,,
875210,North America,UK,iPhone,1171261,360816,25%,Q4,26-09-2020,Offline,21,,,,,
955413,North America,Japan,Services,9919261,24638,30%,Q2,11-01-2024,E-Commerce,31,,,,,
303584,South America,Brazil,MacBook,3619344,480573,25%,Q4,26-07-2024,Online,31,,,,,
950823,North America,China,iPhone,6781284,266562,35%,Q2,07-10-2024,Retail Partner,34,,,,,
874063,North America,Australia,Services,6850254,184557,35%,Q4,05-06-2022,Retail Partner,44,,,,,
910880,Oceania,Brazil,MacBook,5475110,233902,35%,Q2,20-10-2024,Offline,36,,,,,
452824,North America,France,Wearables,2780694,224185,30%,Q4,27-10-2024,Online,19,,,,,
266672,Europe,USA,MacBook,3647002,82506,40%,Q1,20-01-2022,Online,30,,,,,
497682,Oceania,India,iPad,9265552,329148,40%,Q1,18-11-2022,Online,34,,,,,
873843,North America,India,Wearables,586428,207080,40%,Q1,23-09-2020,Apple Store,44,,,,,
357357,Asia,France,iPad,8041829,355859,40%,Q2,21-05-2024,Offline,27,,,,,
241116,Oceania,France,iPhone,5817127,99004,40%,Q2,19-09-2021,Retail Partner,21,,,,,
805526,North America,Canada,Wearables,9549771,149262,20%,Q4,19-05-2023,Apple Store,39,,,,,
884368,Europe,Australia,iPhone,6763857,144182,30%,Q4,22-02-2022,E-Commerce,32,,,,,
337700,North America,Germany,iPhone,2571440,279995,35%,Q3,09-03-2022,Online,24,,,,,
918533,North America,Japan,Services,3015614,192680,20%,Q1,01-12-2024,Offline,43,,,,,
546442,Africa,USA,iPhone,1527579,428623,40%,Q3,26-09-2022,E-Commerce,32,,,,,
934915,Asia,China,MacBook,5610203,376910,25%,Q2,03-10-2023,Offline,31,,,,,
208553,Oceania,France,Services,49718,154238,25%,Q1,19-06-2023,Retail Partner,44,,,,,
385699,North America,UK,iPhone,3549962,6113,30%,Q3,08-11-2020,Offline,24,,,,,
866757,Africa,Canada,iPhone,7203281,76379,35%,Q4,21-01-2022,Offline,33,,,,,
754094,North America,China,Services,3057086,342414,40%,Q2,24-06-2024,E-Commerce,28,,,,,
842173,Africa,Australia,Services,4379986,109803,20%,Q3,29-07-2022,Retail Partner,49,,,,,
838112,North America,Canada,iPhone,6531405,106884,40%,Q3,11-01-2024,Offline,29,,,,,
179562,South America,Australia,iPhone,8010801,148643,30%,Q3,24-06-2022,E-Commerce,31,,,,,
678781,Europe,Australia,MacBook,8620409,203637,35%,Q3,29-09-2020,Online,33,,,,,
946790,Asia,France,MacBook,1823758,370699,25%,Q3,16-06-2022,E-Commerce,33,,,,,
578875,Africa,UK,iPhone,9986479,48290,40%,Q3,02-03-2022,Apple Store,21,,,,,
167161,South America,Canada,iPad,3453854,490108,30%,Q4,19-10-2021,Online,33,,,,,
690059,Oceania,Japan,MacBook,3737518,448498,25%,Q4,21-06-2022,Apple Store,24,,,,,
829692,North America,UK,Services,3802323,439893,20%,Q3,06-04-2020,E-Commerce,33,,,,,
446613,Europe,UK,Services,2665900,368909,35%,Q1,10-08-2021,Apple Store,34,,,,,
865341,Europe,France,MacBook,5571813,405085,30%,Q1,10-06-2024,Retail Partner,20,,,,,
745308,North America,USA,iPad,2553707,488208,30%,Q1,19-03-2020,Retail Partner,40,,,,,
838984,Asia,Canada,iPad,6799877,27399,35%,Q3,15-04-2024,Apple Store,26,,,,,
443777,Oceania,China,MacBook,9834669,44387,20%,Q4,28-03-2020,Apple Store,49,,,,,
783630,Europe,France,MacBook,8422492,4108,40%,Q4,31-03-2022,E-Commerce,35,,,,,
438247,Africa,USA,Services,4113317,21993,40%,Q1,21-03-2021,Offline,26,,,,,
234025,North America,Brazil,iPad,5041489,18893,20%,Q1,20-11-2023,Apple Store,29,,,,,
818518,North America,France,iPhone,456243,284677,40%,Q4,18-07-2021,Apple Store,33,,,,,
776377,Asia,UK,iPad,8773443,379545,20%,Q2,18-05-2022,E-Commerce,31,,,,,
327788,South America,China,MacBook,20262,201670,35%,Q4,20-12-2020,E-Commerce,22,,,,,
432873,Oceania,France,iPad,1138198,225836,30%,Q4,22-09-2020,Retail Partner,27,,,,,
466896,Oceania,Japan,Services,5719028,358798,35%,Q4,12-10-2023,E-Commerce,33,,,,,
164250,North America,USA,iPhone,882528,208574,20%,Q2,26-07-2022,Offline,31,,,,,
776579,Asia,France,iPad,4354914,102541,25%,Q1,25-06-2021,E-Commerce,31,,,,,
373523,South America,UK,MacBook,2999902,399176,40%,Q2,01-03-2021,E-Commerce,34,,,,,
534431,North America,China,Wearables,2344296,89100,20%,Q3,10-11-2023,Offline,31,,,,,
866282,Africa,Brazil,Wearables,1870159,382280,30%,Q3,10-05-2023,E-Commerce,21,,,,,
676237,Europe,India,iPhone,9659072,325281,30%,Q4,05-08-2023,Offline,20,,,,,
729856,Oceania,China,Wearables,8446383,259696,30%,Q2,07-07-2021,Apple Store,38,,,,,
814748,Asia,Brazil,iPad,3619529,43137,35%,Q3,06-10-2021,Retail Partner,26,,,,,
602388,Africa,Canada,Wearables,6158681,321198,20%,Q4,09-01-2024,Online,28,,,,,
788095,South America,China,MacBook,4730807,108847,40%,Q1,13-02-2021,Online,28,,,,,
532202,Oceania,Brazil,iPad,8141358,266617,40%,Q3,17-07-2021,Retail Partner,40,,,,,
845913,Asia,Brazil,Wearables,8306832,166028,20%,Q3,15-11-2023,Apple Store,31,,,,,
885031,Europe,UK,Services,2694040,489540,30%,Q2,12-01-2022,Offline,27,,,,,
785814,North America,France,MacBook,3343773,194019,20%,Q4,27-04-2024,Online,18,,,,,
496969,North America,Australia,iPad,821511,216032,40%,Q3,13-12-2023,Retail Partner,25,,,,,
627594,Africa,India,iPad,3030911,231722,20%,Q3,04-10-2020,Online,26,,,,,
403945,Europe,Brazil,iPad,2180280,368488,20%,Q3,10-12-2024,Online,28,,,,,
122953,Africa,Canada,iPad,6119858,437596,40%,Q1,19-11-2020,Offline,45,,,,,
520375,North America,France,iPad,8717677,386434,35%,Q1,30-04-2022,Retail Partner,36,,,,,
537701,North America,China,Wearables,1594256,447295,40%,Q3,20-11-2020,E-Commerce,24,,,,,
606690,North America,Australia,Wearables,1156951,419248,25%,Q2,02-10-2024,Apple Store,36,,,,,
496755,Asia,France,Wearables,3312578,19069,35%,Q4,06-08-2022,Apple Store,27,,,,,
915262,South America,Brazil,Wearables,7906820,378029,35%,Q1,10-08-2023,E-Commerce,22,,,,,
650469,South America,Germany,Wearables,3920984,147929,30%,Q2,12-08-2022,Retail Partner,42,,,,,
838150,North America,Australia,iPad,6408738,378860,35%,Q2,06-04-2020,Apple Store,36,,,,,
242886,Europe,China,iPad,483938,432140,25%,Q1,28-02-2023,Online,32,,,,,
989838,Africa,Japan,MacBook,563727,101666,40%,Q4,08-12-2020,Retail Partner,38,,,,,
423598,North America,Japan,iPhone,1641147,75746,35%,Q1,15-02-2020,Retail Partner,26,,,,,
763600,North America,Australia,MacBook,9788161,435219,25%,Q4,22-05-2023,Online,24,,,,,
644899,North America,India,MacBook,234787,347912,20%,Q2,14-06-2023,E-Commerce,29,,,,,
516697,South America,India,iPhone,4291815,94722,35%,Q4,23-01-2024,Retail Partner,18,,,,,
368525,North America,Canada,MacBook,8818701,266066,40%,Q3,15-03-2024,Online,25,,,,,
157180,North America,Japan,iPhone,131672,195753,20%,Q2,17-12-2020,Retail Partner,24,,,,,
818210,Oceania,India,iPhone,751109,219622,20%,Q1,18-01-2023,E-Commerce,19,,,,,
194334,Oceania,UK,Wearables,5280870,266843,30%,Q2,31-10-2020,Online,30,,,,,
578068,Asia,Brazil,iPad,4957195,336654,20%,Q4,26-11-2022,Online,25,,,,,
197629,South America,China,MacBook,1494452,326174,20%,Q4,18-02-2021,Online,32,,,,,
109482,North America,UK,Services,3534128,481167,30%,Q3,01-11-2023,Online,27,,,,,
548187,North America,USA,MacBook,176293,63592,35%,Q2,15-06-2023,Retail Partner,25,,,,,
424370,Asia,Japan,iPhone,1346828,162619,30%,Q3,13-06-2021,E-Commerce,30,,,,,
421148,North America,Brazil,Wearables,4673792,348349,30%,Q3,11-01-2021,Offline,40,,,,,
574708,Europe,Australia,iPad,1151515,100600,40%,Q3,03-11-2021,Retail Partner,27,,,,,
108388,Africa,Brazil,MacBook,9444394,340204,30%,Q2,06-12-2020,Online,27,,,,,
195542,Oceania,France,Wearables,5512152,332540,30%,Q2,13-02-2020,Online,20,,,,,
976448,Africa,China,Wearables,6133984,453991,30%,Q1,22-05-2021,E-Commerce,30,,,,,
629259,Oceania,USA,MacBook,6966496,272193,35%,Q1,11-03-2023,Online,22,,,,,
769970,Oceania,UK,iPhone,6079906,46907,40%,Q1,31-03-2022,Offline,19,,,,,
587620,North America,India,iPad,108029,69743,30%,Q3,20-01-2021,Apple Store,36,,,,,
877006,North America,Australia,iPhone,9232834,194858,20%,Q3,11-04-2024,E-Commerce,26,,,,,
504064,North America,Australia,Services,3133072,331983,40%,Q1,16-10-2022,Online,26,,,,,
765238,Africa,China,iPad,3044741,28581,20%,Q4,15-05-2022,Apple Store,27,,,,,
503624,Asia,France,Wearables,642960,415966,25%,Q4,26-03-2020,Online,22,,,,,
963828,Asia,Japan,MacBook,3502831,133767,30%,Q2,21-05-2020,Apple Store,26,,,,,
405997,South America,UK,iPhone,578120,128598,20%,Q4,13-02-2023,E-Commerce,28,,,,,
553729,Africa,Japan,Services,7922973,66174,40%,Q4,13-06-2024,Retail Partner,47,,,,,
100063,Asia,Canada,iPhone,3134373,90946,20%,Q3,01-03-2025,Offline,27,,,,,
993949,South America,Germany,iPad,5122329,130264,35%,Q3,20-09-2021,E-Commerce,32,,,,,
238921,North America,France,MacBook,6100768,260330,20%,Q2,14-06-2022,Retail Partner,23,,,,,
364497,Africa,Germany,Services,321905,234294,30%,Q2,12-02-2020,E-Commerce,34,,,,,
491638,Europe,USA,MacBook,32206,300593,40%,Q3,12-06-2023,E-Commerce,34,,,,,
619029,North America,Brazil,iPad,2221059,472522,20%,Q4,06-05-2022,Online,28,,,,,
706844,Europe,China,iPhone,6480744,474608,20%,Q3,11-01-2022,Offline,33,,,,,
533721,South America,India,Services,7373886,156461,20%,Q1,29-10-2021,Offline,44,,,,,
777921,South America,Japan,Wearables,2796141,126681,40%,Q2,19-01-2025,Online,32,,,,,
959959,North America,Germany,Wearables,256301,490359,30%,Q2,24-03-2022,E-Commerce,27,,,,,
291244,Asia,China,Services,3308369,404162,40%,Q2,18-03-2020,Retail Partner,43,,,,,
640930,Africa,USA,iPhone,1065981,425137,40%,Q4,13-01-2024,Online,22,,,,,
177200,Oceania,Brazil,Services,2614006,99337,35%,Q1,10-02-2023,Offline,30,,,,,
647410,South America,USA,iPad,434611,17000,20%,Q1,29-12-2020,Apple Store,37,,,,,
692668,Asia,Brazil,iPhone,8334953,55965,30%,Q4,27-09-2021,Offline,26,,,,,
665823,Oceania,UK,Services,4454647,350056,40%,Q2,20-07-2020,Apple Store,38,,,,,
683962,Oceania,India,iPad,9713881,314555,40%,Q1,06-07-2024,Retail Partner,37,,,,,
498987,Asia,Brazil,iPad,6397744,287844,20%,Q3,24-02-2021,Offline,45,,,,,
668188,Africa,Brazil,Wearables,2653234,181522,30%,Q1,11-02-2023,Offline,42,,,,,
478461,Asia,Australia,iPad,6315204,101349,30%,Q3,27-12-2023,Online,29,,,,,
195615,South America,Brazil,Wearables,2757941,27766,30%,Q1,13-10-2021,Apple Store,26,,,,,
278634,Oceania,Japan,MacBook,231132,62940,20%,Q1,27-01-2022,E-Commerce,34,,,,,
204407,North America,UK,iPad,7459729,443708,30%,Q3,30-01-2023,E-Commerce,35,,,,,
917919,Africa,Canada,Services,732924,152159,25%,Q1,12-07-2021,Apple Store,49,,,,,
781880,Europe,Canada,iPhone,1361521,132446,35%,Q3,04-10-2021,Retail Partner,31,,,,,
433121,South America,France,Services,4040235,79471,20%,Q2,24-04-2024,Apple Store,25,,,,,
778992,Africa,India,iPhone,7766981,316205,30%,Q4,12-06-2022,E-Commerce,22,,,,,
332846,Asia,USA,MacBook,4805810,413110,30%,Q1,18-02-2021,Online,26,,,,,
652537,North America,China,iPhone,1246732,326139,30%,Q1,31-07-2021,E-Commerce,24,,,,,
587916,Oceania,Australia,Wearables,9773810,43115,30%,Q2,25-11-2021,Apple Store,42,,,,,
394611,Oceania,Australia,Services,2384781,331116,20%,Q1,09-11-2022,Apple Store,50,,,,,
946678,Africa,France,Services,7083875,468110,40%,Q3,23-09-2021,Offline,28,,,,,
244952,South America,Canada,Wearables,4814414,269957,25%,Q3,03-10-2021,Offline,39,,,,,
463037,Africa,France,iPhone,2120846,399046,20%,Q4,24-08-2022,Retail Partner,22,,,,,
153092,Oceania,Japan,MacBook,4925799,489961,25%,Q2,02-12-2021,E-Commerce,30,,,,,
473024,Africa,India,MacBook,8758900,304852,25%,Q2,22-06-2023,Apple Store,47,,,,,
421880,South America,Canada,Services,7532043,387918,40%,Q1,18-12-2022,Online,33,,,,,
908698,Oceania,France,Services,1639159,145637,20%,Q4,31-03-2024,Apple Store,39,,,,,
900837,North America,Canada,iPhone,7979867,289244,20%,Q2,17-10-2022,Online,25,,,,,
214491,Asia,India,MacBook,5748481,54268,25%,Q1,03-10-2023,Retail Partner,44,,,,,
139951,Europe,China,Services,566536,306773,30%,Q1,05-04-2024,E-Commerce,25,,,,,
541770,North America,UK,Wearables,5422060,378818,20%,Q2,29-09-2024,E-Commerce,34,,,,,
466565,North America,Germany,MacBook,6450132,36339,20%,Q3,21-07-2022,Online,22,,,,,
535243,North America,Canada,iPhone,2118764,264180,35%,Q4,26-01-2021,Apple Store,18,,,,,
457416,Asia,India,Wearables,1777746,112788,30%,Q2,24-02-2023,Apple Store,41,,,,,
539199,Africa,Australia,iPad,4757493,481384,20%,Q4,30-05-2024,Retail Partner,25,,,,,
235113,Africa,Germany,iPhone,1154643,266463,30%,Q1,09-01-2021,Online,23,,,,,
824205,North America,Canada,iPad,8450791,266453,30%,Q1,05-12-2022,Retail Partner,25,,,,,
874978,Oceania,India,Services,1878988,85773,25%,Q2,24-06-2021,Apple Store,28,,,,,
741951,Europe,Australia,Wearables,5289166,246374,20%,Q2,08-10-2020,Online,22,,,,,
818007,Asia,UK,Services,6011697,432998,30%,Q3,16-08-2022,Retail Partner,32,,,,,
385346,South America,UK,iPhone,8275490,35406,30%,Q1,22-11-2022,Offline,19,,,,,
334972,Oceania,UK,Wearables,3811302,451700,25%,Q3,02-10-2022,Offline,29,,,,,
412003,South America,Canada,MacBook,4072385,297187,30%,Q3,04-12-2022,E-Commerce,23,,,,,
144524,Europe,UK,Wearables,5542325,324648,40%,Q1,28-12-2023,Apple Store,43,,,,,
958086,North America,China,iPhone,976502,399728,25%,Q4,06-04-2021,Retail Partner,26,,,,,
928172,North America,India,MacBook,9989216,282912,30%,Q2,03-07-2023,Apple Store,26,,,,,
836555,Africa,France,Services,862619,60592,40%,Q2,06-05-2020,Online,34,,,,,
811748,North America,France,MacBook,6960056,212010,40%,Q4,02-09-2021,E-Commerce,27,,,,,
230539,Europe,Brazil,iPad,6503891,359828,40%,Q1,07-11-2024,Offline,28,,,,,
888162,Oceania,Canada,Services,8492801,381080,40%,Q1,19-01-2024,Apple Store,41,,,,,
890794,Asia,China,iPad,9910159,297418,20%,Q4,15-08-2023,Retail Partner,41,,,,,
731087,North America,France,Wearables,6268820,225199,30%,Q4,03-02-2024,Online,19,,,,,
725525,South America,Canada,iPhone,5732851,140739,20%,Q2,05-02-2023,Retail Partner,34,,,,,
671759,Asia,Canada,iPhone,9043685,493762,40%,Q2,13-06-2021,Apple Store,33,,,,,
296287,Asia,France,iPad,7717734,97224,20%,Q4,14-01-2022,Retail Partner,33,,,,,
992930,South America,France,Wearables,4748978,314756,40%,Q2,21-05-2021,Offline,28,,,,,
701482,South America,France,MacBook,2701929,25541,20%,Q4,31-10-2021,E-Commerce,27,,,,,
323620,North America,UK,iPad,4296183,294031,30%,Q3,30-12-2022,Online,34,,,,,
224768,North America,Germany,MacBook,1306002,346527,30%,Q4,12-12-2020,Apple Store,30,,,,,
124367,Oceania,Canada,iPhone,7288543,243880,20%,Q1,09-02-2020,Apple Store,25,,,,,
585185,Africa,Germany,iPhone,3716009,124121,40%,Q1,19-03-2022,Online,21,,,,,
816884,Asia,USA,MacBook,1459563,127345,35%,Q1,17-12-2022,E-Commerce,24,,,,,
747382,North America,France,iPad,5018386,343868,20%,Q3,15-11-2023,Retail Partner,39,,,,,
226163,Europe,UK,Services,9554970,196061,40%,Q4,21-09-2020,Retail Partner,33,,,,,
836737,Europe,Japan,Wearables,1107252,286648,35%,Q4,06-02-2020,Retail Partner,32,,,,,
118501,North America,USA,Wearables,6414270,423400,40%,Q4,18-11-2021,Online,24,,,,,
896031,South America,UK,Wearables,6125080,383435,30%,Q1,13-01-2023,Apple Store,39,,,,,
504087,North America,Germany,Services,3407572,74586,30%,Q4,10-08-2022,Online,34,,,,,
225661,Asia,Australia,iPhone,1623232,14052,25%,Q2,24-06-2020,Online,28,,,,,
465573,Europe,Australia,MacBook,273890,256724,30%,Q4,12-04-2021,Online,18,,,,,
221489,Asia,France,iPad,7079700,431924,20%,Q1,13-11-2024,Retail Partner,30,,,,,
135304,Europe,Australia,iPad,8023063,255929,40%,Q4,29-04-2020,E-Commerce,35,,,,,
857739,North America,France,iPad,2022849,141881,40%,Q3,30-07-2024,Retail Partner,27,,,,,
286933,North America,France,Wearables,5330760,208069,25%,Q3,09-08-2021,Offline,44,,,,,
876873,Africa,USA,iPad,2023846,336487,30%,Q2,20-01-2023,Apple Store,37,,,,,
129836,North America,Brazil,Services,1724207,493522,40%,Q2,02-03-2023,E-Commerce,27,,,,,
669068,Africa,France,MacBook,9971441,245243,20%,Q3,30-05-2023,Online,30,,,,,
374358,North America,France,Services,3016336,478195,40%,Q4,26-03-2024,Apple Store,43,,,,,
854982,Asia,Japan,Wearables,5426073,381918,30%,Q3,13-07-2024,Offline,45,,,,,
464338,Africa,France,MacBook,901490,203681,20%,Q2,18-12-2022,Online,27,,,,,
148098,North America,Japan,iPhone,8599617,491279,25%,Q4,02-12-2021,Apple Store,30,,,,,
498419,North America,Brazil,MacBook,2045827,199202,25%,Q4,29-06-2024,E-Commerce,19,,,,,
351956,Europe,Canada,Services,7351800,423316,40%,Q2,15-08-2023,E-Commerce,34,,,,,
874421,North America,India,Services,8944608,42649,25%,Q3,24-11-2021,Apple Store,31,,,,,
166376,South America,USA,Wearables,1123195,279257,30%,Q3,25-12-2024,Online,35,,,,,
575507,Oceania,France,Wearables,2402720,308776,20%,Q2,13-06-2024,E-Commerce,19,,,,,
579388,Africa,France,iPad,3548711,274643,25%,Q2,03-05-2022,Apple Store,34,,,,,
304265,Asia,Japan,Wearables,3841285,207885,20%,Q1,05-10-2020,Apple Store,37,,,,,
118169,North America,Japan,Services,957712,342836,25%,Q2,12-09-2023,Retail Partner,31,,,,,
872714,Africa,UK,Services,2941102,66852,35%,Q2,25-12-2021,Online,35,,,,,
983033,North America,Brazil,MacBook,2430140,66586,35%,Q2,04-10-2020,Offline,48,,,,,
415992,Asia,China,iPhone,8720722,492945,25%,Q4,18-01-2025,Retail Partner,30,,,,,
979539,North America,Germany,iPad,6489933,277498,30%,Q2,09-11-2024,Retail Partner,36,,,,,
146077,Africa,UK,iPad,3593844,118420,25%,Q2,28-12-2023,Offline,40,,,,,
415413,Asia,USA,iPhone,5856563,428857,35%,Q2,26-06-2021,Offline,34,,,,,
562886,South America,Brazil,iPhone,1798351,242332,40%,Q2,19-11-2022,Offline,34,,,,,
973343,Asia,France,iPhone,9365709,21568,30%,Q2,26-01-2022,Retail Partner,19,,,,,
286874,Africa,Germany,MacBook,1852483,51937,40%,Q3,25-08-2023,Retail Partner,47,,,,,
661901,North America,Brazil,Wearables,8545198,171040,20%,Q4,03-03-2022,Online,19,,,,,
723130,Africa,France,iPad,2019782,381353,20%,Q1,12-04-2024,Online,33,,,,,
865183,North America,China,MacBook,4592245,23670,30%,Q1,20-02-2020,Retail Partner,48,,,,,
310726,North America,Japan,iPad,4461594,304504,35%,Q3,26-07-2024,Retail Partner,40,,,,,
995716,South America,China,Wearables,488494,343670,35%,Q2,05-11-2020,Apple Store,39,,,,,
913812,Africa,Canada,iPhone,9536868,128144,30%,Q3,08-10-2022,Apple Store,28,,,,,
916538,Europe,India,Services,4417584,375287,35%,Q3,25-05-2020,Apple Store,41,,,,,
932054,Europe,China,MacBook,1823504,496032,40%,Q3,16-02-2020,Offline,28,,,,,
372028,Africa,Brazil,MacBook,9813775,104671,35%,Q1,04-09-2024,E-Commerce,18,,,,,
400817,Oceania,Japan,MacBook,4431041,438155,35%,Q1,04-03-2021,Retail Partner,47,,,,,
662126,North America,China,Wearables,5732916,426941,40%,Q4,18-05-2024,E-Commerce,23,,,,,
175999,South America,Japan,iPhone,2449427,1234,30%,Q4,08-08-2024,Offline,30,,,,,
290105,Africa,UK,Wearables,5816323,158046,35%,Q2,04-06-2020,Retail Partner,34,,,,,
608823,Oceania,Germany,iPad,5471474,34035,20%,Q2,10-07-2021,Retail Partner,25,,,,,
371365,Africa,China,iPhone,8942143,289082,20%,Q3,13-07-2023,Retail Partner,26,,,,,
276750,North America,Germany,MacBook,669705,442770,20%,Q2,27-03-2023,Offline,50,,,,,
577494,North America,Australia,Wearables,7254700,347943,40%,Q1,12-01-2021,Online,34,,,,,
833676,Europe,Germany,iPhone,982773,188095,40%,Q2,09-11-2023,E-Commerce,29,,,,,
242844,Africa,Canada,Wearables,3860857,281927,40%,Q1,01-08-2022,E-Commerce,32,,,,,
881493,Asia,Japan,Wearables,5846975,304189,20%,Q3,07-03-2024,Retail Partner,26,,,,,
445761,North America,Germany,Services,6922349,82904,20%,Q1,05-11-2023,Apple Store,39,,,,,
246860,Africa,China,iPhone,1589173,330744,35%,Q3,20-11-2020,Offline,26,,,,,
793385,Asia,France,Wearables,9549415,214646,30%,Q2,07-03-2020,Retail Partner,29,,,,,
697586,North America,India,Wearables,3846520,47860,40%,Q2,10-08-2021,Offline,20,,,,,
249240,Europe,USA,Services,291894,326239,20%,Q2,06-11-2024,Online,30,,,,,
189428,Africa,Brazil,MacBook,5654140,5212,25%,Q3,15-02-2024,Apple Store,33,,,,,
666483,Africa,Australia,Services,4299446,481775,40%,Q2,21-07-2022,E-Commerce,31,,,,,
908338,Oceania,China,iPad,9785333,382839,40%,Q4,05-03-2024,Apple Store,30,,,,,
796027,Africa,UK,Wearables,5001115,382423,40%,Q4,03-09-2023,Offline,37,,,,,
694582,North America,Japan,Services,7807864,55429,30%,Q3,24-04-2021,Retail Partner,48,,,,,
590899,South America,USA,MacBook,1403701,340020,25%,Q2,16-06-2023,Apple Store,27,,,,,
420691,South America,China,Wearables,6200,229463,20%,Q4,07-05-2022,E-Commerce,27,,,,,
530643,North America,Brazil,iPad,338298,156285,20%,Q2,09-11-2020,Retail Partner,26,,,,,
381538,Africa,UK,iPad,9102708,89667,40%,Q4,16-03-2023,E-Commerce,32,,,,,
669599,Oceania,Japan,Wearables,9558529,9260,40%,Q1,28-07-2023,Offline,22,,,,,
287671,North America,Canada,MacBook,8665825,421590,40%,Q4,08-02-2020,Retail Partner,43,,,,,
204657,Europe,Brazil,MacBook,822935,290878,30%,Q1,11-02-2020,Online,32,,,,,
885323,North America,France,iPhone,4018073,193988,35%,Q4,20-04-2022,Apple Store,31,,,,,
672004,Asia,Brazil,iPad,378537,354200,40%,Q2,11-01-2022,E-Commerce,25,,,,,
938563,Oceania,France,MacBook,1173859,256697,30%,Q3,25-02-2022,Retail Partner,26,,,,,
470743,North America,Brazil,Services,6874944,359642,40%,Q4,27-09-2021,Online,31,,,,,
778612,Africa,UK,iPad,7549817,378423,30%,Q4,27-04-2021,E-Commerce,32,,,,,
727918,Asia,Germany,MacBook,9534833,306980,40%,Q2,27-02-2022,E-Commerce,18,,,,,
928350,Asia,China,iPhone,6307891,315646,40%,Q1,17-10-2020,Online,24,,,,,
437950,Asia,Australia,MacBook,8414849,161341,20%,Q2,22-04-2021,Offline,46,,,,,
329990,Europe,Australia,iPad,8536915,24455,35%,Q1,19-11-2021,Retail Partner,28,,,,,
392664,Africa,Brazil,iPad,7256328,238657,25%,Q1,13-01-2021,Offline,44,,,,,
746275,Oceania,Australia,iPhone,4198932,404775,20%,Q3,20-08-2024,Retail Partner,21,,,,,
514105,North America,China,Services,3685651,215344,25%,Q1,01-11-2024,Apple Store,25,,,,,
900602,Africa,USA,iPhone,8043623,249136,30%,Q4,16-04-2022,Online,18,,,,,
943154,Europe,Brazil,iPad,7978520,460614,35%,Q3,14-08-2024,Apple Store,37,,,,,
159564,North America,Japan,Wearables,5895937,112709,25%,Q2,09-06-2021,E-Commerce,35,,,,,
788627,South America,India,Services,1731848,221109,40%,Q2,01-03-2022,Retail Partner,48,,,,,
777585,Africa,USA,MacBook,583526,341026,30%,Q2,24-04-2024,Online,31,,,,,
888129,South America,Australia,iPhone,8508244,85696,20%,Q1,02-03-2020,Online,32,,,,,
512334,Oceania,Australia,iPad,2149743,223226,25%,Q2,17-01-2021,E-Commerce,26,,,,,
387334,Africa,Japan,iPhone,6752342,333730,40%,Q3,27-10-2020,Retail Partner,33,,,,,
540310,Europe,France,Wearables,1002297,316490,20%,Q2,10-11-2020,E-Commerce,31,,,,,
941704,North America,Canada,Services,5250229,470726,40%,Q3,16-08-2020,Retail Partner,38,,,,,
685335,Oceania,Germany,Services,3876813,370119,20%,Q2,09-07-2024,Online,29,,,,,
168204,Africa,China,Services,6460159,402142,25%,Q2,15-09-2023,Online,28,,,,,
514481,South America,Canada,iPad,8973898,478516,40%,Q4,07-05-2022,E-Commerce,29,,,,,
338094,Oceania,France,iPhone,2726448,320255,30%,Q2,28-07-2021,Apple Store,21,,,,,
662494,North America,India,iPad,8584600,399926,25%,Q2,07-05-2024,Offline,36,,,,,
424533,Africa,USA,iPhone,4067652,271097,30%,Q1,02-12-2024,Retail Partner,19,,,,,
924984,Asia,China,Services,8732125,389822,20%,Q2,25-04-2020,Retail Partner,25,,,,,
534576,North America,France,iPhone,539072,54285,40%,Q2,16-09-2024,Apple Store,19,,,,,
100211,Oceania,USA,MacBook,1925835,248484,40%,Q4,04-02-2022,Retail Partner,37,,,,,
382383,Asia,Brazil,MacBook,1252260,480901,40%,Q3,18-01-2023,Online,35,,,,,
112541,Asia,France,Wearables,79085,229105,20%,Q2,28-11-2021,Apple Store,23,,,,,
698005,Asia,India,iPad,5757266,230795,20%,Q4,06-12-2022,Apple Store,35,,,,,
977624,North America,UK,MacBook,6586042,181310,20%,Q4,09-07-2020,Retail Partner,23,,,,,
370124,Europe,China,iPad,8904876,373480,40%,Q2,03-11-2021,Apple Store,29,,,,,
247716,Africa,India,Services,5583667,51750,20%,Q3,16-02-2021,Offline,37,,,,,
601161,Oceania,Canada,Wearables,8715094,52848,30%,Q3,20-08-2024,E-Commerce,27,,,,,
355235,North America,Australia,iPhone,8977170,306102,35%,Q4,15-12-2020,E-Commerce,28,,,,,
259348,Africa,Canada,Wearables,8788029,433654,25%,Q4,08-05-2020,Apple Store,19,,,,,
109307,South America,Japan,iPad,6240271,135887,40%,Q4,30-10-2020,Online,30,,,,,
886264,North America,China,iPhone,1336551,188752,40%,Q4,07-05-2022,Retail Partner,28,,,,,
223317,North America,Australia,iPad,8796628,306996,30%,Q2,18-02-2023,Online,26,,,,,
414015,Asia,UK,Services,7356571,464113,20%,Q3,29-03-2020,Retail Partner,30,,,,,
737178,North America,Germany,iPad,8448725,68001,30%,Q2,18-10-2024,Online,34,,,,,
939718,Europe,India,MacBook,2704618,16980,20%,Q1,05-12-2022,Offline,33,,,,,
608702,South America,India,Wearables,9201149,347352,20%,Q2,03-04-2024,E-Commerce,21,,,,,
293461,Europe,China,iPhone,3207406,211940,35%,Q4,28-08-2022,E-Commerce,19,,,,,
154875,South America,USA,Services,7361888,215310,40%,Q4,03-10-2023,Online,33,,,,,
844365,Asia,USA,Services,9329511,119409,40%,Q2,19-05-2020,Retail Partner,48,,,,,
489103,Asia,Canada,Wearables,7775966,167651,35%,Q2,28-08-2024,Offline,43,,,,,
257029,North America,China,Wearables,9388526,259623,40%,Q3,14-05-2022,E-Commerce,22,,,,,
583366,South America,Canada,Wearables,3420376,310125,40%,Q2,11-03-2023,Apple Store,35,,,,,
965693,North America,France,iPad,9950116,455172,20%,Q1,11-01-2021,Online,35,,,,,
308931,North America,USA,iPad,8199252,391461,35%,Q2,29-04-2023,Apple Store,33,,,,,
875105,Asia,Germany,Services,6071154,464083,30%,Q3,02-06-2024,Offline,46,,,,,
795714,North America,Australia,iPad,3916026,242608,20%,Q4,23-05-2024,E-Commerce,25,,,,,
100053,North America,Australia,Services,1856472,135373,35%,Q3,04-11-2023,Apple Store,42,,,,,
960645,North America,France,Wearables,3513677,139116,40%,Q1,07-11-2020,Online,35,,,,,
992929,South America,UK,Wearables,4777419,240494,30%,Q2,29-01-2021,Retail Partner,44,,,,,
505113,Oceania,Australia,MacBook,8723365,381141,40%,Q2,26-05-2023,Offline,20,,,,,
492766,North America,Canada,iPad,7244569,427758,30%,Q2,19-04-2020,E-Commerce,30,,,,,
165570,Oceania,Germany,Wearables,3232811,36462,30%,Q2,08-07-2024,E-Commerce,20,,,,,
435329,Oceania,Canada,Wearables,3635074,393485,40%,Q4,16-12-2024,Retail Partner,44,,,,,
368768,Oceania,UK,Wearables,7096648,121801,20%,Q3,23-04-2020,E-Commerce,22,,,,,
154424,South America,France,MacBook,8399911,239673,30%,Q4,29-01-2022,Offline,30,,,,,
810460,Asia,China,iPad,7424683,37879,40%,Q1,11-04-2022,Retail Partner,26,,,,,
314098,Africa,Japan,Wearables,4132727,407616,25%,Q2,28-05-2024,Retail Partner,34,,,,,
824497,Asia,UK,Services,6167019,284472,35%,Q4,25-12-2020,Offline,26,,,,,
491224,Europe,France,iPad,1382693,130909,20%,Q3,28-02-2020,Online,25,,,,,
244506,Africa,Canada,iPhone,6665490,111227,40%,Q2,08-03-2024,Online,29,,,,,
771812,North America,Germany,iPad,1598758,494110,20%,Q4,14-03-2023,Apple Store,30,,,,,
799431,Africa,USA,iPhone,4437970,413481,40%,Q4,14-06-2023,Online,22,,,,,
354436,South America,Australia,Services,6610396,328395,40%,Q1,05-06-2021,Offline,44,,,,,
160527,Asia,Australia,Wearables,5164170,119067,40%,Q1,14-02-2022,Retail Partner,43,,,,,
419469,South America,Japan,Services,354230,111295,25%,Q3,26-07-2022,Retail Partner,38,,,,,
383048,Europe,Germany,MacBook,9874106,390833,25%,Q3,18-09-2022,Apple Store,23,,,,,
884077,Africa,Japan,Wearables,137497,198582,20%,Q3,16-12-2020,Online,31,,,,,
320540,Africa,Canada,Wearables,2337030,53060,20%,Q4,17-08-2021,Online,27,,,,,
480611,Oceania,Canada,iPad,8055354,232257,40%,Q4,25-09-2021,Retail Partner,43,,,,,
843960,Africa,India,MacBook,9052335,289815,30%,Q2,28-07-2020,Retail Partner,45,,,,,
299187,Asia,India,iPhone,6416983,449474,35%,Q1,10-06-2022,E-Commerce,29,,,,,
909096,Asia,Germany,iPad,5539415,175470,35%,Q3,13-12-2024,Online,33,,,,,
267043,Asia,Brazil,MacBook,7559812,172308,20%,Q2,31-08-2023,Retail Partner,33,,,,,
271330,South America,USA,iPad,5438360,117032,40%,Q4,26-10-2022,Offline,44,,,,,
823976,Europe,Canada,iPhone,6658525,68066,40%,Q1,08-02-2021,E-Commerce,22,,,,,
863590,Europe,Australia,Services,4226692,127334,40%,Q1,17-01-2024,Apple Store,34,,,,,
309574,Asia,India,iPad,5197236,232272,20%,Q2,30-01-2024,E-Commerce,28,,,,,
563233,North America,Japan,iPhone,7303856,128375,40%,Q2,31-10-2020,Online,28,,,,,
170859,North America,UK,MacBook,6585237,408532,20%,Q3,17-10-2023,E-Commerce,28,,,,,
629162,Oceania,Germany,iPad,6893763,240344,35%,Q2,01-09-2024,Retail Partner,39,,,,,
684810,North America,France,iPhone,1293631,96411,35%,Q3,09-02-2021,E-Commerce,25,,,,,
369319,South America,Brazil,MacBook,40238,281401,20%,Q4,08-10-2022,Apple Store,41,,,,,
380241,North America,UK,iPhone,3554572,174724,25%,Q3,25-10-2021,Apple Store,25,,,,,
661643,South America,China,MacBook,9615951,112757,40%,Q3,25-02-2020,Retail Partner,21,,,,,
171202,Europe,UK,iPad,9913978,189565,25%,Q1,18-07-2023,Online,26,,,,,
810286,Asia,China,Wearables,9408164,161522,20%,Q4,15-09-2020,Retail Partner,45,,,,,
839393,Asia,Brazil,Wearables,2683548,361879,40%,Q1,18-11-2021,Retail Partner,31,,,,,
708602,South America,Canada,Wearables,1698635,412750,30%,Q1,13-07-2022,Offline,32,,,,,
767954,Asia,Australia,iPhone,1679800,91163,40%,Q1,25-11-2023,Retail Partner,27,,,,,
513663,South America,UK,iPhone,8698229,45836,40%,Q2,29-07-2024,Apple Store,27,,,,,
458091,Asia,Australia,iPad,5188003,137531,35%,Q1,29-09-2022,Online,26,,,,,
740929,Africa,USA,Services,6561085,169986,35%,Q3,08-04-2024,Offline,48,,,,,
393212,Asia,Australia,iPhone,3966219,315320,40%,Q4,23-01-2021,Apple Store,23,,,,,
895865,North America,Germany,iPhone,1981543,152817,40%,Q1,17-10-2021,E-Commerce,28,,,,,
116854,Oceania,Japan,iPhone,4670286,423418,40%,Q3,30-03-2024,Offline,18,,,,,
684098,Europe,Australia,Wearables,5099721,472357,40%,Q2,30-08-2022,Retail Partner,27,,,,,
860997,North America,Japan,MacBook,2101729,176454,30%,Q1,31-12-2020,Apple Store,19,,,,,
380876,Europe,USA,Wearables,1352871,350505,30%,Q4,09-11-2024,Online,30,,,,,
473901,Asia,USA,iPad,1144385,15227,35%,Q4,18-03-2023,Apple Store,31,,,,,
232066,Asia,China,Wearables,9209264,159034,25%,Q2,01-12-2021,Offline,29,,,,,
106515,South America,China,iPhone,2245122,213463,30%,Q3,11-09-2023,Offline,18,,,,,
411547,Asia,France,iPhone,2572177,95660,35%,Q4,21-10-2022,Offline,32,,,,,
321970,Europe,UK,Services,3293035,491452,30%,Q2,18-09-2024,Offline,40,,,,,
715130,Asia,China,MacBook,6462139,71731,30%,Q1,03-06-2020,Apple Store,22,,,,,
389326,Asia,Japan,iPad,8486214,411416,40%,Q2,17-04-2024,Online,25,,,,,
355704,Asia,India,MacBook,3778024,43154,40%,Q1,22-09-2022,Offline,38,,,,,
154146,North America,Canada,iPad,8888756,183440,25%,Q1,23-08-2024,Apple Store,42,,,,,
380097,Europe,Canada,iPhone,1800571,203528,30%,Q1,05-09-2022,Retail Partner,26,,,,,
623867,Europe,Brazil,MacBook,3086043,376886,25%,Q1,16-12-2021,E-Commerce,22,,,,,
593961,North America,Japan,iPhone,477687,264815,25%,Q1,21-09-2024,E-Commerce,25,,,,,
533587,Africa,Germany,iPhone,1806749,303037,30%,Q2,27-07-2020,Apple Store,27,,,,,
319730,Europe,UK,iPad,2465067,375737,25%,Q3,30-01-2020,Apple Store,25,,,,,
548698,South America,Canada,Wearables,6130013,177117,20%,Q1,17-03-2024,Retail Partner,30,,,,,
103748,North America,India,Wearables,1750550,199755,20%,Q1,13-08-2021,Retail Partner,36,,,,,
828538,South America,Brazil,iPhone,3229617,468985,20%,Q2,23-12-2020,Offline,20,,,,,
766657,Oceania,Australia,Wearables,7127973,382502,35%,Q3,19-08-2024,Offline,27,,,,,
302245,Africa,Germany,Services,4882990,348512,30%,Q2,23-01-2025,Offline,40,,,,,
495596,Asia,UK,iPhone,4534887,194537,35%,Q2,27-11-2022,Online,33,,,,,
167245,Oceania,Australia,MacBook,3912776,231582,40%,Q3,16-09-2024,E-Commerce,18,,,,,
998730,Europe,China,iPad,1566633,430671,40%,Q1,09-05-2020,Online,32,,,,,
135298,North America,USA,iPad,7038230,35110,40%,Q3,03-02-2021,Online,27,,,,,
874640,Asia,France,iPad,1819278,308358,25%,Q1,20-04-2023,Offline,25,,,,,
533100,Europe,USA,iPhone,3953653,77445,40%,Q1,10-10-2024,Retail Partner,34,,,,,
375667,South America,Brazil,Services,4301525,282753,40%,Q1,28-04-2020,E-Commerce,26,,,,,
173853,Asia,UK,Services,6319391,55096,40%,Q3,15-01-2025,Online,33,,,,,
634697,South America,Brazil,MacBook,5473155,108027,40%,Q3,18-04-2020,Offline,33,,,,,
196128,North America,India,Wearables,7891526,390715,35%,Q1,16-05-2023,E-Commerce,21,,,,,
783502,North America,Germany,iPhone,2706062,389767,35%,Q2,30-12-2021,Online,26,,,,,
458160,South America,Germany,iPad,4748885,165703,35%,Q3,22-03-2024,Online,31,,,,,
453515,North America,USA,iPhone,6830341,422277,25%,Q1,14-12-2021,E-Commerce,23,,,,,
967313,North America,USA,MacBook,2729371,442976,35%,Q4,06-12-2020,Online,23,,,,,
621481,North America,USA,Wearables,8997542,134331,20%,Q1,25-06-2020,Online,22,,,,,
379672,Europe,UK,MacBook,862531,156667,40%,Q1,02-09-2024,Retail Partner,24,,,,,
199996,South America,China,iPad,2026038,250288,20%,Q2,16-08-2023,Online,28,,,,,
259103,Oceania,France,MacBook,4313631,402664,20%,Q2,11-04-2021,Offline,35,,,,,
440695,Africa,India,iPad,7840591,428173,20%,Q2,07-02-2021,Online,25,,,,,
510423,North America,France,iPad,60402,245446,25%,Q4,26-11-2024,Retail Partner,36,,,,,
162988,North America,India,Wearables,19338,82244,35%,Q3,20-06-2023,Offline,35,,,,,
286786,Africa,UK,MacBook,1275695,484281,30%,Q1,29-11-2024,Online,34,,,,,
124221,Asia,France,Wearables,6745450,12437,30%,Q1,04-01-2023,Offline,41,,,,,
863946,Africa,China,MacBook,2107454,271931,20%,Q3,15-10-2020,E-Commerce,27,,,,,
554530,Europe,China,MacBook,5149235,167436,35%,Q1,31-10-2024,Online,29,,,,,
206702,North America,Japan,iPad,5008430,395092,20%,Q1,06-07-2021,Online,34,,,,,
303133,Africa,China,Wearables,1061178,114142,25%,Q1,08-11-2022,Offline,38,,,,,
220153,Africa,India,Services,9786020,310513,30%,Q1,01-08-2023,E-Commerce,32,,,,,
761239,North America,Canada,iPad,2733664,293938,25%,Q1,15-02-2022,Online,30,,,,,
444097,Oceania,USA,MacBook,9968566,449142,20%,Q2,16-10-2021,Retail Partner,44,,,,,
878268,North America,India,iPad,7566560,79671,25%,Q1,27-04-2021,Online,31,,,,,
455629,Oceania,France,MacBook,4708566,392439,20%,Q3,02-07-2024,Retail Partner,23,,,,,
179367,Africa,Japan,MacBook,76278,134622,40%,Q3,15-12-2023,Offline,28,,,,,
770007,North America,Canada,iPad,6931897,84400,20%,Q3,29-06-2022,E-Commerce,30,,,,,
742904,Africa,Australia,MacBook,3666817,128574,40%,Q4,03-07-2020,Retail Partner,21,,,,,
533514,South America,UK,MacBook,8913730,409347,40%,Q1,07-10-2023,E-Commerce,22,,,,,
406133,Asia,Australia,Services,5584966,496186,35%,Q2,14-07-2021,Retail Partner,41,,,,,
383724,Asia,UK,iPhone,1133798,195507,30%,Q3,16-04-2023,Apple Store,24,,,,,
572156,South America,Germany,iPad,936903,385199,30%,Q4,19-02-2024,Apple Store,40,,,,,
967094,Europe,China,Wearables,5425611,434459,30%,Q4,05-11-2020,E-Commerce,25,,,,,
225507,Africa,Canada,MacBook,2731612,499227,20%,Q4,24-07-2022,Retail Partner,43,,,,,
935044,North America,USA,iPhone,7712519,69312,35%,Q3,09-01-2023,Apple Store,31,,,,,
479000,South America,France,iPad,5274103,287092,40%,Q4,14-10-2024,Retail Partner,32,,,,,
468998,Oceania,Brazil,Services,777518,364193,30%,Q4,09-11-2020,Apple Store,28,,,,,
532123,Africa,Brazil,Wearables,4877850,422070,20%,Q4,10-01-2023,Apple Store,30,,,,,
383289,Oceania,Brazil,Services,4970279,53017,30%,Q2,20-07-2020,E-Commerce,31,,,,,
620379,Oceania,Germany,MacBook,7117388,488869,35%,Q4,17-03-2020,E-Commerce,26,,,,,
177211,Oceania,Germany,MacBook,2412230,24387,30%,Q4,28-05-2024,Offline,32,,,,,
888035,South America,UK,Services,5263055,467296,40%,Q2,20-04-2020,Offline,29,,,,,
164441,North America,Japan,Services,8100241,386113,35%,Q4,15-06-2020,Apple Store,27,,,,,
567334,North America,UK,iPhone,3805066,230731,35%,Q4,19-07-2024,Online,28,,,,,
446300,North America,Canada,iPhone,5520203,244371,40%,Q3,18-03-2021,Retail Partner,24,,,,,
900741,South America,Germany,MacBook,3012689,459474,20%,Q2,06-06-2021,Online,34,,,,,
668033,North America,France,iPhone,9958848,24968,30%,Q2,20-07-2020,Retail Partner,34,,,,,
487205,Africa,USA,Wearables,3896630,212389,30%,Q4,23-02-2021,Online,18,,,,,
143977,Africa,Canada,MacBook,7118079,95916,40%,Q1,21-03-2024,Apple Store,22,,,,,
766312,North America,USA,iPad,2777060,144298,35%,Q3,21-03-2024,E-Commerce,26,,,,,
776645,North America,France,Services,89330,411791,35%,Q3,07-10-2022,Online,33,,,,,
755177,North America,China,iPad,6089016,67119,20%,Q3,04-03-2022,E-Commerce,34,,,,,
114022,North America,Brazil,iPhone,2470249,124025,35%,Q2,11-09-2023,Offline,22,,,,,
270732,North America,India,iPhone,7567985,39969,40%,Q3,23-07-2021,E-Commerce,18,,,,,
642898,Europe,Brazil,Services,8714523,278491,20%,Q4,13-12-2022,Retail Partner,43,,,,,
310152,Africa,Brazil,MacBook,1896411,273752,20%,Q4,24-07-2023,Apple Store,36,,,,,
881384,Oceania,China,Services,2027807,89623,40%,Q1,08-07-2023,Retail Partner,34,,,,,
945270,Asia,USA,iPad,8223054,431126,20%,Q2,07-10-2024,E-Commerce,25,,,,,
839034,South America,USA,Services,346609,200122,20%,Q1,25-06-2022,E-Commerce,34,,,,,
839908,North America,India,iPad,5895452,111120,40%,Q2,29-06-2024,Retail Partner,27,,,,,
802203,North America,Brazil,Wearables,942156,303493,30%,Q2,10-07-2020,Apple Store,27,,,,,
144204,North America,UK,iPhone,8756848,417272,30%,Q1,18-11-2023,Retail Partner,30,,,,,
118866,South America,Canada,Wearables,1702775,279606,25%,Q2,10-08-2023,Retail Partner,38,,,,,
483435,North America,Japan,iPad,8175480,107981,40%,Q3,10-12-2022,Online,32,,,,,
174473,Africa,France,iPhone,893137,354955,20%,Q3,21-03-2024,Apple Store,18,,,,,
598093,Asia,USA,MacBook,2876891,333846,35%,Q3,26-07-2022,Online,32,,,,,
570593,Europe,Germany,iPhone,8890261,167768,30%,Q4,06-08-2023,Online,30,,,,,
240117,Asia,Japan,iPhone,2559760,466565,40%,Q2,06-10-2020,Offline,20,,,,,
647146,South America,Australia,Wearables,549394,234982,40%,Q1,21-06-2022,E-Commerce,24,,,,,
505946,Europe,Germany,MacBook,5712227,472277,25%,Q4,12-08-2024,Retail Partner,27,,,,,
690420,South America,Japan,Wearables,6934756,31456,30%,Q3,27-01-2022,E-Commerce,25,,,,,
274499,North America,Japan,MacBook,1021668,315652,25%,Q3,18-01-2025,Online,21,,,,,
307171,North America,Japan,MacBook,3109056,254502,30%,Q2,26-02-2020,Apple Store,50,,,,,
914132,Europe,Brazil,iPad,2498036,344486,30%,Q2,09-12-2020,Offline,43,,,,,
869479,Africa,UK,iPhone,3558682,71803,20%,Q4,06-03-2021,Offline,19,,,,,
203814,North America,Japan,iPad,5661400,472139,35%,Q1,07-07-2021,Apple Store,29,,,,,
486600,Oceania,Germany,Wearables,3029991,437223,20%,Q2,18-09-2022,Retail Partner,30,,,,,
198789,South America,USA,iPad,3642373,345723,20%,Q3,18-10-2020,Apple Store,28,,,,,
161808,North America,France,Services,8719145,24998,40%,Q1,18-10-2023,E-Commerce,29,,,,,
331651,Asia,Canada,iPad,287069,32683,30%,Q4,04-07-2021,Retail Partner,27,,,,,
631144,Africa,Canada,MacBook,1999267,429527,40%,Q3,08-09-2024,Retail Partner,49,,,,,
317121,North America,India,iPad,2328849,396150,40%,Q3,24-03-2024,Offline,44,,,,,
622881,North America,UK,iPhone,5975961,38774,20%,Q2,30-08-2021,E-Commerce,28,,,,,
156519,North America,Japan,iPad,3621295,295720,25%,Q4,18-12-2023,Offline,42,,,,,
687194,Oceania,UK,MacBook,6727173,450176,30%,Q1,09-12-2020,Retail Partner,43,,,,,
732865,Asia,Australia,MacBook,4204904,299900,20%,Q2,04-02-2022,Online,35,,,,,
458163,South America,Brazil,MacBook,6207951,188167,20%,Q1,18-06-2024,Apple Store,39,,,,,
814401,Asia,China,Services,4739133,55077,30%,Q1,08-02-2022,Retail Partner,48,,,,,
676446,Europe,USA,MacBook,3452261,120936,30%,Q4,13-05-2021,Offline,29,,,,,
729293,Oceania,France,Services,1897749,428940,25%,Q1,26-12-2020,Apple Store,31,,,,,
911965,Africa,India,iPhone,2244392,452261,40%,Q2,06-05-2024,Online,31,,,,,
172718,Africa,Germany,Wearables,7441780,252177,30%,Q4,13-03-2022,E-Commerce,31,,,,,
546773,North America,USA,MacBook,8595436,366110,35%,Q4,04-04-2024,Online,25,,,,,
645482,Oceania,Japan,iPad,2365261,150219,35%,Q2,13-07-2020,Apple Store,25,,,,,
609463,Asia,France,iPhone,5260809,495454,25%,Q3,31-03-2020,Online,21,,,,,
924187,North America,India,MacBook,7650823,317253,20%,Q4,21-11-2022,Offline,35,,,,,
436608,Oceania,Australia,Services,9968035,363785,20%,Q3,23-12-2021,Apple Store,40,,,,,
982589,Europe,India,MacBook,9500715,142360,25%,Q4,31-08-2023,Offline,24,,,,,
362638,Europe,Brazil,Wearables,7787795,125499,35%,Q3,07-10-2023,E-Commerce,22,,,,,
660392,South America,UK,Wearables,3419359,483120,30%,Q4,22-01-2022,Apple Store,35,,,,,
599632,Africa,Canada,iPhone,9763340,342415,35%,Q3,24-07-2023,E-Commerce,29,,,,,
410428,North America,UK,MacBook,4119263,479470,30%,Q3,30-06-2021,E-Commerce,25,,,,,
450044,South America,USA,Services,2788159,93934,35%,Q3,18-04-2022,Online,31,,,,,
510215,South America,Canada,MacBook,6415940,79658,20%,Q2,29-08-2024,Offline,20,,,,,
785786,South America,UK,MacBook,8166930,125599,40%,Q3,06-04-2023,Retail Partner,37,,,,,
342479,Europe,Brazil,Wearables,6568499,141634,40%,Q2,07-12-2021,Apple Store,43,,,,,
958692,Asia,Brazil,iPhone,9850061,435678,20%,Q4,25-02-2023,Apple Store,33,,,,,
311410,Oceania,Japan,iPad,8077545,200633,35%,Q4,20-04-2024,Apple Store,41,,,,,
509040,Asia,Brazil,Services,2051984,263600,30%,Q4,22-11-2024,Offline,32,,,,,
990049,Asia,Germany,Services,4969343,278832,25%,Q3,02-09-2020,Retail Partner,30,,,,,
419004,Africa,UK,iPhone,6625365,453193,35%,Q2,16-01-2022,Online,19,,,,,
406997,Europe,USA,Wearables,1806285,39480,30%,Q4,27-05-2020,Online,23,,,,,
907669,North America,China,Services,9524511,169460,40%,Q4,08-10-2021,E-Commerce,27,,,,,
408227,Asia,France,iPhone,1166165,448570,30%,Q2,07-04-2020,Online,22,,,,,
631211,Africa,UK,Services,7487876,334111,40%,Q4,08-12-2023,Offline,37,,,,,
904392,Oceania,India,Services,3705409,339201,30%,Q1,28-12-2020,Offline,28,,,,,
129318,South America,Brazil,Wearables,3803107,143078,30%,Q3,11-06-2020,E-Commerce,34,,,,,
363736,Africa,France,Services,9178730,267203,30%,Q4,21-07-2021,Apple Store,47,,,,,
270105,Africa,Australia,Services,6046957,308834,30%,Q4,09-09-2024,Retail Partner,37,,,,,
994037,Oceania,China,iPad,9546690,208308,20%,Q2,10-02-2024,Retail Partner,30,,,,,
962387,Oceania,France,Wearables,9692787,119119,20%,Q2,26-05-2022,E-Commerce,32,,,,,
815152,Europe,USA,iPhone,7482075,289199,20%,Q3,30-03-2021,E-Commerce,21,,,,,
133640,South America,Australia,Wearables,7037408,264830,25%,Q4,25-01-2021,Apple Store,19,,,,,
986178,Africa,India,iPad,7869464,495880,20%,Q2,02-01-2022,E-Commerce,30,,,,,
545588,Asia,China,iPad,5411931,468707,35%,Q2,01-07-2022,Online,26,,,,,
465431,Oceania,China,Services,5291071,231369,20%,Q4,04-06-2023,Apple Store,38,,,,,
921278,North America,USA,iPad,9471580,98117,35%,Q3,06-10-2023,Apple Store,29,,,,,
121733,Africa,France,iPad,8166596,146700,25%,Q3,19-09-2021,Online,25,,,,,
956989,Oceania,Brazil,Wearables,1161642,308001,35%,Q3,19-06-2022,Online,33,,,,,
272855,Africa,UK,MacBook,9082940,306311,30%,Q4,11-10-2022,Retail Partner,23,,,,,
170755,Oceania,Brazil,Services,8383680,219611,35%,Q1,14-03-2024,E-Commerce,26,,,,,
438110,Asia,UK,Services,900372,15074,20%,Q4,20-08-2023,Retail Partner,33,,,,,
670065,Oceania,USA,Wearables,1507257,115583,30%,Q1,15-12-2022,Online,22,,,,,
688876,Europe,France,iPhone,4279609,462837,20%,Q1,15-10-2020,Online,22,,,,,
580258,Europe,UK,Wearables,170618,46629,35%,Q2,14-09-2021,Offline,27,,,,,
497639,Oceania,India,iPhone,5377569,331463,30%,Q4,08-09-2023,Offline,23,,,,,
114017,North America,Brazil,MacBook,2921047,129609,30%,Q2,28-12-2021,E-Commerce,28,,,,,
666307,Europe,China,Services,4787204,434053,40%,Q2,17-08-2022,Apple Store,30,,,,,
523583,South America,Australia,iPad,7280042,295403,30%,Q3,15-07-2020,Retail Partner,32,,,,,
865457,South America,Australia,Wearables,5285743,77272,20%,Q2,12-09-2023,Retail Partner,45,,,,,
738428,Asia,UK,Wearables,9577343,11978,30%,Q4,06-10-2022,Online,24,,,,,
403049,Europe,China,MacBook,2243433,288455,35%,Q4,06-06-2024,Retail Partner,42,,,,,
480485,Asia,Germany,iPad,6775250,227563,30%,Q2,28-01-2022,Offline,45,,,,,
848158,North America,Germany,MacBook,2501101,324490,20%,Q1,22-07-2024,Online,27,,,,,
773223,Europe,China,iPad,2598913,10174,20%,Q4,25-09-2021,Apple Store,36,,,,,
887003,South America,Australia,iPhone,6567830,175074,35%,Q2,19-08-2023,Offline,33,,,,,
656093,Europe,USA,iPad,8750347,434050,30%,Q4,18-01-2023,Retail Partner,34,,,,,
259102,North America,China,Wearables,2321003,210359,20%,Q3,29-04-2021,Apple Store,18,,,,,
466954,Africa,China,iPhone,8683279,31088,40%,Q4,11-04-2021,Online,25,,,,,
355700,Asia,France,Services,3012126,161798,35%,Q1,28-01-2020,Offline,38,,,,,
484112,Europe,France,iPhone,1277635,141505,40%,Q3,30-04-2021,Online,23,,,,,
732549,Oceania,China,Services,609755,147242,30%,Q4,20-03-2022,Apple Store,26,,,,,
162306,Africa,Germany,iPhone,3697494,403678,30%,Q2,06-07-2020,Offline,19,,,,,
329168,Asia,Japan,MacBook,8873173,78312,20%,Q4,23-09-2024,Apple Store,41,,,,,
190645,Europe,USA,Services,948193,354613,20%,Q2,30-01-2020,Offline,38,,,,,
464079,Europe,UK,MacBook,1040564,280439,20%,Q1,08-05-2023,Apple Store,32,,,,,
260534,Africa,Australia,Wearables,5418038,276224,20%,Q1,29-11-2021,Offline,41,,,,,
604572,North America,Canada,Services,2812437,276701,35%,Q1,01-10-2020,E-Commerce,33,,,,,
974744,North America,China,iPhone,3586911,41481,30%,Q4,31-12-2022,Offline,20,,,,,
475539,Asia,Japan,iPhone,1669634,263608,30%,Q4,27-02-2022,Retail Partner,32,,,,,
998005,Africa,Japan,iPhone,4872788,188877,20%,Q2,28-09-2022,Apple Store,21,,,,,
788172,Asia,France,Wearables,4441555,255138,20%,Q2,07-10-2024,Apple Store,27,,,,,
208863,Europe,Canada,Services,9248371,86746,40%,Q1,02-08-2021,Retail Partner,43,,,,,
884439,South America,China,iPhone,7560175,203916,35%,Q3,25-07-2021,Offline,18,,,,,
722390,Oceania,UK,iPhone,6747243,209229,40%,Q3,18-02-2022,E-Commerce,31,,,,,
659567,Africa,China,Services,8125996,258170,40%,Q1,08-08-2020,Offline,35,,,,,
454206,South America,India,iPhone,9337770,209595,35%,Q3,18-01-2024,Apple Store,25,,,,,
658685,Oceania,Germany,MacBook,3373442,75537,30%,Q1,02-12-2023,Apple Store,20,,,,,
762491,North America,China,Services,3132720,134873,35%,Q4,20-02-2024,Online,29,,,,,
469937,South America,Australia,iPad,9163386,276406,30%,Q2,23-09-2021,Apple Store,44,,,,,
789637,Africa,Canada,Services,1654592,118257,35%,Q1,28-03-2024,E-Commerce,31,,,,,
156546,Asia,Canada,Services,8970879,6899,20%,Q1,02-08-2023,Retail Partner,34,,,,,
387941,South America,India,iPad,1721636,344675,25%,Q1,07-04-2020,Offline,32,,,,,
958057,Europe,France,iPhone,5978957,305395,40%,Q4,14-09-2022,Apple Store,34,,,,,
171458,Oceania,Canada,MacBook,5385794,395682,40%,Q2,04-04-2021,Online,30,,,,,
973339,Europe,India,Services,721385,460756,20%,Q1,29-12-2023,Apple Store,47,,,,,
160873,Oceania,Brazil,iPhone,2707212,424909,20%,Q1,14-11-2020,Retail Partner,26,,,,,
226809,Africa,France,Wearables,1233848,98585,40%,Q4,23-01-2023,Apple Store,39,,,,,
423713,Europe,UK,MacBook,1255736,169911,40%,Q4,21-01-2025,Offline,18,,,,,
593286,Europe,Japan,Wearables,2061892,449003,40%,Q4,12-03-2022,Offline,43,,,,,
568468,Europe,Brazil,iPhone,4349244,390417,25%,Q2,18-04-2022,Online,33,,,,,
566316,Asia,Japan,iPhone,8317064,64540,20%,Q3,28-07-2020,Online,30,,,,,
961855,North America,Japan,iPad,1335583,313191,30%,Q1,12-08-2021,Apple Store,35,,,,,
125383,North America,USA,Services,3274642,434409,40%,Q3,24-09-2022,E-Commerce,28,,,,,
828568,Oceania,Canada,Services,670491,418455,30%,Q4,22-11-2023,Retail Partner,39,,,,,
513773,Oceania,UK,Wearables,4623886,58507,30%,Q4,16-05-2023,Retail Partner,30,,,,,
814060,North America,Australia,Wearables,2145090,297196,20%,Q3,09-05-2022,E-Commerce,19,,,,,
432363,North America,Brazil,iPhone,5838559,5699,25%,Q2,13-02-2021,E-Commerce,18,,,,,
511970,Asia,USA,iPhone,12208,492914,20%,Q2,04-06-2022,E-Commerce,31,,,,,
841295,South America,China,iPhone,9320821,287055,20%,Q3,03-07-2021,Offline,19,,,,,
128458,North America,Germany,iPhone,6269016,471275,20%,Q1,14-12-2020,Retail Partner,32,,,,,
281986,North America,UK,iPad,3948106,140857,20%,Q4,12-01-2022,E-Commerce,32,,,,,
975287,North America,Japan,Services,305442,261079,20%,Q4,19-02-2023,Retail Partner,40,,,,,
972085,Africa,USA,Wearables,884811,425091,25%,Q1,26-10-2021,Online,21,,,,,
969912,North America,Germany,Wearables,4492146,355174,40%,Q2,24-02-2021,E-Commerce,18,,,,,
134497,North America,China,iPhone,4319351,205536,20%,Q1,05-02-2021,E-Commerce,24,,,,,
482543,Europe,Germany,Services,9138120,449113,20%,Q2,19-11-2020,E-Commerce,25,,,,,
517204,South America,China,MacBook,6306838,473894,20%,Q1,04-07-2023,Retail Partner,20,,,,,
148254,Asia,France,MacBook,4505955,372306,20%,Q2,16-07-2024,Apple Store,45,,,,,
522880,Africa,Australia,iPad,6417599,46044,35%,Q4,11-11-2021,Retail Partner,44,,,,,
439356,Europe,Germany,Services,2143683,100146,30%,Q1,07-04-2021,Online,33,,,,,
501496,Oceania,India,Services,7983267,185613,20%,Q2,14-02-2020,Online,27,,,,,
333486,North America,UK,iPad,1226284,15714,20%,Q3,02-09-2021,Online,28,,,,,
356499,Oceania,USA,Services,5766019,75499,35%,Q4,26-08-2021,Apple Store,39,,,,,
493619,South America,Brazil,MacBook,2972924,267319,40%,Q4,11-02-2023,E-Commerce,35,,,,,
354332,North America,Japan,iPhone,7982172,66868,40%,Q2,16-05-2024,Apple Store,31,,,,,
960366,Europe,Australia,Services,2607253,332918,25%,Q2,11-12-2021,Offline,43,,,,,
630084,North America,Brazil,iPad,1649577,441775,20%,Q1,04-08-2022,E-Commerce,25,,,,,
806812,North America,Japan,MacBook,705775,212933,30%,Q1,08-10-2023,Offline,48,,,,,
806455,Europe,India,iPhone,4783913,6563,30%,Q1,23-10-2024,Apple Store,31,,,,,
165738,Oceania,China,iPad,9702419,347243,40%,Q1,04-10-2021,Apple Store,45,,,,,
162868,Europe,UK,Services,345697,419735,35%,Q2,27-06-2024,Online,27,,,,,
653991,Europe,Australia,MacBook,7423799,173546,30%,Q4,10-09-2023,Apple Store,27,,,,,
348342,Africa,Japan,Services,6835906,417359,25%,Q1,31-10-2022,Retail Partner,29,,,,,
431068,Asia,USA,iPhone,8085510,331449,25%,Q3,05-10-2023,Apple Store,23,,,,,
205369,Europe,Brazil,MacBook,1664924,401969,25%,Q3,11-08-2022,Online,25,,,,,
557808,North America,France,MacBook,1931822,224684,30%,Q3,13-03-2021,Retail Partner,21,,,,,
639324,North America,Australia,iPad,2472934,94725,25%,Q4,10-06-2020,Apple Store,34,,,,,
327771,Africa,Japan,iPad,4361300,449151,30%,Q2,29-11-2020,E-Commerce,25,,,,,
901965,Oceania,China,Wearables,568917,97980,35%,Q2,18-12-2021,Apple Store,30,,,,,
411291,Oceania,France,Wearables,9604396,487216,20%,Q4,03-11-2024,Retail Partner,40,,,,,
324089,Africa,USA,Wearables,66474,265202,40%,Q3,17-02-2024,E-Commerce,34,,,,,
960675,Africa,Germany,Services,7552380,361095,40%,Q1,07-08-2022,Apple Store,26,,,,,
854226,North America,France,iPhone,5232092,159238,40%,Q3,03-07-2022,Retail Partner,20,,,,,
230349,Africa,Germany,MacBook,9018444,143780,40%,Q4,10-06-2020,Offline,21,,,,,
571458,North America,USA,iPad,1264502,446100,35%,Q4,22-03-2020,Apple Store,33,,,,,
804745,North America,Japan,Wearables,5288062,17354,40%,Q2,29-06-2020,E-Commerce,21,,,,,
710826,Africa,USA,Services,9818845,426885,30%,Q4,04-01-2023,Apple Store,40,,,,,
772769,Africa,Australia,MacBook,9344158,461940,30%,Q2,18-09-2023,Online,33,,,,,
469016,North America,Australia,MacBook,6660631,318174,40%,Q2,30-11-2023,E-Commerce,21,,,,,
266785,Asia,USA,Services,3137177,134754,40%,Q4,19-02-2024,Retail Partner,36,,,,,
794353,Europe,India,iPhone,982491,122953,40%,Q3,05-05-2021,Retail Partner,23,,,,,
319492,North America,Australia,Services,483722,272593,20%,Q1,16-07-2023,Apple Store,27,,,,,
785570,Europe,China,Services,1516042,213207,30%,Q2,01-06-2022,Apple Store,36,,,,,
178719,Asia,Canada,iPad,4018028,18154,35%,Q2,05-03-2022,E-Commerce,27,,,,,
613155,North America,France,Services,3351149,155881,25%,Q2,13-05-2021,E-Commerce,30,,,,,
314161,Africa,UK,iPhone,9835424,131478,25%,Q1,02-06-2024,Retail Partner,32,,,,,
858381,North America,Brazil,iPad,3780435,211306,25%,Q3,28-05-2021,Offline,28,,,,,
313298,Africa,USA,iPhone,6054300,431406,20%,Q1,28-01-2023,Offline,21,,,,,
670821,North America,USA,Wearables,4351692,29052,40%,Q2,10-03-2024,Apple Store,29,,,,,
773004,Europe,UK,Wearables,8702145,177809,30%,Q3,27-12-2023,Apple Store,44,,,,,
547024,Africa,Germany,iPhone,404356,136321,40%,Q1,28-05-2020,Retail Partner,20,,,,,
111505,Oceania,Canada,Services,6856207,92857,30%,Q1,14-11-2024,Offline,47,,,,,
502513,Asia,Japan,Services,6482675,419065,30%,Q2,25-12-2024,E-Commerce,30,,,,,
831993,North America,UK,iPad,3551383,402035,25%,Q1,01-01-2021,Offline,36,,,,,
418007,South America,Japan,iPhone,716417,54274,30%,Q3,20-06-2021,Online,27,,,,,
807240,Europe,Germany,Wearables,8076878,372113,30%,Q4,15-02-2024,Online,32,,,,,
654248,Africa,USA,iPhone,5189012,311579,40%,Q1,10-07-2020,E-Commerce,33,,,,,
971197,South America,France,Wearables,8659290,245905,40%,Q1,17-04-2023,Offline,33,,,,,
869813,Oceania,France,iPad,3393931,40345,40%,Q4,30-11-2022,Apple Store,31,,,,,
626001,North America,Germany,Wearables,8204418,368100,20%,Q3,01-04-2024,Online,32,,,,,
509456,Europe,Canada,iPad,5522476,67584,35%,Q4,21-07-2024,Online,26,,,,,
502471,North America,India,iPhone,3891203,390382,25%,Q4,25-12-2020,Offline,19,,,,,
777804,Europe,Germany,iPad,8496199,189858,30%,Q1,01-09-2020,Online,25,,,,,
892891,North America,Canada,iPhone,4218010,287194,20%,Q4,13-11-2022,Offline,28,,,,,
162657,Oceania,India,iPad,8633899,455653,40%,Q3,28-12-2024,Online,30,,,,,
418315,North America,USA,iPad,9580358,214581,20%,Q2,21-07-2023,Apple Store,25,,,,,
910764,Asia,China,iPhone,9254026,133589,20%,Q3,04-12-2022,Online,20,,,,,
406064,Africa,USA,Services,6491838,442596,20%,Q2,20-09-2022,Retail Partner,43,,,,,
133483,Africa,France,iPhone,1335800,451105,20%,Q2,06-04-2023,Apple Store,21,,,,,
865623,North America,USA,MacBook,8869895,418253,25%,Q3,09-04-2023,E-Commerce,25,,,,,
234224,North America,China,Wearables,6264513,261789,30%,Q4,28-09-2022,Apple Store,31,,,,,
642202,North America,Canada,Wearables,2490421,310609,40%,Q4,08-04-2023,Apple Store,28,,,,,
862309,Asia,USA,iPhone,5172606,297865,40%,Q3,12-09-2020,E-Commerce,23,,,,,
342410,Oceania,France,iPhone,852954,492368,30%,Q1,17-10-2022,Offline,25,,,,,
137813,Oceania,USA,Services,9807408,82564,35%,Q4,15-04-2024,Offline,34,,,,,
435000,South America,UK,MacBook,864348,471085,40%,Q1,08-07-2021,Offline,28,,,,,
327759,Africa,Canada,iPhone,4180659,22126,20%,Q4,14-12-2024,Offline,31,,,,,
254175,Asia,Brazil,MacBook,1750851,498248,25%,Q2,07-08-2023,Offline,27,,,,,
898001,South America,Brazil,iPhone,6767222,413714,30%,Q3,07-06-2022,Apple Store,32,,,,,
699964,Europe,Canada,Services,247703,478774,35%,Q3,20-06-2021,Online,25,,,,,
633777,North America,Australia,Services,8737560,265602,20%,Q1,05-06-2020,E-Commerce,34,,,,,
123095,Asia,India,MacBook,1177361,302794,40%,Q4,04-05-2023,Retail Partner,28,,,,,
754406,South America,Canada,MacBook,2036568,88687,30%,Q1,01-06-2022,Retail Partner,48,,,,,
241934,Oceania,France,iPad,8324515,224782,30%,Q4,21-08-2023,Offline,30,,,,,
405909,North America,India,Services,7520874,449526,30%,Q2,22-08-2023,Retail Partner,26,,,,,
658098,Europe,USA,iPhone,443909,35321,30%,Q2,17-02-2021,Apple Store,18,,,,,
435801,North America,Brazil,Services,3606365,294921,40%,Q2,21-07-2020,Offline,25,,,,,
869390,Asia,USA,Services,4881382,406118,40%,Q2,20-05-2020,Online,34,,,,,
645155,North America,India,MacBook,6127750,269230,30%,Q4,14-02-2021,Retail Partner,29,,,,,
968050,North America,China,iPad,257168,490034,40%,Q1,05-02-2022,E-Commerce,32,,,,,
114127,Europe,USA,iPhone,4297631,219225,30%,Q1,22-03-2023,Apple Store,24,,,,,
224702,Oceania,India,MacBook,7671727,418421,30%,Q1,18-07-2021,Online,18,,,,,
479999,Asia,Australia,MacBook,2785940,289428,35%,Q2,02-07-2022,Online,18,,,,,
559545,Africa,USA,Wearables,3103621,305921,35%,Q1,15-08-2023,E-Commerce,23,,,,,
928424,South America,USA,Services,5541094,229871,40%,Q1,07-03-2023,Retail Partner,42,,,,,
205682,North America,France,Services,8064102,26708,30%,Q1,10-06-2024,Apple Store,48,,,,,
791578,Asia,Brazil,Wearables,2133460,139076,30%,Q2,20-04-2023,Apple Store,23,,,,,
635649,North America,France,iPhone,4266740,380704,35%,Q4,15-08-2023,Offline,29,,,,,
884594,North America,China,Services,8968096,415619,25%,Q3,06-06-2020,E-Commerce,32,,,,,
758832,North America,UK,MacBook,8587066,352549,40%,Q4,12-07-2024,Apple Store,27,,,,,
687657,Africa,USA,MacBook,5833569,98661,40%,Q1,14-08-2022,Offline,39,,,,,
300050,Oceania,Germany,Services,9433594,391357,20%,Q2,01-09-2022,E-Commerce,32,,,,,
779157,Africa,Australia,iPad,1674640,429564,30%,Q4,24-05-2023,Retail Partner,38,,,,,
324037,South America,Canada,Wearables,881066,479960,40%,Q2,03-11-2021,Offline,35,,,,,
286099,Oceania,UK,iPhone,5980185,481740,30%,Q1,02-12-2020,Online,33,,,,,
113294,Europe,Canada,MacBook,8012354,461763,20%,Q2,01-06-2021,E-Commerce,20,,,,,
974214,Asia,India,Services,2511461,239805,25%,Q4,22-03-2022,Offline,50,,,,,
720449,Europe,India,Wearables,4486864,236098,20%,Q3,03-06-2020,Apple Store,27,,,,,
326495,Europe,France,iPhone,2971839,382147,20%,Q2,18-07-2020,E-Commerce,34,,,,,
409437,Africa,USA,iPad,8125094,148443,20%,Q3,27-01-2024,E-Commerce,35,,,,,
382491,Africa,India,MacBook,7692833,183826,30%,Q1,11-08-2021,Apple Store,41,,,,,
229941,South America,Germany,Services,7607481,353360,35%,Q1,07-02-2021,Online,25,,,,,
411096,Oceania,Australia,iPad,583572,284544,30%,Q4,13-07-2021,Online,30,,,,,
991363,Asia,Brazil,Services,1737389,225777,20%,Q3,03-03-2021,Apple Store,38,,,,,
275332,North America,Brazil,iPhone,5612657,333952,30%,Q4,22-03-2024,Online,33,,,,,
411240,North America,Australia,Wearables,9606665,52222,20%,Q4,24-05-2024,Offline,42,,,,,
113289,North America,USA,Wearables,6791568,4582,40%,Q1,25-06-2020,Offline,32,,,,,
660914,North America,Japan,iPhone,298886,52573,40%,Q1,16-12-2020,Offline,34,,,,,
256239,Europe,India,Wearables,9686631,127803,35%,Q1,21-07-2020,E-Commerce,35,,,,,
773273,North America,India,Wearables,7813708,277558,40%,Q3,09-03-2020,Offline,35,,,,,
621687,Africa,China,Wearables,7462533,3599,35%,Q4,26-02-2024,Retail Partner,28,,,,,
551865,North America,France,iPhone,7394655,384721,30%,Q3,27-10-2023,Apple Store,26,,,,,
368154,Europe,India,Wearables,8514684,379313,20%,Q4,01-05-2020,E-Commerce,18,,,,,
290800,North America,Brazil,iPhone,1456703,228195,30%,Q4,06-02-2023,Retail Partner,19,,,,,
584619,Africa,Canada,MacBook,2952572,499740,30%,Q3,30-04-2022,Retail Partner,33,,,,,
424183,North America,India,Wearables,9413511,355524,25%,Q3,03-02-2022,Apple Store,20,,,,,
320072,South America,Japan,iPad,7104155,147996,35%,Q2,07-05-2020,E-Commerce,25,,,,,
407312,Asia,Japan,Wearables,4227497,302740,35%,Q3,05-11-2024,Apple Store,22,,,,,
822049,Africa,Japan,iPad,972472,16903,40%,Q2,04-03-2020,Retail Partner,34,,,,,
775571,Oceania,UK,Wearables,5747466,323728,35%,Q4,28-05-2021,Retail Partner,44,,,,,
676735,North America,India,MacBook,5406078,332480,35%,Q4,09-08-2020,Online,31,,,,,
860369,North America,USA,iPhone,7307505,407243,40%,Q2,09-02-2022,Offline,22,,,,,
744647,Asia,USA,iPad,4882070,456740,20%,Q2,11-08-2022,Offline,41,,,,,
578396,South America,Japan,Services,8032424,222332,20%,Q3,04-06-2022,Online,34,,,,,
555311,North America,India,iPad,9145861,430374,30%,Q1,26-08-2020,Apple Store,28,,,,,
415234,Europe,USA,Wearables,4635354,298940,25%,Q3,17-03-2024,Apple Store,20,,,,,
172962,South America,Brazil,Wearables,487026,74011,20%,Q4,23-08-2021,Apple Store,19,,,,,
333067,Europe,Japan,iPhone,734266,15998,40%,Q4,13-08-2023,E-Commerce,19,,,,,
755280,Europe,Brazil,Services,8590250,187710,40%,Q1,17-05-2022,Offline,25,,,,,
109317,Asia,Japan,MacBook,5620240,417366,35%,Q3,01-11-2023,Retail Partner,27,,,,,
150470,Europe,France,Wearables,5521585,248383,30%,Q3,19-11-2022,Offline,38,,,,,
701131,North America,India,iPad,9393668,145510,40%,Q4,02-08-2022,E-Commerce,27,,,,,
249632,Africa,France,MacBook,4782303,2798,25%,Q1,27-04-2023,E-Commerce,32,,,,,
716356,Africa,Germany,Services,3608747,495679,25%,Q3,22-09-2023,Offline,45,,,,,
133946,North America,France,Services,4821547,133095,20%,Q1,11-12-2021,Apple Store,37,,,,,
762626,North America,India,Wearables,7541833,215508,20%,Q2,30-05-2020,Retail Partner,31,,,,,
477505,Europe,Brazil,MacBook,667783,56365,35%,Q1,14-10-2022,Offline,43,,,,,
516413,North America,China,Services,7986694,84994,25%,Q1,14-05-2021,Online,34,,,,,
360486,Oceania,Brazil,MacBook,2303041,221716,25%,Q1,23-09-2021,Offline,26,,,,,
451121,Europe,USA,iPad,763984,80439,35%,Q2,27-12-2024,Offline,39,,,,,
930347,North America,USA,Services,1159505,360249,40%,Q3,08-03-2024,E-Commerce,25,,,,,
188422,Europe,Brazil,iPad,1418774,341236,20%,Q4,19-05-2020,Retail Partner,44,,,,,
962636,Oceania,Canada,iPad,9998552,90026,40%,Q2,09-09-2024,E-Commerce,25,,,,,
269272,Oceania,USA,Wearables,5628052,54167,25%,Q2,21-08-2023,Retail Partner,32,,,,,
894914,North America,Germany,Wearables,6645902,298939,20%,Q3,13-07-2020,Apple Store,38,,,,,
985504,Asia,Germany,Services,1817475,37150,40%,Q4,28-09-2024,E-Commerce,31,,,,,
409202,Oceania,France,MacBook,931182,477591,40%,Q2,03-02-2022,Retail Partner,47,,,,,
720894,Europe,Japan,Wearables,9319198,32168,20%,Q2,21-11-2021,Apple Store,21,,,,,
409982,North America,Australia,Services,4317308,180077,30%,Q3,06-08-2022,Apple Store,33,,,,,
924249,South America,Brazil,iPad,8380353,221588,20%,Q1,02-08-2021,Online,33,,,,,
540335,Asia,UK,iPad,3349528,291008,40%,Q4,27-08-2021,Offline,36,,,,,
480711,Africa,Canada,iPhone,9240928,191937,40%,Q1,15-12-2023,E-Commerce,19,,,,,
526690,Oceania,France,MacBook,4589356,307195,40%,Q3,21-03-2021,E-Commerce,34,,,,,
404676,Europe,UK,Services,6073312,272063,35%,Q1,10-12-2023,Online,28,,,,,
662302,North America,Japan,Wearables,5904934,4891,20%,Q4,11-02-2021,Apple Store,34,,,,,
510395,North America,India,iPhone,462174,239203,35%,Q1,19-07-2024,Apple Store,20,,,,,
117272,Oceania,India,MacBook,5831113,291932,20%,Q3,28-04-2024,Offline,43,,,,,
454254,South America,Canada,iPad,2980639,403689,40%,Q4,03-01-2025,Offline,25,,,,,
763289,Asia,UK,Services,4262994,109974,25%,Q2,19-06-2023,Online,30,,,,,
766954,Europe,USA,Wearables,3256941,7371,40%,Q2,04-10-2024,E-Commerce,29,,,,,
492255,Oceania,Japan,Wearables,4936620,288539,30%,Q4,30-10-2024,E-Commerce,34,,,,,
890865,Oceania,India,Wearables,8792213,248831,20%,Q3,20-04-2021,Offline,29,,,,,
375990,Africa,Brazil,Wearables,7461332,444802,40%,Q4,17-05-2023,Online,25,,,,,
385650,North America,Australia,MacBook,845147,37720,20%,Q4,22-11-2022,E-Commerce,26,,,,,
119433,Europe,Australia,Services,4883407,418398,40%,Q4,31-08-2020,Apple Store,47,,,,,
624726,North America,Brazil,Wearables,7759134,127008,30%,Q4,03-08-2021,Apple Store,43,,,,,
417646,South America,France,MacBook,1236252,391787,40%,Q3,10-03-2021,Online,22,,,,,
137106,North America,USA,iPhone,1915202,344020,20%,Q2,31-01-2020,E-Commerce,31,,,,,
157877,North America,Canada,MacBook,5605259,203426,35%,Q1,15-04-2024,Offline,26,,,,,
102888,Europe,France,Wearables,1668879,179914,40%,Q1,24-06-2022,Online,19,,,,,
125914,North America,Brazil,MacBook,7482463,392680,40%,Q1,19-02-2023,E-Commerce,34,,,,,
607313,Asia,UK,Wearables,1517619,240617,20%,Q3,03-11-2020,Apple Store,34,,,,,
481563,North America,USA,Wearables,8799754,267485,40%,Q4,13-01-2025,E-Commerce,20,,,,,
254744,Asia,India,iPhone,5085748,431051,40%,Q4,07-01-2025,Offline,32,,,,,
564992,North America,Germany,MacBook,4309300,469313,20%,Q2,24-08-2020,Apple Store,22,,,,,
883344,South America,India,iPad,1365929,365105,40%,Q2,07-07-2023,Offline,43,,,,,
745352,North America,China,iPhone,4264958,408183,40%,Q1,08-10-2021,Apple Store,18,,,,,
629817,Oceania,Brazil,iPhone,5366706,296636,40%,Q4,29-08-2020,Offline,18,,,,,
416270,South America,USA,iPhone,6117663,81151,40%,Q2,30-03-2024,E-Commerce,28,,,,,
150988,North America,USA,MacBook,8946175,273455,30%,Q1,06-12-2023,Offline,30,,,,,
401207,North America,UK,Services,6089854,249826,40%,Q3,06-02-2024,Retail Partner,43,,,,,
647420,South America,Australia,Services,143456,369975,40%,Q3,14-11-2021,E-Commerce,27,,,,,
842130,Oceania,USA,Wearables,4400012,248361,40%,Q4,20-07-2024,Retail Partner,34,,,,,
636396,Africa,USA,MacBook,761366,407262,30%,Q3,06-07-2022,Online,25,,,,,
182479,Asia,France,Services,5785388,232652,35%,Q1,04-03-2020,Offline,27,,,,,
975914,Asia,Brazil,iPad,2685453,239877,40%,Q1,14-05-2022,Offline,34,,,,,
549777,North America,France,iPhone,8043431,29659,30%,Q2,02-02-2022,E-Commerce,20,,,,,
930553,North America,France,Services,627762,408681,20%,Q2,08-01-2023,E-Commerce,29,,,,,
550907,North America,China,iPad,1013329,8874,20%,Q3,29-04-2021,Offline,27,,,,,
379175,Europe,Japan,MacBook,1578657,498458,40%,Q4,02-12-2021,Online,34,,,,,
883019,Oceania,India,MacBook,9652084,352510,35%,Q2,18-07-2022,Retail Partner,36,,,,,
724338,North America,Brazil,Wearables,6683395,264652,40%,Q1,24-06-2021,Apple Store,33,,,,,
326568,Asia,India,MacBook,3496811,42727,40%,Q4,12-12-2023,E-Commerce,21,,,,,
701429,South America,France,MacBook,5225889,37723,40%,Q3,14-05-2021,Apple Store,19,,,,,
418423,Europe,Germany,iPad,9931800,297585,30%,Q1,19-02-2022,Offline,28,,,,,
573180,Asia,China,Services,6864433,432635,20%,Q3,05-07-2021,E-Commerce,34,,,,,
108830,South America,China,iPad,3154134,168847,20%,Q3,13-12-2022,Retail Partner,31,,,,,
364450,South America,Germany,Services,5912966,309404,35%,Q4,14-09-2021,Retail Partner,30,,,,,
716962,North America,France,iPad,7478202,90708,40%,Q4,24-01-2022,Retail Partner,37,,,,,
807164,North America,Canada,iPhone,7350253,134794,30%,Q1,14-10-2023,Retail Partner,27,,,,,
793016,Europe,Brazil,iPad,6084099,460443,20%,Q2,23-08-2021,E-Commerce,28,,,,,
958876,Africa,Germany,iPad,8867984,188668,35%,Q1,30-07-2021,Online,30,,,,,
249069,Africa,Australia,Wearables,2945169,429116,40%,Q1,09-06-2020,Apple Store,41,,,,,
684165,Africa,India,iPad,9759788,259132,25%,Q3,02-12-2023,Online,32,,,,,
997007,South America,Brazil,Wearables,6949962,105243,30%,Q3,05-02-2022,Retail Partner,32,,,,,
347435,North America,USA,MacBook,977000,216498,30%,Q4,08-12-2020,E-Commerce,28,,,,,
858680,South America,China,Wearables,5260358,254403,30%,Q2,15-09-2020,E-Commerce,33,,,,,
752147,North America,Japan,Wearables,4350025,439873,30%,Q3,10-05-2022,Online,18,,,,,
507595,North America,China,iPad,7540434,41432,40%,Q1,13-08-2024,Offline,40,,,,,
113703,South America,Germany,MacBook,4141286,159459,25%,Q4,19-01-2022,Offline,25,,,,,
728445,North America,UK,iPad,6096016,389806,20%,Q1,15-06-2020,E-Commerce,32,,,,,
369739,Europe,Japan,Services,2979790,68549,40%,Q4,23-11-2020,E-Commerce,31,,,,,
995392,South America,Japan,Wearables,3370560,124151,30%,Q1,07-01-2021,E-Commerce,20,,,,,
315768,North America,USA,Services,8437730,466584,20%,Q2,09-12-2022,Online,26,,,,,
387318,Europe,France,iPhone,9422403,353324,40%,Q1,20-12-2023,E-Commerce,25,,,,,
907020,North America,Australia,iPad,8990568,1966,40%,Q3,16-01-2025,Retail Partner,25,,,,,
764417,Europe,Australia,Services,6743094,373869,20%,Q2,02-07-2023,Offline,25,,,,,
233028,Oceania,Japan,iPhone,6270040,204535,30%,Q2,06-04-2021,Apple Store,25,,,,,
852110,Oceania,Japan,MacBook,70384,377643,30%,Q2,11-01-2022,Online,22,,,,,
989787,South America,Australia,iPhone,2387973,322738,35%,Q1,29-05-2024,Apple Store,25,,,,,
346115,North America,USA,iPhone,2949145,171147,40%,Q3,07-11-2024,Offline,19,,,,,
367967,Asia,Brazil,MacBook,1468308,180069,30%,Q4,17-11-2024,Retail Partner,47,,,,,
139095,North America,Canada,Services,6731901,440130,40%,Q2,21-03-2022,Apple Store,37,,,,,
514405,Asia,France,MacBook,6237058,298123,40%,Q1,22-06-2022,E-Commerce,30,,,,,
936458,Oceania,India,iPhone,1766105,342233,30%,Q3,01-11-2022,E-Commerce,24,,,,,
882846,North America,Japan,Services,6695305,57328,20%,Q2,20-07-2021,E-Commerce,26,,,,,
131871,Africa,Australia,Services,8102421,105396,30%,Q1,11-04-2023,Offline,47,,,,,
965463,Oceania,Canada,iPhone,9434943,40262,20%,Q3,15-04-2023,Online,26,,,,,
595276,North America,France,Services,4672593,464527,35%,Q3,27-01-2022,E-Commerce,34,,,,,
326162,North America,UK,Services,3142113,222295,20%,Q1,28-09-2022,Offline,48,,,,,
803678,Oceania,India,Services,1662341,291955,25%,Q4,21-06-2020,Retail Partner,46,,,,,
665920,Asia,Brazil,iPhone,1936235,302305,40%,Q4,03-03-2020,Offline,25,,,,,
558264,Africa,Brazil,Services,3813528,299140,25%,Q3,30-10-2023,Offline,32,,,,,
473835,Africa,UK,Wearables,2916605,217584,30%,Q1,09-06-2020,Offline,21,,,,,
937742,Oceania,Germany,iPad,1784180,469219,25%,Q4,10-10-2022,E-Commerce,31,,,,,
694806,Africa,France,iPhone,2193370,410258,40%,Q3,08-05-2021,Online,33,,,,,
371435,Europe,Germany,iPhone,8154240,439597,35%,Q4,19-02-2022,Offline,21,,,,,
740117,Europe,Germany,Wearables,1111587,285831,25%,Q4,09-01-2021,Online,28,,,,,
267486,North America,UK,Services,7724232,441407,30%,Q4,22-01-2025,Offline,31,,,,,
682849,Europe,France,Wearables,5813123,454531,30%,Q3,29-12-2023,E-Commerce,23,,,,,
500551,Europe,USA,iPad,8331453,481180,25%,Q2,11-05-2020,Apple Store,35,,,,,
244263,Europe,France,Services,4434658,37823,30%,Q1,05-04-2021,Offline,37,,,,,
733431,Europe,France,MacBook,7706540,10198,25%,Q4,26-10-2021,Apple Store,50,,,,,
772971,Europe,China,MacBook,7369073,458741,40%,Q4,23-05-2024,Offline,44,,,,,
181017,North America,USA,Wearables,6005467,481696,25%,Q2,26-11-2020,Online,29,,,,,
797454,North America,China,Wearables,9469318,398470,20%,Q1,28-02-2020,Retail Partner,36,,,,,
123906,Oceania,Germany,Services,9088013,89202,30%,Q1,26-12-2021,Apple Store,28,,,,,
679421,Africa,Brazil,Wearables,1185131,301781,40%,Q4,06-09-2023,Online,24,,,,,
157472,Europe,Canada,Services,9634193,458539,25%,Q2,10-01-2021,E-Commerce,31,,,,,
908467,Asia,USA,Wearables,8685941,45334,40%,Q2,08-11-2024,Offline,28,,,,,
442609,South America,Australia,iPad,5253560,407133,20%,Q3,19-09-2020,E-Commerce,29,,,,,
287709,South America,India,Wearables,6161683,163638,35%,Q2,15-11-2022,Apple Store,32,,,,,
730656,North America,India,iPad,4378957,238597,40%,Q1,23-06-2020,Offline,32,,,,,
263014,Europe,France,iPad,5499191,470650,20%,Q2,01-02-2021,Apple Store,33,,,,,
561154,Europe,Japan,MacBook,2418941,326730,20%,Q3,23-02-2020,Apple Store,49,,,,,
794710,North America,Brazil,Services,9357916,129381,25%,Q1,26-10-2021,Retail Partner,46,,,,,
795441,Asia,Australia,iPad,2271999,403648,30%,Q4,17-02-2023,Online,35,,,,,
878886,South America,USA,Services,3396919,414485,40%,Q3,13-01-2022,Apple Store,37,,,,,
164619,South America,Brazil,Wearables,1267914,402528,30%,Q4,03-05-2023,E-Commerce,31,,,,,
569790,Africa,France,Wearables,2540948,460694,20%,Q3,30-04-2022,E-Commerce,34,,,,,
403708,Europe,Brazil,Services,6242850,430166,40%,Q1,26-06-2023,Retail Partner,31,,,,,
375728,Africa,Brazil,iPhone,8181947,210881,30%,Q4,26-04-2022,Offline,19,,,,,
704314,North America,France,iPhone,6265474,346521,25%,Q4,19-04-2022,Online,23,,,,,
787972,Oceania,Germany,Services,9785335,340065,35%,Q2,24-06-2023,Online,30,,,,,
815137,North America,France,Wearables,8223740,345464,20%,Q3,07-04-2021,Apple Store,29,,,,,
949001,North America,Australia,MacBook,9550725,353430,30%,Q2,04-09-2024,Apple Store,37,,,,,
612176,Europe,UK,Services,1361054,497704,20%,Q4,08-12-2020,Apple Store,41,,,,,
759402,Africa,Germany,iPad,6846763,125533,20%,Q3,11-03-2023,Retail Partner,41,,,,,
111518,South America,UK,MacBook,9324553,259247,25%,Q4,20-04-2021,E-Commerce,34,,,,,
605443,North America,Brazil,Wearables,7695843,57191,20%,Q3,30-03-2020,Retail Partner,44,,,,,
172359,South America,Japan,Wearables,4063428,171063,20%,Q1,27-02-2020,Apple Store,35,,,,,
876223,Africa,India,Services,6590692,105340,20%,Q1,25-01-2023,Retail Partner,50,,,,,
960983,North America,Japan,iPad,7259631,463399,20%,Q2,29-09-2022,Apple Store,32,,,,,
205621,Africa,Germany,Wearables,7246912,161850,35%,Q3,02-02-2021,E-Commerce,20,,,,,
913435,Asia,UK,Services,1026315,141399,30%,Q3,01-04-2022,Retail Partner,28,,,,,
247904,Oceania,Brazil,iPhone,2217461,490505,20%,Q4,27-08-2021,Retail Partner,29,,,,,
274088,North America,Japan,Services,4043628,214376,30%,Q4,03-04-2023,Retail Partner,41,,,,,
264530,Oceania,Canada,MacBook,5500196,105360,40%,Q3,14-02-2022,E-Commerce,22,,,,,
918784,Africa,Brazil,MacBook,446490,31622,20%,Q2,10-12-2020,Apple Store,26,,,,,
418200,Europe,France,Wearables,3849978,456832,20%,Q1,17-08-2020,Offline,22,,,,,
454256,North America,France,iPhone,5557286,96690,40%,Q2,15-04-2024,Offline,26,,,,,
220236,North America,India,iPad,1795902,18177,20%,Q4,06-11-2022,E-Commerce,32,,,,,
309151,Europe,Brazil,MacBook,8718957,484955,20%,Q2,12-09-2021,E-Commerce,32,,,,,
116869,Oceania,France,iPad,5018186,355085,25%,Q3,29-10-2023,E-Commerce,33,,,,,
288707,North America,USA,iPhone,5310073,72304,30%,Q3,19-03-2023,Apple Store,22,,,,,
571283,Africa,India,MacBook,7418399,109097,35%,Q1,20-02-2020,E-Commerce,34,,,,,
172438,South America,Japan,Wearables,1666311,440779,40%,Q3,09-07-2023,Apple Store,36,,,,,
587348,Asia,Australia,Wearables,9718178,139138,30%,Q4,31-03-2021,E-Commerce,32,,,,,
343379,Africa,Japan,iPhone,7189298,337106,20%,Q4,16-05-2020,Offline,31,,,,,
107066,North America,Japan,iPad,167828,464973,30%,Q2,29-01-2021,Retail Partner,37,,,,,
249626,Asia,France,iPad,2195143,175118,35%,Q4,16-12-2021,Retail Partner,33,,,,,
631600,South America,Australia,iPhone,7771309,179423,30%,Q4,26-01-2024,Apple Store,30,,,,,
442665,Africa,Germany,MacBook,1925783,267087,20%,Q3,17-11-2024,E-Commerce,35,,,,,
518885,Asia,Australia,Wearables,4750055,89548,40%,Q3,21-08-2020,E-Commerce,30,,,,,
649068,Africa,USA,MacBook,7144949,399967,20%,Q2,16-10-2020,E-Commerce,35,,,,,
238291,Europe,Canada,Wearables,4173452,414335,30%,Q2,26-01-2023,Online,35,,,,,
348226,South America,USA,Wearables,2183219,132586,35%,Q3,01-11-2022,Online,35,,,,,
493877,Asia,UK,iPhone,8918184,129329,20%,Q3,08-06-2023,Offline,29,,,,,
428448,North America,Canada,iPhone,9448731,270771,40%,Q3,03-02-2022,Online,25,,,,,
268928,Asia,India,Services,532942,336508,35%,Q4,16-08-2020,Apple Store,48,,,,,
543525,North America,India,Services,2063261,150622,40%,Q4,16-05-2021,E-Commerce,32,,,,,
197094,Asia,UK,iPad,9186003,220467,20%,Q1,03-02-2024,Apple Store,31,,,,,
244520,North America,Brazil,MacBook,6716511,107912,30%,Q3,03-08-2023,Retail Partner,33,,,,,
571090,South America,Germany,Wearables,6064336,472017,20%,Q3,05-06-2024,Offline,26,,,,,
761206,Europe,UK,MacBook,1457692,129776,20%,Q3,12-01-2025,Offline,28,,,,,
934482,Asia,China,Wearables,6155239,347208,35%,Q4,16-09-2021,Online,20,,,,,
414156,North America,Germany,Wearables,9962756,259130,20%,Q3,05-04-2023,Retail Partner,28,,,,,
944286,North America,Australia,iPhone,4152466,232159,25%,Q4,14-02-2022,Online,31,,,,,
997294,Asia,Canada,Wearables,3836410,79663,20%,Q1,26-12-2024,E-Commerce,31,,,,,
113391,Europe,USA,Wearables,94259,60522,40%,Q4,27-08-2024,Online,24,,,,,
116617,Africa,India,Wearables,8006036,265512,25%,Q1,15-08-2020,Apple Store,38,,,,,
378012,Africa,Germany,iPad,8178123,1969,25%,Q1,12-07-2023,Apple Store,41,,,,,
897985,North America,China,iPad,6273613,380877,40%,Q4,26-12-2021,Apple Store,43,,,,,
472836,North America,Japan,Services,7205829,478506,20%,Q3,09-12-2022,Offline,29,,,,,
981950,North America,UK,iPhone,7519281,269039,40%,Q1,28-04-2022,Retail Partner,23,,,,,
217966,North America,Australia,iPad,453633,200933,40%,Q2,16-05-2024,Retail Partner,41,,,,,
438597,Africa,Australia,iPhone,904421,102050,30%,Q4,23-02-2022,Online,29,,,,,
278273,North America,India,Wearables,1960099,147641,30%,Q4,17-05-2022,Offline,37,,,,,
479637,Europe,UK,Wearables,3939181,229382,30%,Q1,22-01-2022,Online,25,,,,,
408142,South America,India,Services,2009429,287192,35%,Q3,30-05-2020,Retail Partner,25,,,,,
350388,Europe,Canada,Services,9438380,409542,40%,Q2,26-03-2024,Offline,48,,,,,
885448,Africa,Australia,Wearables,2422689,438892,40%,Q4,20-06-2024,Online,19,,,,,
330688,Oceania,India,Wearables,7547509,439017,30%,Q4,17-01-2021,Online,24,,,,,
855200,South America,Japan,MacBook,4152622,331299,40%,Q1,28-03-2021,Retail Partner,39,,,,,
532066,South America,Japan,iPhone,6668620,69786,30%,Q2,10-12-2022,E-Commerce,18,,,,,
904133,Europe,Germany,Services,1261808,414280,20%,Q3,09-11-2022,Offline,48,,,,,
988535,Asia,UK,iPad,9232717,16725,30%,Q4,16-12-2021,Online,25,,,,,
400710,Africa,China,Services,876048,137222,30%,Q2,07-09-2022,Offline,30,,,,,
271921,North America,Brazil,iPhone,5562822,411973,35%,Q1,18-08-2020,Online,27,,,,,
810203,Asia,UK,iPhone,8971584,312808,20%,Q1,02-10-2024,E-Commerce,33,,,,,
622986,North America,UK,iPad,7056360,74847,25%,Q3,28-01-2023,Online,29,,,,,
266909,North America,India,Services,2283978,221937,40%,Q2,15-08-2024,E-Commerce,28,,,,,
500694,Asia,France,MacBook,2174239,102538,30%,Q3,09-01-2024,Retail Partner,40,,,,,
394196,Oceania,UK,Wearables,619298,366548,40%,Q1,04-12-2022,Online,32,,,,,
786338,South America,India,iPhone,8589939,335889,30%,Q4,27-02-2022,Apple Store,22,,,,,
341930,Africa,Canada,Services,296764,447516,40%,Q4,18-11-2024,Retail Partner,40,,,,,
248217,North America,Australia,Wearables,1422291,357341,30%,Q3,05-12-2022,Offline,36,,,,,
715878,Europe,Japan,MacBook,735267,25103,30%,Q3,01-05-2021,Online,18,,,,,
858412,North America,China,Wearables,3240891,181237,40%,Q4,24-06-2022,Online,35,,,,,
489334,Africa,Brazil,MacBook,8277256,164559,30%,Q3,07-08-2021,E-Commerce,32,,,,,
974278,Oceania,Japan,MacBook,2003760,310308,20%,Q4,07-10-2021,Apple Store,34,,,,,
361244,Africa,Australia,Wearables,4166180,94713,30%,Q3,19-04-2022,E-Commerce,26,,,,,
411218,South America,Australia,Services,8741245,213927,25%,Q3,17-04-2021,Apple Store,40,,,,,
348979,Europe,France,Services,7289025,395435,25%,Q3,22-03-2021,Apple Store,42,,,,,
598630,Africa,China,iPad,4116520,336730,20%,Q4,25-09-2021,Offline,41,,,,,
773503,North America,Japan,Wearables,5482991,494539,40%,Q1,06-11-2024,Offline,20,,,,,
584895,Africa,France,iPad,849232,120159,20%,Q4,11-09-2020,Online,26,,,,,
273208,North America,Canada,iPad,9494166,353293,40%,Q3,19-04-2021,Retail Partner,38,,,,,
626760,North America,Brazil,Wearables,7433746,82285,25%,Q1,06-12-2021,Offline,34,,,,,
297933,Europe,UK,Services,2970034,334133,40%,Q2,07-06-2024,Offline,49,,,,,
926209,Europe,Germany,iPad,957247,373789,40%,Q1,04-10-2020,Retail Partner,29,,,,,
229972,North America,Canada,iPhone,8286699,320809,30%,Q3,20-01-2023,Apple Store,25,,,,,
892742,Africa,Canada,Services,1788920,355966,40%,Q3,07-12-2021,Apple Store,33,,,,,
511518,South America,Japan,Wearables,8783987,184128,35%,Q3,05-11-2023,Offline,33,,,,,
583838,Africa,Brazil,iPhone,6838507,18690,30%,Q4,25-05-2022,Online,22,,,,,
875985,North America,Germany,Services,9235622,244634,20%,Q2,30-12-2021,Offline,30,,,,,
132073,North America,UK,iPhone,2466796,352916,20%,Q2,08-03-2023,Online,18,,,,,
911596,Africa,Germany,iPad,7555878,73734,40%,Q1,17-02-2020,Retail Partner,31,,,,,
906194,Oceania,Australia,iPhone,8658390,127353,20%,Q2,04-07-2022,Apple Store,22,,,,,
785700,Oceania,UK,iPad,6663090,348629,20%,Q4,28-11-2024,E-Commerce,25,,,,,
938527,Oceania,Australia,iPad,747923,394736,20%,Q4,04-10-2021,E-Commerce,33,,,,,
128860,Europe,Brazil,Services,3226697,71679,25%,Q2,08-07-2022,Retail Partner,33,,,,,
374490,South America,USA,iPhone,9509740,261938,35%,Q2,09-04-2023,Retail Partner,27,,,,,
643091,Africa,USA,Wearables,4528427,339349,20%,Q4,07-02-2024,Retail Partner,31,,,,,
995379,Africa,India,iPad,8721819,86302,20%,Q2,15-05-2021,Apple Store,37,,,,,
778230,Oceania,USA,iPhone,5687560,233306,20%,Q2,01-03-2020,E-Commerce,28,,,,,
178273,North America,Australia,iPad,8252172,62234,40%,Q1,20-12-2021,Apple Store,25,,,,,
655728,North America,Brazil,iPhone,2813449,254350,30%,Q4,20-07-2022,E-Commerce,21,,,,,
295849,North America,France,Services,7704314,139739,40%,Q4,31-12-2023,Offline,28,,,,,
200073,North America,Japan,iPad,7124153,339880,25%,Q3,28-12-2023,E-Commerce,34,,,,,
405702,North America,France,Services,4141801,245580,20%,Q2,01-07-2024,Retail Partner,39,,,,,
489587,North America,India,iPad,1336536,326847,30%,Q4,09-04-2024,E-Commerce,25,,,,,
239804,North America,India,Services,240798,344407,40%,Q3,09-03-2024,Retail Partner,49,,,,,
804931,Europe,China,iPhone,6305753,234498,25%,Q2,20-09-2020,Retail Partner,28,,,,,
154086,South America,Germany,iPhone,9464306,432901,30%,Q2,20-02-2021,Online,27,,,,,
864624,Africa,Brazil,iPhone,9664568,281296,35%,Q1,24-09-2022,Offline,28,,,,,
942361,North America,Germany,Wearables,2728240,239042,35%,Q2,06-05-2022,Retail Partner,34,,,,,
618981,North America,Brazil,Services,5997699,454646,20%,Q2,31-10-2024,Offline,42,,,,,
646377,South America,UK,Wearables,254275,426300,20%,Q3,25-07-2023,Apple Store,22,,,,,
463474,North America,India,Services,2255917,41819,35%,Q2,27-04-2020,Online,28,,,,,
663053,North America,China,Wearables,9500188,298966,40%,Q2,22-11-2021,Retail Partner,29,,,,,
560441,North America,Australia,MacBook,6664011,160021,30%,Q3,04-05-2022,Apple Store,28,,,,,
361799,Asia,Germany,iPhone,7598364,249716,30%,Q2,27-10-2021,E-Commerce,32,,,,,
502882,South America,China,iPad,7588476,13542,20%,Q4,02-12-2020,Offline,26,,,,,
676843,Africa,USA,Wearables,8475355,414720,20%,Q1,22-08-2021,E-Commerce,28,,,,,
586593,Asia,Australia,Wearables,7315717,110030,35%,Q3,17-02-2021,Online,21,,,,,
811409,Europe,China,Services,3559289,234237,35%,Q2,20-07-2023,Offline,46,,,,,
265558,Oceania,Brazil,MacBook,6010661,175134,35%,Q2,10-02-2020,Apple Store,48,,,,,
761059,Africa,Japan,iPhone,7692564,51534,25%,Q3,11-05-2023,Apple Store,20,,,,,
754182,Oceania,Germany,Services,7705453,133631,30%,Q2,20-02-2023,Apple Store,33,,,,,
819056,North America,Australia,iPad,7733817,213760,30%,Q2,14-02-2020,Retail Partner,34,,,,,
556431,Oceania,Canada,Wearables,9127735,470781,40%,Q2,09-10-2024,E-Commerce,20,,,,,
112280,Africa,Canada,Services,863434,215334,20%,Q2,12-03-2020,Apple Store,31,,,,,
665244,South America,India,iPhone,8589792,394010,20%,Q3,26-12-2020,Offline,29,,,,,
276768,Africa,Germany,iPhone,3753315,85163,20%,Q2,22-09-2020,E-Commerce,30,,,,,
234744,Asia,Germany,iPhone,2993945,180224,20%,Q1,17-05-2022,Online,23,,,,,
478656,Oceania,Canada,iPad,7823328,113726,20%,Q1,26-01-2020,Retail Partner,36,,,,,
552797,Africa,Australia,MacBook,3521083,214817,35%,Q3,24-05-2023,Online,24,,,,,
725874,Africa,Australia,MacBook,8035978,287161,40%,Q3,19-10-2021,Online,34,,,,,
732714,South America,China,MacBook,1516007,65460,25%,Q4,20-06-2020,E-Commerce,34,,,,,
787483,Africa,France,Wearables,1977411,20119,30%,Q4,24-01-2025,Online,29,,,,,
643984,Oceania,India,Wearables,3752372,236686,20%,Q1,19-07-2024,E-Commerce,20,,,,,
302184,Asia,France,Wearables,7600541,428098,20%,Q1,06-10-2023,Retail Partner,41,,,,,
998281,North America,Australia,Wearables,1575737,402614,30%,Q3,08-02-2021,E-Commerce,35,,,,,
934674,Asia,Australia,iPad,6670775,400374,30%,Q3,04-01-2024,Apple Store,36,,,,,
781020,Oceania,India,Wearables,5589853,119074,40%,Q2,19-03-2021,Retail Partner,35,,,,,
249179,South America,USA,iPhone,1816739,402757,30%,Q4,23-07-2024,Online,33,,,,,
960651,Oceania,India,Services,9254529,274139,40%,Q1,13-07-2022,Online,32,,,,,
127445,North America,Japan,Services,9530831,432354,35%,Q3,04-04-2021,Retail Partner,41,,,,,
186903,Europe,UK,MacBook,8551134,122710,30%,Q3,29-01-2024,Apple Store,24,,,,,
466180,South America,China,Wearables,9263085,205365,30%,Q2,11-07-2020,E-Commerce,21,,,,,
353278,Europe,Germany,Services,8712920,36204,25%,Q2,07-12-2020,Apple Store,45,,,,,
862796,Asia,Brazil,Services,6446643,43246,35%,Q1,30-05-2023,Apple Store,35,,,,,
706624,Asia,India,MacBook,2637421,164294,20%,Q2,01-09-2022,E-Commerce,32,,,,,
187038,North America,Australia,iPad,4775383,149388,30%,Q4,12-04-2020,E-Commerce,31,,,,,
124108,North America,Australia,MacBook,6024226,163778,40%,Q1,16-11-2024,Retail Partner,37,,,,,
472534,Europe,Japan,iPad,9979540,488128,40%,Q3,24-01-2022,Retail Partner,44,,,,,
783142,South America,China,MacBook,4115338,222864,20%,Q1,01-04-2022,Retail Partner,49,,,,,
491945,Africa,China,MacBook,2275757,242103,35%,Q2,13-06-2021,Apple Store,41,,,,,
327521,North America,France,Services,6336784,277191,20%,Q2,21-04-2020,Online,28,,,,,
938841,Africa,India,Services,7578399,208138,20%,Q3,30-11-2023,Offline,38,,,,,
624083,Africa,USA,Services,1677196,226881,35%,Q1,19-08-2024,Offline,49,,,,,
489884,South America,Japan,iPhone,6064260,3831,30%,Q2,27-11-2020,Offline,22,,,,,
137314,Oceania,Canada,MacBook,5133902,461117,30%,Q3,27-01-2024,Retail Partner,34,,,,,
121725,Oceania,Canada,MacBook,3234523,237699,20%,Q1,26-12-2021,Online,31,,,,,
966193,Asia,China,iPad,5945944,77122,40%,Q1,04-11-2020,E-Commerce,32,,,,,
832784,Asia,India,iPhone,830057,298426,35%,Q2,21-04-2021,Offline,22,,,,,
543490,North America,Japan,Wearables,7365102,238602,40%,Q1,10-10-2023,Apple Store,45,,,,,
429426,Asia,France,iPhone,8294592,319735,30%,Q3,24-04-2021,Offline,18,,,,,
653073,North America,UK,iPad,6234318,214357,20%,Q3,29-09-2020,E-Commerce,26,,,,,
155566,Asia,Australia,iPad,3774439,441543,25%,Q2,05-07-2020,E-Commerce,29,,,,,
320769,North America,UK,iPhone,3727483,267710,30%,Q3,03-04-2022,Offline,20,,,,,
774644,Oceania,Australia,Services,2604629,357019,30%,Q4,24-07-2024,E-Commerce,25,,,,,
129300,North America,Japan,iPad,609473,308949,40%,Q3,21-02-2021,Retail Partner,33,,,,,
901623,Oceania,Canada,Wearables,4085899,295102,20%,Q1,29-08-2022,Apple Store,18,,,,,
522748,South America,Australia,Services,833094,291125,30%,Q4,30-07-2021,Online,32,,,,,
672466,Europe,France,iPad,917258,210799,40%,Q2,11-04-2020,Online,28,,,,,
151989,Asia,Brazil,Wearables,8880271,11653,40%,Q4,15-08-2021,Online,22,,,,,
459817,Asia,India,Wearables,798933,283379,30%,Q4,20-07-2023,Apple Store,33,,,,,
465569,South America,Germany,iPhone,870801,243405,35%,Q3,21-07-2020,Online,19,,,,,
505339,Oceania,USA,iPhone,2419640,447964,25%,Q2,06-10-2023,Retail Partner,24,,,,,
934684,North America,Australia,iPad,3667718,107063,40%,Q4,15-05-2020,Offline,35,,,,,
871827,Europe,USA,MacBook,1940933,192236,40%,Q4,17-08-2020,Retail Partner,41,,,,,
495620,North America,Canada,Services,6325557,408439,30%,Q3,25-01-2020,Offline,33,,,,,
964457,Oceania,Canada,iPad,4882817,336848,30%,Q3,07-01-2024,Offline,43,,,,,
740415,Africa,Australia,MacBook,977701,324948,35%,Q4,20-05-2024,E-Commerce,24,,,,,
989696,Asia,Australia,iPhone,9522132,331717,20%,Q4,26-04-2020,Online,19,,,,,
700532,Oceania,France,iPhone,7678682,71457,40%,Q2,15-06-2020,Retail Partner,24,,,,,
474583,Asia,Germany,Services,2778203,423591,30%,Q3,21-01-2023,Retail Partner,44,,,,,
684063,Asia,France,iPad,3742738,368807,30%,Q4,04-09-2022,Offline,37,,,,,
414127,North America,Canada,iPhone,248775,182126,30%,Q2,19-05-2022,E-Commerce,28,,,,,
980168,Africa,Brazil,iPad,1351177,229632,30%,Q2,01-06-2023,Online,27,,,,,
205301,Oceania,UK,iPad,1096985,476816,25%,Q1,25-03-2024,Apple Store,37,,,,,
975999,North America,Canada,Services,8933535,81476,40%,Q2,30-01-2023,Online,26,,,,,
106837,Oceania,UK,Wearables,2675774,265243,20%,Q4,04-04-2022,Apple Store,28,,,,,
976940,Oceania,France,Services,8018935,67190,35%,Q1,20-02-2022,Retail Partner,48,,,,,
346529,North America,Brazil,iPhone,229149,377654,35%,Q2,05-04-2022,Apple Store,25,,,,,
508621,South America,Australia,Services,4793371,46978,20%,Q3,15-04-2021,Apple Store,31,,,,,
814451,North America,Canada,Wearables,6775494,339761,40%,Q2,24-10-2024,Retail Partner,30,,,,,
757730,Oceania,France,iPad,9134567,454724,20%,Q3,04-01-2023,Online,26,,,,,
230591,South America,China,iPad,5803936,322946,30%,Q2,10-10-2023,Retail Partner,33,,,,,
674724,Europe,France,Wearables,9996040,148631,40%,Q4,11-08-2024,Offline,34,,,,,
888052,North America,Brazil,MacBook,8684183,120048,25%,Q4,22-03-2020,E-Commerce,32,,,,,
856563,North America,UK,MacBook,7084325,228266,30%,Q1,24-11-2022,Apple Store,21,,,,,
848443,Europe,Japan,Wearables,3653372,48834,40%,Q1,11-02-2021,Online,26,,,,,
358979,Oceania,USA,iPhone,9557894,71080,20%,Q4,31-10-2023,E-Commerce,19,,,,,
571440,South America,France,iPad,6577542,421951,30%,Q4,06-03-2021,Offline,28,,,,,
373930,Europe,USA,Wearables,8090751,483779,40%,Q1,23-01-2022,Apple Store,43,,,,,
793378,North America,India,Services,9757077,103200,20%,Q2,22-06-2023,Online,28,,,,,
779174,North America,Japan,Wearables,2220927,307208,20%,Q1,06-02-2020,Online,24,,,,,
371692,Africa,UK,iPhone,3474067,278653,30%,Q3,18-08-2022,Apple Store,34,,,,,
443046,Oceania,France,iPad,8887515,159447,35%,Q1,12-04-2022,Apple Store,43,,,,,
711321,Africa,Canada,iPhone,6706241,448892,20%,Q4,31-03-2023,Offline,26,,,,,
742277,South America,Canada,iPhone,1757021,369576,40%,Q4,12-04-2021,Offline,24,,,,,
558228,North America,Germany,Services,317741,57304,30%,Q2,08-01-2020,Apple Store,27,,,,,
840596,Asia,France,Wearables,9143055,16286,20%,Q1,27-03-2023,E-Commerce,33,,,,,
182321,Asia,USA,iPhone,7407519,406526,30%,Q2,29-12-2021,Retail Partner,26,,,,,
248470,Europe,UK,Wearables,1051311,294809,20%,Q3,09-05-2022,Apple Store,40,,,,,
737783,Asia,USA,MacBook,3913580,321146,30%,Q4,23-07-2020,Offline,33,,,,,
774437,Asia,Japan,iPad,4030487,3244,40%,Q1,25-11-2023,E-Commerce,33,,,,,
814989,Asia,USA,Wearables,7271778,64801,30%,Q1,22-05-2021,E-Commerce,27,,,,,
626643,Asia,UK,Services,114407,387273,30%,Q1,07-10-2023,Online,28,,,,,
386271,Oceania,Brazil,Services,9731618,146351,35%,Q3,02-12-2020,Offline,33,,,,,
712509,South America,France,Services,6819232,257443,40%,Q2,30-05-2024,E-Commerce,29,,,,,
318299,Asia,France,Services,9479840,364619,25%,Q1,13-12-2020,Retail Partner,36,,,,,
871739,Europe,China,Wearables,1584009,302131,25%,Q2,07-08-2021,Apple Store,19,,,,,
293889,Asia,Germany,iPad,8575307,105801,40%,Q4,14-04-2023,Online,27,,,,,
949732,Asia,Brazil,iPad,439921,110480,30%,Q1,15-08-2021,Apple Store,38,,,,,
625009,Asia,Australia,Services,8854983,492156,40%,Q1,29-04-2020,Retail Partner,44,,,,,
615485,Oceania,Brazil,MacBook,7116793,71544,20%,Q4,02-10-2020,Online,29,,,,,
672498,Asia,India,iPad,7145013,457513,30%,Q4,08-05-2022,Retail Partner,25,,,,,
583292,Asia,China,iPad,3123050,30108,25%,Q2,10-11-2022,Retail Partner,36,,,,,
561204,Oceania,France,Services,3594441,36174,25%,Q2,17-03-2020,Online,35,,,,,
489088,North America,China,Services,6097798,305680,30%,Q3,21-06-2021,Offline,32,,,,,
555747,South America,Japan,iPhone,10792,177899,40%,Q4,14-07-2024,E-Commerce,20,,,,,
724276,North America,Canada,Wearables,3156856,44125,30%,Q3,19-11-2020,E-Commerce,23,,,,,
383776,Oceania,Japan,MacBook,6318796,153344,20%,Q1,14-05-2020,Retail Partner,43,,,,,
257873,North America,France,iPhone,9532182,282308,40%,Q4,12-03-2020,Apple Store,34,,,,,
383113,South America,France,Services,2914820,260107,20%,Q1,05-05-2023,Offline,38,,,,,
226526,Africa,USA,Services,73798,76200,20%,Q3,01-12-2023,Retail Partner,41,,,,,
339034,Europe,USA,Wearables,4487534,224011,20%,Q4,03-07-2022,Online,25,,,,,
187128,South America,Canada,iPhone,6973511,297249,30%,Q3,12-12-2021,Online,21,,,,,
669809,Europe,UK,iPhone,1841248,382386,30%,Q2,07-09-2020,Retail Partner,25,,,,,
774952,North America,Japan,Services,4733839,367022,20%,Q1,30-05-2022,Offline,27,,,,,
693169,Africa,France,iPad,9329493,496781,30%,Q2,06-06-2021,Apple Store,28,,,,,
918983,North America,USA,Services,4723077,159482,40%,Q2,06-02-2022,Offline,30,,,,,
392492,North America,India,Wearables,3848711,191226,30%,Q1,31-12-2020,Apple Store,43,,,,,
469655,South America,France,iPhone,3537837,448452,40%,Q3,12-05-2020,Apple Store,30,,,,,
877270,Africa,Germany,Services,1564014,350084,40%,Q4,29-11-2023,E-Commerce,28,,,,,
928577,Africa,Brazil,Services,5052164,195879,35%,Q2,01-07-2020,Retail Partner,44,,,,,
861504,South America,UK,MacBook,3583889,145337,20%,Q4,25-06-2024,Apple Store,43,,,,,
217605,Africa,Australia,Wearables,9263207,224092,25%,Q1,15-04-2023,E-Commerce,25,,,,,
645424,South America,Germany,MacBook,4268413,75686,25%,Q4,05-01-2025,E-Commerce,32,,,,,
446695,Asia,UK,iPad,5272041,192361,35%,Q3,14-01-2022,Online,33,,,,,
623273,Europe,Japan,Services,1275883,7001,30%,Q2,28-07-2020,Retail Partner,47,,,,,
780347,Oceania,Australia,MacBook,5622720,79545,40%,Q4,28-12-2020,Offline,50,,,,,
910274,Oceania,Brazil,MacBook,5075119,92410,35%,Q2,08-03-2022,Apple Store,26,,,,,
403580,South America,USA,Wearables,9618690,357672,35%,Q2,16-08-2023,Online,34,,,,,
310447,North America,Australia,iPad,2549066,424068,40%,Q3,30-06-2020,Online,31,,,,,
982598,Oceania,Japan,MacBook,626942,56755,20%,Q3,22-09-2024,Online,28,,,,,
541536,Europe,Brazil,iPad,7843063,282682,40%,Q1,18-07-2020,Apple Store,30,,,,,
457771,Europe,India,Wearables,2891429,379320,20%,Q3,02-05-2020,Offline,23,,,,,
119926,South America,UK,iPhone,2103723,493052,40%,Q3,07-04-2023,E-Commerce,32,,,,,
135693,North America,India,Wearables,3227324,310909,30%,Q2,10-04-2021,Offline,42,,,,,
631038,Africa,India,Services,5661088,2325,30%,Q1,25-09-2024,Apple Store,34,,,,,
293211,Africa,UK,iPhone,2046240,289926,30%,Q2,13-09-2020,E-Commerce,18,,,,,
738061,Asia,Brazil,iPhone,7036559,359588,25%,Q2,27-06-2024,E-Commerce,34,,,,,
771974,North America,Japan,MacBook,7038953,118398,20%,Q4,13-06-2020,Offline,18,,,,,
460435,Africa,Brazil,iPhone,7996530,356689,30%,Q2,20-10-2020,E-Commerce,20,,,,,
791738,Oceania,Australia,Wearables,8008570,497679,35%,Q4,25-06-2024,Offline,24,,,,,
844430,South America,Japan,Wearables,7446024,22560,25%,Q4,31-12-2024,Online,20,,,,,
730392,Africa,India,iPad,2841577,97682,30%,Q1,02-04-2022,Retail Partner,39,,,,,
567686,North America,USA,iPhone,8712359,293445,40%,Q1,23-07-2022,Online,33,,,,,
483041,Africa,India,iPhone,4266645,288955,20%,Q3,06-01-2022,E-Commerce,18,,,,,
701391,South America,China,Services,5122083,138668,25%,Q2,16-07-2021,E-Commerce,25,,,,,
445854,Africa,China,iPhone,3459318,191955,40%,Q4,10-04-2021,E-Commerce,33,,,,,
815307,South America,India,Services,5203088,67914,25%,Q4,09-09-2022,Offline,50,,,,,
851617,North America,India,Wearables,8902706,333683,25%,Q4,27-02-2020,Offline,32,,,,,
982772,Africa,France,Services,1414248,491987,30%,Q2,20-02-2022,E-Commerce,34,,,,,
106890,Africa,Australia,iPhone,9890155,438899,40%,Q4,05-10-2022,Retail Partner,32,,,,,
337122,South America,India,Services,4106937,456986,30%,Q2,11-01-2024,E-Commerce,25,,,,,
766383,Europe,Japan,MacBook,38853,400814,35%,Q4,31-12-2023,Online,22,,,,,
934386,North America,France,MacBook,2352414,101926,20%,Q4,27-11-2022,Apple Store,40,,,,,
755989,North America,Japan,MacBook,7946853,187791,35%,Q2,30-11-2020,Online,24,,,,,
195664,Europe,Germany,Wearables,1960943,133385,25%,Q1,18-07-2023,Apple Store,21,,,,,
341466,Asia,Brazil,Services,9799059,319106,30%,Q3,10-08-2021,Retail Partner,30,,,,,
206397,North America,Brazil,iPhone,702424,92506,40%,Q2,13-11-2022,Apple Store,20,,,,,
839925,Africa,China,MacBook,5365357,371723,30%,Q2,31-10-2024,Online,27,,,,,
742924,South America,Australia,iPhone,4882240,442914,40%,Q1,07-07-2022,E-Commerce,19,,,,,
941911,Asia,Japan,Wearables,1261699,175349,40%,Q2,23-11-2022,Retail Partner,35,,,,,
487008,Europe,China,MacBook,8088669,322258,40%,Q1,20-09-2023,E-Commerce,29,,,,,
809819,South America,France,Wearables,3074972,121371,20%,Q4,29-11-2024,Offline,35,,,,,
371218,South America,China,Wearables,7054565,347594,40%,Q2,28-09-2024,Offline,43,,,,,
429987,Asia,Brazil,iPad,7034762,289005,35%,Q4,25-07-2021,Offline,28,,,,,
964917,North America,Canada,Services,1533577,193719,40%,Q3,17-09-2022,E-Commerce,34,,,,,
544787,Europe,India,Wearables,1459055,95939,25%,Q3,03-02-2020,Online,19,,,,,
123677,North America,France,MacBook,1294408,108656,25%,Q4,04-12-2024,Online,29,,,,,
374600,Asia,Germany,MacBook,5883142,15552,20%,Q1,11-07-2021,Retail Partner,46,,,,,
908885,Africa,India,iPhone,7970939,251989,30%,Q3,26-12-2022,Apple Store,25,,,,,
364370,North America,UK,iPad,8530835,37565,25%,Q3,25-04-2021,Online,25,,,,,
356121,Asia,USA,iPhone,250483,36968,20%,Q2,25-01-2022,Retail Partner,23,,,,,
264157,North America,USA,iPad,9361352,332079,20%,Q4,09-11-2022,Offline,26,,,,,
598089,South America,USA,iPhone,2251910,298890,30%,Q4,22-06-2020,Offline,28,,,,,
463979,Europe,China,iPhone,3685730,22597,25%,Q2,20-07-2024,Offline,29,,,,,
187933,Africa,France,Wearables,4203224,12678,40%,Q3,26-02-2021,Online,21,,,,,
141135,South America,Australia,MacBook,8046984,320005,25%,Q2,24-06-2023,Apple Store,38,,,,,
556349,Asia,Brazil,iPhone,613840,123665,25%,Q4,22-11-2023,Retail Partner,34,,,,,
170604,North America,Brazil,iPhone,9050608,212273,20%,Q1,26-10-2023,Apple Store,21,,,,,
251685,Europe,Australia,Wearables,9366259,440466,40%,Q1,13-06-2020,E-Commerce,18,,,,,
337189,Asia,Australia,iPad,6560776,350593,30%,Q1,13-06-2021,Retail Partner,37,,,,,
439213,South America,Germany,MacBook,9062346,350989,25%,Q2,29-03-2024,Retail Partner,32,,,,,
103228,South America,India,Services,2306387,182450,20%,Q3,04-06-2020,Apple Store,41,,,,,
848511,North America,Germany,MacBook,9951469,471682,35%,Q3,31-05-2022,Apple Store,42,,,,,
929500,North America,France,Services,1095771,298636,40%,Q4,10-07-2020,Apple Store,30,,,,,
579086,North America,China,Services,2478289,300859,40%,Q4,01-10-2022,E-Commerce,31,,,,,
662591,Europe,UK,iPhone,7147911,382928,40%,Q2,18-07-2024,Online,23,,,,,
188414,Oceania,USA,iPhone,7092252,93595,40%,Q1,30-10-2020,Retail Partner,30,,,,,
126627,North America,Canada,iPhone,6613998,333605,25%,Q3,21-06-2022,Apple Store,22,,,,,
569319,Africa,Canada,iPhone,1959011,5800,40%,Q2,10-05-2024,Online,26,,,,,
956179,North America,Germany,iPhone,7295002,309939,30%,Q1,28-11-2024,E-Commerce,27,,,,,
728840,Europe,France,Wearables,8391871,490908,20%,Q3,19-01-2023,Retail Partner,42,,,,,
421280,South America,France,MacBook,9534303,342706,30%,Q2,07-01-2025,Retail Partner,31,,,,,
652473,Europe,Australia,MacBook,5536782,244087,20%,Q4,14-05-2021,Apple Store,47,,,,,
235778,Africa,Australia,Wearables,8403893,198409,35%,Q4,27-10-2021,Retail Partner,26,,,,,
615567,North America,USA,iPhone,1782022,126485,40%,Q2,02-07-2020,Retail Partner,27,,,,,
903092,Europe,Germany,MacBook,6462903,147436,20%,Q1,30-11-2023,E-Commerce,34,,,,,
901612,South America,Australia,MacBook,8265584,428689,35%,Q2,26-11-2021,Apple Store,31,,,,,
862780,Europe,Canada,iPad,3076769,50507,35%,Q3,17-11-2023,Offline,42,,,,,
226483,Oceania,Brazil,MacBook,1677069,448863,40%,Q2,16-03-2022,Apple Store,47,,,,,
931321,Africa,Brazil,MacBook,290822,153670,40%,Q4,05-01-2024,E-Commerce,25,,,,,
254761,North America,China,Wearables,4493704,473549,20%,Q4,13-05-2021,E-Commerce,20,,,,,
416167,Europe,UK,iPhone,8180268,384988,30%,Q2,15-10-2023,Online,32,,,,,
931344,Europe,Australia,MacBook,4807262,338831,40%,Q4,21-01-2023,E-Commerce,23,,,,,
223645,South America,USA,Wearables,8271807,86320,40%,Q4,30-06-2020,Online,22,,,,,
617961,Africa,Japan,Services,3909276,73487,35%,Q2,21-07-2023,Offline,36,,,,,
631777,North America,Brazil,MacBook,5002794,175871,30%,Q4,12-03-2021,E-Commerce,21,,,,,
370426,South America,UK,Wearables,6475876,139263,20%,Q3,07-02-2021,Online,26,,,,,
897800,South America,USA,Wearables,4006360,339692,35%,Q4,11-06-2023,Online,33,,,,,
796737,South America,France,MacBook,146635,447305,20%,Q2,27-04-2022,E-Commerce,28,,,,,
135301,Oceania,Canada,Services,97536,134285,35%,Q4,25-05-2021,Online,28,,,,,
869581,Asia,Australia,Services,1554567,42505,35%,Q2,03-10-2024,Apple Store,35,,,,,
884975,South America,Brazil,Wearables,514585,352948,20%,Q1,30-12-2022,Offline,42,,,,,
456270,South America,UK,iPhone,993793,199352,40%,Q3,19-10-2022,Offline,26,,,,,
904045,Europe,USA,Wearables,5998065,250932,30%,Q3,09-03-2021,Online,25,,,,,
785483,Europe,Brazil,Services,8547202,327536,40%,Q2,08-04-2020,E-Commerce,28,,,,,
466917,North America,Australia,iPhone,9538202,359435,20%,Q2,19-12-2024,Online,29,,,,,
809597,Oceania,Australia,Wearables,4050370,277546,30%,Q1,08-07-2024,Retail Partner,31,,,,,
487693,North America,India,MacBook,4383198,85325,30%,Q4,28-03-2023,Retail Partner,30,,,,,
753378,Asia,China,iPad,385478,347283,25%,Q3,16-09-2023,Retail Partner,36,,,,,
199695,Africa,Japan,MacBook,6379858,451047,30%,Q3,28-06-2023,Offline,22,,,,,
276321,South America,France,MacBook,2039125,306689,20%,Q3,15-05-2022,Offline,43,,,,,
957442,Oceania,UK,Wearables,4401402,342440,35%,Q1,21-09-2023,Online,25,,,,,
112895,North America,France,Services,9537154,199127,30%,Q2,06-07-2023,E-Commerce,35,,,,,
300831,Asia,UK,iPad,2725437,185313,30%,Q4,13-07-2023,Apple Store,29,,,,,
223421,Africa,Australia,iPad,1619531,406566,40%,Q3,22-08-2022,Retail Partner,28,,,,,
925616,North America,France,iPhone,5249989,378186,30%,Q2,15-03-2024,Online,18,,,,,
883516,South America,USA,MacBook,7086117,194607,25%,Q2,07-12-2023,Apple Store,39,,,,,
208413,Europe,Australia,Services,1219140,123095,20%,Q3,02-10-2023,Retail Partner,32,,,,,
601102,Europe,Japan,iPad,3846222,134770,25%,Q4,11-08-2024,Apple Store,27,,,,,
951501,Europe,Canada,Services,7963713,5014,20%,Q2,22-09-2022,Retail Partner,38,,,,,
333139,Europe,France,MacBook,6805455,193301,40%,Q2,09-04-2023,Retail Partner,38,,,,,
347860,Oceania,India,iPhone,2177518,257207,40%,Q3,15-03-2024,E-Commerce,34,,,,,
247203,Africa,China,Services,5782479,78927,35%,Q4,22-05-2024,Apple Store,29,,,,,
428597,North America,France,MacBook,9181293,266600,30%,Q4,30-03-2021,Online,32,,,,,
238732,South America,UK,iPad,7004376,419686,30%,Q3,12-09-2023,Online,34,,,,,
411819,Oceania,USA,MacBook,689012,5252,25%,Q1,08-03-2022,Online,20,,,,,
294447,South America,Japan,Services,6985476,281714,35%,Q1,14-05-2024,E-Commerce,26,,,,,
317632,North America,USA,Wearables,61693,57197,30%,Q2,01-06-2020,Online,28,,,,,
111581,South America,Brazil,Wearables,3475108,438066,40%,Q4,19-01-2024,Apple Store,30,,,,,
868803,Europe,China,Services,3123970,390774,20%,Q1,20-06-2020,Retail Partner,26,,,,,
566361,North America,India,iPad,9909626,190052,35%,Q4,20-06-2022,Retail Partner,43,,,,,
409634,North America,France,Services,938830,381228,30%,Q3,14-12-2020,Offline,29,,,,,
816712,South America,France,Wearables,3802619,361653,40%,Q4,23-04-2020,Retail Partner,38,,,,,
491281,Asia,India,iPad,6004083,35923,35%,Q1,27-10-2023,Online,25,,,,,
497675,South America,Germany,iPhone,4157939,317516,20%,Q2,15-08-2021,Offline,25,,,,,
477052,Africa,UK,iPad,6161851,160847,20%,Q4,24-11-2022,Offline,27,,,,,
706466,Africa,Germany,iPhone,5370042,499862,40%,Q3,13-01-2023,Retail Partner,32,,,,,
615174,North America,China,Services,1462258,446344,30%,Q4,24-03-2023,Apple Store,32,,,,,
817602,Europe,USA,iPad,6516286,358524,40%,Q2,15-09-2021,Offline,28,,,,,
243890,Asia,Japan,Services,5273205,420987,40%,Q3,16-05-2022,Apple Store,40,,,,,
499322,Oceania,Japan,Wearables,1286244,234202,40%,Q3,24-05-2023,Retail Partner,23,,,,,
385990,South America,UK,Services,9413942,46560,40%,Q2,24-07-2024,Retail Partner,35,,,,,
975539,Oceania,Germany,iPhone,1157497,448695,25%,Q3,19-10-2024,Apple Store,29,,,,,
242691,Europe,Canada,iPad,4902830,96311,20%,Q4,27-04-2020,Retail Partner,31,,,,,
631528,South America,India,Wearables,2696307,443306,40%,Q2,21-10-2023,Offline,35,,,,,
792762,Asia,India,iPhone,1806229,472120,20%,Q2,28-03-2023,Online,25,,,,,
323525,Africa,France,iPad,6319714,340648,25%,Q3,01-08-2025,Online,28,,,,,
621221,Asia,Germany,MacBook,9863250,398101,20%,Q1,08-03-2021,Offline,21,,,,,
553528,South America,USA,MacBook,6436691,465816,40%,Q1,14-03-2023,Offline,28,,,,,
776042,Europe,Japan,Wearables,529477,293587,25%,Q1,26-02-2021,Offline,22,,,,,
492268,Africa,UK,Services,2044964,280266,20%,Q3,24-01-2023,E-Commerce,35,,,,,
990044,North America,Canada,iPhone,2046955,296526,40%,Q2,28-04-2022,Apple Store,25,,,,,
252827,Europe,Canada,iPad,9919669,154424,30%,Q3,28-04-2020,Online,33,,,,,
169471,South America,Germany,iPad,8681110,275393,40%,Q2,27-08-2021,E-Commerce,35,,,,,
860032,North America,Japan,iPad,2886156,127889,35%,Q1,06-10-2020,E-Commerce,32,,,,,
436930,North America,India,Services,1207402,385881,25%,Q3,08-07-2022,E-Commerce,29,,,,,
712392,North America,India,Wearables,3243593,475660,30%,Q1,30-12-2020,Apple Store,27,,,,,
739655,Africa,Germany,iPad,8733594,458008,40%,Q2,15-04-2022,Offline,43,,,,,
444713,Oceania,Germany,Wearables,883532,229377,40%,Q2,14-09-2023,Apple Store,36,,,,,
344832,Asia,Japan,Services,4447811,273086,20%,Q2,12-11-2022,Retail Partner,44,,,,,
652375,Africa,Canada,Services,9702859,298516,20%,Q1,14-06-2020,Offline,27,,,,,
525734,Europe,Japan,Services,9779992,271288,40%,Q2,08-03-2023,Retail Partner,48,,,,,
429777,North America,Germany,Wearables,2508812,492092,20%,Q2,20-07-2022,Apple Store,28,,,,,
641973,Asia,France,MacBook,8413260,273000,20%,Q1,10-11-2021,Retail Partner,39,,,,,
295776,Africa,India,MacBook,7079692,410286,30%,Q4,04-12-2022,E-Commerce,23,,,,,
351779,Oceania,Japan,Services,4172605,175613,30%,Q3,12-01-2023,Offline,38,,,,,
655229,Oceania,France,iPad,250514,150702,20%,Q1,13-03-2020,Online,27,,,,,
439233,Oceania,UK,Wearables,6511527,337505,30%,Q2,10-12-2024,Online,23,,,,,
673057,South America,Germany,Services,1846583,163620,25%,Q3,28-09-2020,E-Commerce,26,,,,,
203206,Asia,India,MacBook,4978959,448259,25%,Q1,27-04-2024,Apple Store,21,,,,,
783522,Africa,Brazil,iPad,2943930,236645,20%,Q2,22-05-2021,Offline,36,,,,,
709290,North America,Japan,iPhone,2343755,445338,20%,Q1,03-07-2021,Retail Partner,32,,,,,
330192,Oceania,UK,iPhone,8389759,319269,20%,Q2,13-11-2022,Retail Partner,21,,,,,
597907,North America,Brazil,iPhone,3310769,108054,20%,Q4,10-11-2021,Apple Store,27,,,,,
372179,Africa,Germany,iPhone,8975956,335729,40%,Q3,25-07-2020,Apple Store,24,,,,,
870181,Oceania,UK,MacBook,5394324,280075,20%,Q4,02-02-2024,Retail Partner,19,,,,,
626842,South America,India,iPhone,6232718,476156,40%,Q1,28-01-2023,Retail Partner,21,,,,,
400117,North America,Australia,MacBook,1637253,97586,30%,Q3,05-07-2021,Offline,27,,,,,
689752,Europe,Germany,Services,8801174,278543,30%,Q4,08-05-2021,Apple Store,25,,,,,
784913,Europe,Japan,iPhone,2434354,95174,30%,Q1,10-10-2022,Retail Partner,29,,,,,
974362,South America,USA,iPad,5787705,189387,20%,Q4,10-07-2023,Offline,44,,,,,
980596,South America,Canada,iPad,7078084,25972,35%,Q4,20-02-2023,Retail Partner,25,,,,,
759406,Europe,Brazil,Wearables,9401033,220396,35%,Q4,03-02-2021,Online,24,,,,,
465115,South America,Australia,iPad,9614504,317122,30%,Q3,07-01-2025,E-Commerce,25,,,,,
524322,North America,USA,iPad,3478513,279971,40%,Q4,20-02-2021,Online,25,,,,,
435939,Oceania,USA,Services,992030,216162,25%,Q2,08-02-2021,Apple Store,28,,,,,
583890,Africa,USA,MacBook,272946,201277,20%,Q4,04-07-2022,Online,25,,,,,
675373,Asia,India,iPhone,4897255,416020,20%,Q1,13-03-2021,Online,21,,,,,
915618,Europe,UK,Wearables,9947805,287291,20%,Q1,19-03-2020,Retail Partner,29,,,,,
130299,Africa,China,iPad,4537328,233603,30%,Q4,08-09-2020,E-Commerce,27,,,,,
364023,North America,France,Wearables,2977716,114399,40%,Q2,30-01-2023,Offline,24,,,,,
801844,South America,France,Wearables,7253168,345609,20%,Q1,27-11-2023,Online,33,,,,,
588040,North America,China,iPhone,3241173,322818,30%,Q4,15-04-2024,Retail Partner,27,,,,,
234483,Africa,Japan,MacBook,1934981,251125,20%,Q4,05-03-2020,Offline,32,,,,,
999496,North America,France,MacBook,3182318,213106,40%,Q2,01-12-2021,Apple Store,47,,,,,
724553,Africa,UK,MacBook,9710591,430236,35%,Q3,07-10-2022,Offline,45,,,,,
629870,Asia,Germany,Services,9513275,344439,25%,Q1,25-05-2021,Online,35,,,,,
933167,Europe,Germany,iPad,9743376,381706,30%,Q4,23-09-2022,Apple Store,39,,,,,
426375,South America,UK,MacBook,481506,131907,20%,Q4,25-07-2021,Offline,20,,,,,
138143,North America,India,iPad,1530607,458164,20%,Q1,04-06-2024,E-Commerce,35,,,,,
586670,Asia,UK,iPhone,9830062,102590,30%,Q3,06-03-2023,Retail Partner,28,,,,,
434895,North America,UK,Services,3273891,179349,35%,Q1,07-12-2021,Apple Store,31,,,,,
276821,Europe,Germany,MacBook,4281766,108644,30%,Q3,17-08-2022,E-Commerce,20,,,,,
174501,North America,India,Wearables,2734065,314477,20%,Q2,04-07-2023,Retail Partner,45,,,,,
782316,Asia,Japan,Wearables,2301034,254611,20%,Q1,27-06-2023,E-Commerce,28,,,,,
364788,Europe,USA,Wearables,4209239,295667,30%,Q1,30-06-2023,E-Commerce,30,,,,,
725845,Asia,China,iPhone,6185098,138068,20%,Q4,08-07-2023,E-Commerce,30,,,,,
663484,North America,USA,iPad,6351471,206878,40%,Q1,09-07-2021,Online,28,,,,,
683136,South America,Japan,iPhone,4100797,235864,40%,Q3,21-07-2020,E-Commerce,28,,,,,
185134,North America,Japan,MacBook,9857339,297640,20%,Q2,26-05-2023,Apple Store,47,,,,,
957444,Asia,USA,MacBook,8449490,363137,25%,Q3,03-09-2023,Apple Store,34,,,,,
252781,North America,Germany,Services,5072831,409572,40%,Q2,31-07-2024,Apple Store,31,,,,,
400289,Africa,Australia,MacBook,5057677,108271,35%,Q3,02-04-2023,Offline,36,,,,,
878921,Europe,Japan,MacBook,2241226,478592,25%,Q2,23-04-2020,Offline,50,,,,,
759685,North America,USA,iPhone,8209790,169150,40%,Q3,19-10-2020,Apple Store,30,,,,,
709765,North America,Germany,Wearables,501797,395793,40%,Q2,17-07-2020,Apple Store,37,,,,,
663617,Africa,USA,iPhone,3190688,80064,30%,Q1,25-11-2021,Offline,28,,,,,
995872,Europe,Canada,iPhone,4783391,429549,40%,Q2,08-04-2020,Retail Partner,19,,,,,
130553,Asia,UK,iPad,6594906,227380,40%,Q2,09-04-2020,Apple Store,41,,,,,
654576,Asia,Germany,Wearables,2082611,496989,40%,Q1,10-09-2024,Online,33,,,,,
391730,Africa,Japan,Services,4004747,12166,20%,Q3,26-10-2022,Online,27,,,,,
714301,North America,Japan,iPhone,9793052,249108,35%,Q2,10-03-2022,Online,34,,,,,
402096,Oceania,Germany,Wearables,3773959,169170,20%,Q4,16-02-2020,Apple Store,25,,,,,
973184,Europe,USA,Wearables,70607,66316,40%,Q4,24-02-2024,Apple Store,37,,,,,
637412,North America,Australia,iPhone,926655,141848,30%,Q4,13-08-2020,Retail Partner,20,,,,,
727791,North America,UK,Wearables,6749130,48889,40%,Q3,21-09-2024,Online,28,,,,,
303127,Oceania,France,iPhone,8494659,215053,30%,Q3,28-04-2020,Online,28,,,,,
781281,Oceania,China,iPad,2624745,241471,25%,Q2,16-01-2024,Offline,43,,,,,
699275,North America,India,iPad,9135572,1648,30%,Q2,26-09-2024,Offline,41,,,,,
784981,South America,Brazil,Wearables,4771314,317028,20%,Q1,28-10-2023,E-Commerce,20,,,,,
154345,Europe,UK,Wearables,6748197,467175,25%,Q1,14-06-2023,Retail Partner,44,,,,,
951547,Europe,Japan,iPad,2196549,329200,40%,Q1,17-03-2023,Apple Store,43,,,,,
782178,Africa,China,MacBook,1094841,470443,20%,Q1,19-08-2021,E-Commerce,23,,,,,
214598,Asia,Australia,iPad,4034417,46095,25%,Q3,27-03-2022,Apple Store,37,,,,,
741637,Europe,Germany,iPhone,3576035,25686,20%,Q4,11-11-2021,Apple Store,23,,,,,
824602,Asia,UK,Wearables,890855,77887,30%,Q3,05-01-2022,E-Commerce,18,,,,,
402098,Africa,Australia,Wearables,6841825,248713,35%,Q3,30-09-2024,E-Commerce,25,,,,,
374263,Oceania,China,iPad,6324843,116337,25%,Q1,26-11-2021,Retail Partner,41,,,,,
246310,Africa,Australia,iPad,393250,295095,30%,Q1,18-03-2022,Apple Store,44,,,,,
806331,North America,Australia,iPad,482625,424143,30%,Q3,09-04-2023,Offline,29,,,,,
701448,North America,Canada,Wearables,1471819,289349,30%,Q2,12-11-2020,E-Commerce,34,,,,,
499698,North America,Brazil,Wearables,7901645,73389,20%,Q1,16-12-2020,Offline,39,,,,,
967618,South America,Canada,iPad,5054104,488276,30%,Q2,16-08-2022,Offline,30,,,,,
909248,Africa,UK,iPhone,2291761,486689,40%,Q3,25-01-2023,Online,21,,,,,
609317,Oceania,Germany,Wearables,9234326,84533,35%,Q4,03-02-2021,Online,20,,,,,
754596,North America,France,Services,7452329,318480,20%,Q1,06-11-2021,Offline,38,,,,,
589021,South America,India,Services,4580236,272863,35%,Q1,27-04-2021,Apple Store,45,,,,,
123132,Africa,Japan,iPhone,5076186,434668,25%,Q1,11-12-2024,Apple Store,29,,,,,
963665,Asia,UK,MacBook,8317401,356365,40%,Q3,03-10-2023,Offline,22,,,,,
930561,South America,USA,iPhone,8765530,308616,25%,Q1,23-03-2023,Apple Store,32,,,,,
850328,Asia,Australia,iPad,4132788,340508,40%,Q1,06-11-2020,Apple Store,44,,,,,
794055,Africa,China,Wearables,1893247,352643,40%,Q1,23-10-2023,Online,18,,,,,
752753,Africa,UK,iPhone,3672003,11431,25%,Q4,18-04-2020,Offline,26,,,,,
748315,Asia,USA,MacBook,7388793,130873,30%,Q3,22-04-2021,Apple Store,26,,,,,
808961,South America,USA,Wearables,6173040,364723,40%,Q3,09-12-2023,Retail Partner,38,,,,,
243485,Europe,Australia,Wearables,7716211,46147,20%,Q1,30-11-2024,Retail Partner,21,,,,,
613312,Europe,Brazil,iPhone,1849515,304377,20%,Q1,27-03-2022,Apple Store,34,,,,,
214487,Asia,China,Services,8761409,485214,30%,Q4,04-08-2024,Online,29,,,,,
529132,Europe,China,iPad,1333484,143623,25%,Q2,20-09-2021,E-Commerce,26,,,,,
803060,Africa,Brazil,iPad,7275752,15672,30%,Q2,02-09-2021,Apple Store,30,,,,,
272304,North America,India,Wearables,9793277,496534,40%,Q1,19-08-2023,Online,32,,,,,
276037,South America,Brazil,iPad,1090941,44554,40%,Q4,22-11-2022,E-Commerce,34,,,,,
954368,North America,Brazil,MacBook,4536271,412066,20%,Q1,11-09-2022,Offline,46,,,,,
881854,South America,Japan,Wearables,1844409,212933,40%,Q1,06-05-2021,Online,35,,,,,
281677,North America,Brazil,iPad,9864993,203236,20%,Q1,08-03-2020,E-Commerce,25,,,,,
679380,North America,Canada,Wearables,945401,322932,40%,Q1,22-09-2022,Offline,24,,,,,
300946,North America,Canada,Wearables,1897756,380680,20%,Q4,22-08-2024,E-Commerce,21,,,,,
367481,Asia,France,Wearables,6995829,402574,35%,Q4,21-06-2023,E-Commerce,23,,,,,
517351,Asia,Canada,MacBook,5606599,466585,25%,Q2,13-01-2021,Online,21,,,,,
799119,North America,Brazil,iPhone,4531658,378268,35%,Q3,30-04-2020,Retail Partner,20,,,,,
256391,South America,France,Wearables,3836943,202750,35%,Q2,07-02-2021,Apple Store,27,,,,,
419167,Africa,Germany,iPad,438975,294720,25%,Q1,22-07-2020,Online,25,,,,,
675527,North America,Japan,iPhone,910651,300327,20%,Q4,02-07-2023,Retail Partner,23,,,,,
248210,Europe,Japan,MacBook,4094063,379356,40%,Q1,07-05-2022,E-Commerce,21,,,,,
425483,South America,Germany,iPhone,5626447,247039,40%,Q2,07-06-2023,Online,32,,,,,
549123,Africa,Germany,Services,3137718,463380,20%,Q3,24-01-2024,Apple Store,27,,,,,
612627,Oceania,Australia,Services,4342868,233953,30%,Q4,29-08-2022,Apple Store,47,,,,,
758265,South America,Australia,MacBook,2655506,212573,30%,Q4,01-08-2024,Retail Partner,43,,,,,
845428,Africa,UK,iPad,5271569,269674,35%,Q3,16-03-2023,Online,30,,,,,
327089,Africa,Germany,iPad,9749123,166209,40%,Q2,02-01-2022,Apple Store,29,,,,,
225523,North America,China,MacBook,5979729,103786,40%,Q1,27-12-2021,Online,24,,,,,
588070,Africa,France,Services,7071076,87343,30%,Q2,09-07-2021,Offline,32,,,,,
453200,North America,USA,iPad,396019,451533,40%,Q2,16-03-2020,Retail Partner,33,,,,,
688644,Europe,USA,Wearables,3136052,313950,30%,Q3,11-12-2020,Online,28,,,,,
141418,Oceania,Germany,iPhone,4574520,316758,40%,Q2,09-01-2021,Online,33,,,,,
490291,Africa,UK,iPad,4451907,275086,35%,Q4,11-06-2023,Retail Partner,28,,,,,
305590,North America,China,iPhone,6107698,474005,25%,Q2,20-08-2020,Apple Store,34,,,,,
807334,South America,Australia,MacBook,7004627,443888,30%,Q2,14-01-2024,Online,31,,,,,
341421,North America,India,MacBook,9267277,77374,20%,Q4,11-03-2023,Apple Store,47,,,,,
985493,Europe,France,Services,2281499,290853,30%,Q4,05-09-2023,Online,27,,,,,
460506,North America,Brazil,Wearables,5422584,346064,20%,Q1,23-06-2024,Offline,30,,,,,
504393,Oceania,USA,Services,6113786,443254,25%,Q3,02-12-2022,Retail Partner,46,,,,,
409990,North America,India,iPad,3909543,275791,20%,Q1,24-01-2023,E-Commerce,34,,,,,
485458,Oceania,France,Wearables,2811947,123355,40%,Q4,27-05-2020,Retail Partner,31,,,,,
469005,South America,Brazil,Services,7667719,211236,30%,Q2,06-06-2022,Offline,27,,,,,
727041,Oceania,China,iPad,1646486,350552,35%,Q2,14-06-2022,E-Commerce,25,,,,,
840288,Africa,India,Services,2324529,6080,35%,Q1,31-08-2023,Apple Store,47,,,,,
187923,North America,USA,iPad,6431706,289049,35%,Q2,29-12-2023,E-Commerce,26,,,,,
840079,South America,USA,Wearables,1160737,39349,30%,Q3,19-04-2023,Offline,30,,,,,
454726,Asia,China,Wearables,8717121,289305,20%,Q4,26-07-2021,Retail Partner,41,,,,,
560747,Oceania,Canada,iPhone,1477325,347294,30%,Q4,27-10-2024,Offline,34,,,,,
626627,North America,India,Services,4646544,268255,40%,Q2,13-09-2024,Offline,32,,,,,
204423,North America,UK,Wearables,9350657,304213,30%,Q3,11-04-2023,E-Commerce,35,,,,,
858444,Europe,Australia,iPhone,8349547,86153,40%,Q3,26-09-2023,Apple Store,18,,,,,
603908,Europe,India,Services,7377634,365942,30%,Q4,11-10-2020,Apple Store,28,,,,,
789754,Europe,France,MacBook,4058964,433342,35%,Q3,05-04-2023,Offline,24,,,,,
200802,Africa,Canada,Services,7844873,377834,20%,Q1,19-10-2023,Retail Partner,32,,,,,
279093,North America,USA,Wearables,7451961,482387,30%,Q3,10-07-2022,E-Commerce,22,,,,,
666921,North America,Canada,iPhone,3568901,41725,20%,Q4,26-12-2023,Retail Partner,19,,,,,
624145,South America,USA,Wearables,3828258,113408,40%,Q1,06-04-2024,Offline,21,,,,,
367111,North America,Canada,Wearables,9951445,210976,30%,Q3,11-02-2022,Apple Store,25,,,,,
333792,North America,Japan,MacBook,5047733,2296,35%,Q4,07-07-2021,Retail Partner,44,,,,,
308395,South America,USA,iPad,3677406,367058,35%,Q3,02-11-2023,Online,26,,,,,
702314,Europe,India,Services,8431330,215331,20%,Q4,04-07-2020,Apple Store,30,,,,,
164154,Asia,China,iPad,8607622,154024,20%,Q1,10-09-2020,Offline,35,,,,,
874615,North America,India,iPad,1889350,260789,40%,Q2,20-05-2024,Online,35,,,,,
138061,North America,France,Services,8303776,248389,25%,Q2,18-02-2023,Offline,26,,,,,
415347,North America,China,iPad,8596349,392998,40%,Q1,21-06-2022,Offline,28,,,,,
855264,North America,Canada,Services,1741583,66976,25%,Q3,17-02-2024,Online,26,,,,,
654002,Europe,Canada,Services,1328360,86796,40%,Q2,08-01-2023,E-Commerce,32,,,,,
225877,Africa,Brazil,iPhone,6835270,367826,25%,Q4,06-01-2023,Apple Store,27,,,,,
122054,North America,China,MacBook,9529270,173676,20%,Q2,28-02-2022,E-Commerce,30,,,,,
762389,Asia,Germany,iPhone,3731426,232007,20%,Q1,04-09-2021,Retail Partner,29,,,,,
209198,North America,Canada,Services,9867923,336156,40%,Q2,20-12-2022,E-Commerce,31,,,,,
369035,South America,Japan,Services,9820314,3446,30%,Q2,14-03-2023,Offline,35,,,,,
166924,North America,UK,Services,6503666,293209,30%,Q2,04-08-2021,Apple Store,29,,,,,
430404,Oceania,Brazil,Wearables,7086278,126221,30%,Q3,18-08-2024,E-Commerce,25,,,,,
906809,North America,USA,Wearables,4057983,276240,35%,Q2,05-09-2022,Retail Partner,18,,,,,
866238,Oceania,Germany,iPhone,2302187,151075,20%,Q3,31-07-2022,Offline,20,,,,,
184122,North America,Japan,MacBook,6457937,314931,40%,Q2,16-11-2023,E-Commerce,33,,,,,
877171,North America,Brazil,iPhone,2640753,167448,40%,Q4,31-03-2022,E-Commerce,20,,,,,
608604,Europe,UK,iPad,5610627,160213,30%,Q1,02-04-2020,Apple Store,44,,,,,
914632,North America,Japan,MacBook,9638209,208592,20%,Q1,24-08-2021,Apple Store,22,,,,,
720107,Africa,China,Wearables,1294915,110738,30%,Q1,16-03-2023,E-Commerce,35,,,,,
658458,Oceania,USA,Services,5665029,109800,30%,Q4,02-12-2020,E-Commerce,29,,,,,
989711,Africa,Japan,Wearables,1026823,18849,30%,Q1,05-10-2020,E-Commerce,32,,,,,
211301,North America,Japan,iPad,3302634,360210,30%,Q3,11-09-2024,Retail Partner,25,,,,,
367286,Africa,Germany,MacBook,2219830,159824,40%,Q1,18-07-2023,Retail Partner,33,,,,,
128408,Europe,France,Wearables,8792643,118263,20%,Q3,23-03-2024,Online,22,,,,,
225327,Europe,Australia,MacBook,6859699,382673,20%,Q3,26-12-2023,Offline,32,,,,,
279376,North America,Germany,iPhone,8964533,231097,40%,Q3,14-06-2023,Retail Partner,29,,,,,
494366,Oceania,Germany,Services,2203382,424619,40%,Q3,04-09-2022,E-Commerce,30,,,,,
751429,Europe,Brazil,iPhone,2909902,453278,40%,Q3,18-12-2024,Online,34,,,,,
983384,Africa,Australia,MacBook,7872690,299345,35%,Q2,02-12-2021,Offline,41,,,,,
923361,Asia,India,MacBook,1079893,41238,20%,Q4,12-05-2023,Retail Partner,45,,,,,
897754,North America,Australia,iPad,5744140,329936,30%,Q3,30-11-2024,E-Commerce,33,,,,,
817314,South America,UK,iPhone,2831576,14778,20%,Q4,14-07-2024,Apple Store,30,,,,,
563845,Asia,Japan,Wearables,3278049,499888,40%,Q3,27-08-2023,Online,25,,,,,
850481,Oceania,UK,Services,7240324,419656,40%,Q3,12-10-2023,Online,28,,,,,
839083,Africa,Brazil,Wearables,6845589,441617,40%,Q2,01-02-2023,Apple Store,42,,,,,
382433,Africa,Germany,iPad,1179768,281162,40%,Q1,14-11-2022,Online,28,,,,,
986081,Europe,Canada,Services,9279308,254832,40%,Q1,26-03-2021,Retail Partner,44,,,,,
482709,Asia,India,Wearables,608963,172391,35%,Q2,12-06-2023,Online,18,,,,,
245041,Europe,Canada,Wearables,2740927,256252,30%,Q2,24-12-2020,Apple Store,39,,,,,
706390,North America,France,iPad,3054327,398816,35%,Q2,27-04-2021,Apple Store,45,,,,,
585499,Africa,USA,Services,2552956,70175,20%,Q3,01-10-2022,Apple Store,39,,,,,
512868,Oceania,China,MacBook,871444,317045,25%,Q1,04-11-2024,E-Commerce,29,,,,,
995193,Asia,USA,Wearables,3815678,148869,40%,Q1,20-04-2024,Offline,39,,,,,
929808,Asia,France,Services,8803242,476451,20%,Q2,18-04-2023,Offline,30,,,,,
315082,Asia,Japan,MacBook,9017128,116390,20%,Q3,17-01-2022,Retail Partner,36,,,,,
228012,Europe,China,iPhone,9975569,364871,20%,Q1,14-03-2023,Apple Store,26,,,,,
568563,North America,Japan,Wearables,8119239,388693,30%,Q1,16-09-2020,Offline,32,,,,,
982345,Asia,Japan,iPhone,5660288,93632,20%,Q1,20-11-2024,Retail Partner,34,,,,,
321980,Africa,India,Wearables,2211040,442347,40%,Q3,08-02-2022,Online,32,,,,,
935991,Oceania,UK,MacBook,9181609,404601,40%,Q1,05-02-2023,Retail Partner,26,,,,,
864278,Oceania,Brazil,Wearables,8863463,393672,25%,Q2,05-09-2024,E-Commerce,23,,,,,
265290,Oceania,UK,iPhone,906983,208308,25%,Q4,17-06-2023,E-Commerce,22,,,,,
705627,Oceania,Brazil,Wearables,9375432,176922,35%,Q2,17-10-2020,Apple Store,38,,,,,
391455,Europe,Canada,iPad,4913562,2871,25%,Q2,20-07-2024,Online,32,,,,,
515228,Asia,Canada,iPad,9767808,345275,20%,Q4,21-12-2023,Apple Store,25,,,,,
929106,North America,China,iPad,976728,366625,30%,Q1,14-04-2024,Apple Store,31,,,,,
861075,Africa,Australia,iPhone,4888354,164782,30%,Q1,22-12-2024,Apple Store,31,,,,,
261602,Europe,Brazil,iPad,145734,463376,20%,Q3,23-11-2022,E-Commerce,29,,,,,
899411,North America,Brazil,Services,8773469,409951,40%,Q3,24-08-2023,Apple Store,41,,,,,
728519,Oceania,UK,iPhone,6963921,161234,20%,Q3,05-09-2020,E-Commerce,23,,,,,
821284,North America,Germany,Wearables,6401208,318474,25%,Q1,10-02-2021,E-Commerce,24,,,,,
261117,North America,India,iPad,1444196,450519,30%,Q2,15-01-2023,Offline,43,,,,,
337829,Oceania,USA,iPhone,7323538,77631,40%,Q4,03-08-2022,Apple Store,24,,,,,
598922,Europe,Australia,iPhone,3658170,95987,20%,Q3,25-07-2023,E-Commerce,23,,,,,
515184,North America,Australia,Wearables,4942915,19269,40%,Q2,23-01-2023,Offline,18,,,,,
963547,Africa,UK,Wearables,92152,361171,25%,Q3,08-03-2023,E-Commerce,31,,,,,
117796,Europe,Australia,iPad,1133344,478640,25%,Q4,17-05-2021,Apple Store,27,,,,,
457906,North America,UK,MacBook,1267999,160861,30%,Q4,08-12-2024,E-Commerce,26,,,,,
342643,Europe,Australia,iPad,4155526,462522,25%,Q4,23-01-2024,Apple Store,43,,,,,
317539,North America,India,iPhone,7341390,161044,40%,Q1,22-06-2021,E-Commerce,28,,,,,
120007,North America,Australia,iPhone,1232663,323459,20%,Q3,31-08-2022,Offline,31,,,,,
858376,North America,Canada,MacBook,8617204,35758,35%,Q4,23-02-2021,Retail Partner,40,,,,,
404024,Asia,France,iPhone,8642441,106813,30%,Q1,06-11-2020,Offline,26,,,,,
312571,Oceania,USA,Services,1995479,52801,40%,Q2,08-02-2022,Online,25,,,,,
324910,North America,India,Wearables,9599036,216816,35%,Q2,05-04-2020,E-Commerce,25,,,,,
557954,Europe,UK,Services,6401446,14247,40%,Q2,10-04-2023,Online,27,,,,,
294570,North America,Brazil,MacBook,6818425,114034,40%,Q3,25-10-2023,Retail Partner,38,,,,,
487673,Africa,Canada,MacBook,5663667,24868,35%,Q2,06-01-2021,E-Commerce,26,,,,,
926998,Africa,Australia,Wearables,3592556,323116,35%,Q4,30-01-2024,Apple Store,44,,,,,
611716,Europe,Australia,Wearables,930517,347432,25%,Q4,11-01-2024,Retail Partner,40,,,,,
335324,South America,Japan,MacBook,7798459,188570,25%,Q1,07-07-2023,Apple Store,45,,,,,
161788,North America,Germany,Wearables,3714794,45074,40%,Q3,15-09-2023,Retail Partner,23,,,,,
295350,South America,France,iPad,5381593,365253,30%,Q1,04-03-2023,E-Commerce,31,,,,,
596918,Africa,India,Wearables,2824245,101926,40%,Q3,25-05-2024,Apple Store,43,,,,,
444312,Africa,Australia,iPhone,9818903,97989,20%,Q1,19-01-2023,Online,18,,,,,
522854,North America,Australia,iPhone,7455536,21592,25%,Q4,04-01-2021,Offline,22,,,,,
227108,South America,Japan,iPad,9203905,305153,30%,Q1,22-06-2023,Online,35,,,,,
335775,South America,Canada,Wearables,5169470,298835,30%,Q1,23-06-2024,Offline,32,,,,,
221380,Oceania,India,MacBook,3367841,131954,35%,Q1,31-08-2023,E-Commerce,20,,,,,
198331,Africa,Australia,MacBook,9906406,463452,40%,Q4,19-06-2024,E-Commerce,29,,,,,
596904,North America,France,MacBook,3914223,83781,20%,Q4,20-10-2024,E-Commerce,23,,,,,
882389,North America,Germany,iPad,8792150,244231,40%,Q2,05-12-2020,E-Commerce,30,,,,,
709631,Africa,Brazil,iPad,4801596,479859,30%,Q1,20-01-2022,Online,29,,,,,
342361,Africa,USA,Services,8246482,32849,40%,Q2,16-06-2020,Online,27,,,,,
942600,Europe,France,Services,7629121,141103,30%,Q3,24-07-2022,Online,26,,,,,
815706,North America,India,Wearables,9468670,472181,35%,Q2,08-01-2022,Retail Partner,23,,,,,
115145,North America,Germany,Wearables,2198797,88581,30%,Q2,07-12-2021,Retail Partner,22,,,,,
223346,Oceania,India,iPhone,1146877,313091,25%,Q1,17-05-2023,Online,31,,,,,
194555,North America,India,Wearables,3472425,289742,30%,Q1,15-08-2020,Apple Store,36,,,,,
381574,Europe,UK,Wearables,2161733,143449,20%,Q2,03-10-2022,Online,35,,,,,
240005,Europe,Canada,iPhone,5785831,366755,35%,Q2,29-08-2024,Online,30,,,,,
532212,North America,Australia,Wearables,315644,454686,35%,Q3,27-09-2022,Apple Store,44,,,,,
709437,North America,Canada,Services,80300,238944,40%,Q3,28-11-2022,Retail Partner,36,,,,,
859799,North America,Canada,iPhone,2822242,195109,40%,Q1,10-06-2023,Retail Partner,29,,,,,
338117,Asia,Japan,Services,7269209,179165,30%,Q1,07-09-2024,E-Commerce,27,,,,,
333342,North America,Japan,Wearables,9136057,145359,20%,Q4,08-04-2023,Retail Partner,42,,,,,
895209,Oceania,UK,iPad,3788637,148617,30%,Q3,30-12-2022,Offline,43,,,,,
954765,Oceania,Brazil,iPad,8231725,489042,40%,Q3,27-03-2023,Retail Partner,42,,,,,
840004,North America,Brazil,iPhone,2430079,460136,30%,Q2,29-03-2023,Retail Partner,27,,,,,
890222,North America,France,MacBook,8714393,86195,40%,Q3,04-07-2020,Offline,37,,,,,
715371,North America,China,iPad,3525362,179487,20%,Q4,24-09-2020,E-Commerce,31,,,,,
114685,North America,Australia,MacBook,3470039,481238,30%,Q2,20-09-2024,Offline,35,,,,,
711147,Oceania,USA,Services,2655212,59477,20%,Q3,02-10-2021,Online,31,,,,,
697736,South America,Canada,Services,7930705,447846,20%,Q2,21-11-2023,Online,31,,,,,
601684,Oceania,India,Services,3896810,343954,20%,Q1,17-02-2020,Online,30,,,,,
600826,North America,Canada,iPad,1948976,401087,20%,Q4,05-10-2020,E-Commerce,29,,,,,
573712,North America,Japan,iPad,6482890,149680,25%,Q1,19-02-2021,Apple Store,33,,,,,
571271,Africa,UK,MacBook,7743244,432197,20%,Q2,03-12-2020,E-Commerce,29,,,,,
738493,Europe,UK,Services,7377150,475992,25%,Q1,24-07-2023,Offline,27,,,,,
488639,North America,UK,iPhone,5197867,216853,25%,Q3,30-12-2023,Offline,28,,,,,
277210,Asia,India,Services,8813055,228224,35%,Q4,13-12-2023,Apple Store,27,,,,,
705556,North America,Brazil,iPhone,4002923,173368,35%,Q2,15-09-2021,Offline,33,,,,,
510348,Africa,China,iPad,897625,16837,25%,Q3,22-10-2022,E-Commerce,28,,,,,
468797,South America,France,iPhone,4413091,253738,20%,Q2,08-09-2020,Offline,26,,,,,
677588,Europe,Australia,Wearables,8255898,370014,30%,Q2,04-02-2023,Apple Store,27,,,,,
285196,North America,Canada,MacBook,5516869,464426,35%,Q2,10-06-2022,E-Commerce,25,,,,,
505834,North America,Germany,Services,3752882,298292,30%,Q1,23-08-2023,Offline,25,,,,,
471742,South America,Germany,Services,109778,89839,40%,Q4,18-10-2023,E-Commerce,33,,,,,
375883,Asia,Germany,Services,7751329,43685,30%,Q4,29-11-2021,Retail Partner,25,,,,,
790808,Europe,China,Services,8003159,449689,20%,Q4,06-03-2023,Online,29,,,,,
820338,Africa,Australia,Wearables,9495009,13355,40%,Q2,16-08-2023,E-Commerce,28,,,,,
323419,South America,Germany,Wearables,5137637,434030,35%,Q3,01-07-2023,Offline,32,,,,,
451333,Oceania,Japan,iPad,9532538,283242,35%,Q3,22-08-2023,Retail Partner,38,,,,,
585952,Europe,UK,iPhone,6031294,189212,40%,Q3,12-06-2020,Apple Store,24,,,,,
183721,South America,Australia,MacBook,2762602,21936,20%,Q4,03-10-2021,E-Commerce,35,,,,,
173272,North America,Canada,MacBook,9659202,199954,40%,Q3,27-04-2024,Retail Partner,37,,,,,
819422,Africa,UK,Services,4103218,13902,20%,Q1,16-07-2021,Retail Partner,32,,,,,
562828,North America,China,iPad,8395556,473865,30%,Q2,13-04-2021,Apple Store,31,,,,,
361275,Asia,Canada,Wearables,3330296,208537,25%,Q3,02-09-2024,Apple Store,38,,,,,
655738,Europe,Japan,Wearables,9568996,133780,30%,Q1,17-06-2020,Retail Partner,45,,,,,
224327,South America,India,iPad,9992105,176162,40%,Q4,12-12-2024,Online,28,,,,,
778719,South America,Canada,iPhone,3287818,87110,30%,Q4,24-01-2025,Offline,28,,,,,
784973,Africa,Australia,Services,3842981,406762,40%,Q3,12-03-2022,Online,26,,,,,
817718,North America,USA,Wearables,1032991,79082,20%,Q1,08-05-2020,Offline,36,,,,,
733642,Africa,France,Services,9856975,261212,40%,Q3,08-01-2023,Offline,49,,,,,
503712,Africa,Japan,MacBook,5962103,144907,25%,Q3,11-09-2023,E-Commerce,27,,,,,
735571,Europe,UK,Services,9220652,172138,20%,Q4,30-06-2023,Retail Partner,47,,,,,
798918,South America,France,Wearables,8768292,360581,30%,Q1,11-05-2023,Retail Partner,19,,,,,
385468,Europe,India,MacBook,6146530,134849,40%,Q4,23-03-2024,E-Commerce,30,,,,,
279071,Europe,Germany,Services,8399143,449117,30%,Q4,21-05-2022,Offline,33,,,,,
848142,North America,India,iPad,3049892,112858,30%,Q2,10-05-2023,Apple Store,25,,,,,
385089,Oceania,China,iPhone,193117,408692,40%,Q4,15-02-2024,Offline,24,,,,,
483450,North America,Canada,MacBook,759570,426856,25%,Q4,17-05-2021,Apple Store,37,,,,,
178096,North America,India,iPad,199934,392499,40%,Q3,06-09-2021,Offline,42,,,,,
203178,Oceania,Brazil,iPhone,9005871,26486,30%,Q1,20-03-2020,Apple Store,29,,,,,
615092,Europe,Canada,Wearables,5478961,414451,30%,Q1,08-12-2024,E-Commerce,30,,,,,
704631,South America,France,Wearables,1583352,123350,35%,Q1,20-12-2023,Online,18,,,,,
838333,Africa,USA,iPad,2597192,161206,40%,Q2,14-06-2024,Online,35,,,,,
384729,South America,India,Services,1984182,189597,40%,Q3,08-11-2024,E-Commerce,33,,,,,
711720,South America,France,iPad,840174,226916,35%,Q3,10-09-2020,E-Commerce,26,,,,,
271888,North America,Canada,MacBook,6716532,242277,30%,Q1,09-08-2021,Online,27,,,,,
197816,North America,France,iPad,3683910,441532,20%,Q4,13-03-2023,Apple Store,33,,,,,
497443,North America,USA,Services,5838309,305732,30%,Q4,05-01-2024,E-Commerce,27,,,,,
276803,Asia,France,iPhone,7345817,285483,30%,Q3,10-01-2023,Offline,19,,,,,
637820,Asia,India,MacBook,4576901,132939,30%,Q1,18-03-2021,Retail Partner,21,,,,,
212631,Europe,UK,MacBook,2496579,80991,35%,Q1,10-11-2020,E-Commerce,35,,,,,
930802,Oceania,Australia,Wearables,6786694,219135,30%,Q1,24-04-2024,Apple Store,45,,,,,
347063,North America,USA,iPhone,390726,352231,30%,Q2,12-12-2021,Offline,18,,,,,
281579,North America,France,Wearables,1655870,329544,40%,Q3,22-07-2023,Apple Store,38,,,,,
444947,Oceania,UK,Services,846307,40153,25%,Q4,09-02-2024,E-Commerce,29,,,,,
161243,Africa,France,MacBook,2153741,14289,40%,Q3,13-11-2022,Online,34,,,,,
793789,North America,Canada,Wearables,8624753,42623,35%,Q2,18-03-2024,E-Commerce,18,,,,,
719018,North America,China,MacBook,5770369,326623,20%,Q4,15-12-2020,E-Commerce,24,,,,,
182396,Asia,Japan,Services,5329263,249452,40%,Q2,05-04-2022,E-Commerce,27,,,,,
679401,North America,UK,MacBook,5995478,421978,25%,Q4,14-03-2020,Online,29,,,,,
565460,Oceania,China,MacBook,6475274,404083,20%,Q4,27-07-2024,Apple Store,44,,,,,
369826,Oceania,France,Services,7751310,453560,40%,Q1,16-03-2021,Offline,35,,,,,
407822,North America,Japan,iPad,1409382,202655,30%,Q3,03-06-2023,Online,31,,,,,
941865,Europe,Germany,MacBook,4827152,187798,30%,Q3,10-04-2023,Online,30,,,,,
829009,Asia,USA,MacBook,3653746,44634,30%,Q1,12-12-2024,Apple Store,27,,,,,
940160,Asia,USA,MacBook,1692158,479398,20%,Q4,04-02-2024,Offline,41,,,,,
212372,South America,USA,Wearables,3172754,156224,30%,Q1,19-04-2020,Retail Partner,40,,,,,
636072,Asia,Canada,iPhone,3904756,194879,30%,Q4,27-02-2020,Offline,33,,,,,
200610,Africa,France,iPad,7378302,275803,25%,Q4,07-09-2021,E-Commerce,28,,,,,
995737,Africa,USA,Wearables,3126018,480143,40%,Q2,13-05-2022,Offline,35,,,,,
705413,South America,Germany,Services,4488603,352883,40%,Q1,23-05-2024,Online,29,,,,,
950827,Africa,Germany,iPad,6419078,51233,30%,Q2,13-09-2021,Online,31,,,,,
642471,Europe,Australia,Wearables,156986,460328,20%,Q2,15-09-2020,Offline,19,,,,,
204789,Asia,Australia,MacBook,482574,270716,30%,Q4,21-01-2021,Apple Store,25,,,,,
208433,Europe,Japan,iPhone,641557,479865,35%,Q1,07-08-2020,Retail Partner,32,,,,,
806256,South America,France,iPad,8134613,250937,30%,Q1,25-11-2024,E-Commerce,33,,,,,
118323,North America,Australia,iPad,43485,332696,35%,Q3,06-02-2020,Apple Store,41,,,,,
955539,Africa,China,iPhone,2853803,433625,35%,Q1,14-02-2024,Online,18,,,,,
417191,Africa,India,Services,8606048,445679,40%,Q1,17-08-2020,Retail Partner,45,,,,,
408544,Oceania,China,Wearables,4075728,236233,30%,Q3,29-12-2024,Retail Partner,41,,,,,
598337,North America,France,MacBook,1402862,75623,40%,Q4,14-08-2020,Offline,25,,,,,
194147,South America,USA,iPad,5950942,445242,25%,Q3,20-10-2020,Online,34,,,,,
580001,Oceania,USA,Services,1423122,410666,30%,Q1,05-06-2020,E-Commerce,26,,,,,
917546,Asia,China,Services,8959673,336497,20%,Q2,08-06-2022,Online,28,,,,,
415558,North America,Canada,Wearables,1563974,169635,35%,Q1,31-10-2023,E-Commerce,20,,,,,
800805,South America,Germany,Wearables,9132356,391333,20%,Q4,03-01-2022,Retail Partner,20,,,,,
913787,Africa,India,iPad,4865160,86924,20%,Q1,04-01-2025,Retail Partner,28,,,,,
875067,North America,Australia,MacBook,6354496,345757,40%,Q1,01-06-2023,Offline,35,,,,,
930383,Africa,Germany,iPad,3273141,16799,20%,Q3,24-10-2022,Online,31,,,,,
175095,Asia,Brazil,MacBook,5344061,334215,20%,Q3,15-06-2021,Online,20,,,,,
857419,Asia,France,iPhone,8882641,238229,20%,Q2,22-01-2021,Offline,21,,,,,
609793,Europe,Brazil,Services,6351751,201076,20%,Q2,05-12-2020,Offline,28,,,,,
850144,Africa,Germany,iPad,9780901,371351,35%,Q3,08-11-2020,Offline,25,,,,,
855855,Europe,Canada,Services,3599367,264863,20%,Q2,24-04-2022,Online,27,,,,,
809540,North America,Germany,Services,274459,276698,30%,Q4,05-11-2023,Retail Partner,47,,,,,
879800,Oceania,Japan,Wearables,9738558,464385,30%,Q1,22-03-2024,E-Commerce,22,,,,,
399100,Europe,Japan,Wearables,4552556,129580,30%,Q4,14-06-2020,Online,33,,,,,
255977,North America,France,Wearables,7674693,134189,30%,Q3,19-04-2021,E-Commerce,33,,,,,
108753,Europe,Germany,iPad,4952323,64597,20%,Q4,29-11-2023,Apple Store,42,,,,,
987121,South America,France,Wearables,9640372,106960,30%,Q2,23-07-2022,E-Commerce,26,,,,,
418951,North America,Australia,iPhone,1574225,451551,20%,Q1,16-09-2023,Apple Store,31,,,,,
333141,Oceania,UK,Wearables,3031989,355706,40%,Q3,22-03-2021,Offline,41,,,,,
602878,North America,UK,iPhone,2180032,234314,30%,Q4,01-01-2022,Apple Store,32,,,,,
690518,North America,Germany,Wearables,91991,137635,40%,Q4,03-05-2022,Apple Store,31,,,,,
203639,Oceania,Germany,Services,2195598,494169,30%,Q2,17-10-2023,Apple Store,37,,,,,
578837,North America,Brazil,MacBook,9746517,464690,40%,Q2,14-10-2024,Online,34,,,,,
789843,Europe,Canada,iPhone,9220180,92067,20%,Q1,10-05-2021,Offline,18,,,,,
660291,Europe,Japan,iPhone,526591,53969,25%,Q3,29-03-2021,Apple Store,23,,,,,
323756,Asia,Canada,MacBook,7808160,154795,25%,Q2,13-08-2024,Offline,38,,,,,
190075,South America,UK,Services,6796534,286287,20%,Q1,18-10-2020,Online,25,,,,,
208654,South America,Australia,Services,5579878,347964,30%,Q1,07-07-2022,Offline,46,,,,,
466458,South America,USA,iPhone,2335725,411123,40%,Q2,22-03-2021,E-Commerce,27,,,,,
239272,South America,France,iPhone,4984676,472824,20%,Q4,28-12-2024,Retail Partner,31,,,,,
423620,South America,UK,Services,6347836,284555,25%,Q3,10-09-2023,E-Commerce,27,,,,,
654727,Africa,Australia,Services,3397653,24491,35%,Q1,11-09-2024,E-Commerce,31,,,,,
686535,South America,Germany,MacBook,7437255,285245,25%,Q1,02-12-2021,Online,18,,,,,
915956,Europe,Germany,MacBook,2761063,406901,40%,Q3,21-07-2024,Online,30,,,,,
565350,Oceania,Canada,Wearables,6508206,66191,20%,Q1,08-09-2023,Online,22,,,,,
283413,North America,USA,Wearables,6484693,384380,30%,Q2,20-12-2022,Apple Store,28,,,,,
843423,Africa,UK,MacBook,3491769,233620,40%,Q4,01-04-2022,Apple Store,34,,,,,
348498,North America,China,iPad,6439831,10956,35%,Q1,13-04-2024,Retail Partner,26,,,,,
307175,North America,USA,iPad,1560420,412180,40%,Q4,19-09-2023,E-Commerce,34,,,,,
503282,Oceania,Germany,iPhone,2944615,429799,20%,Q1,29-07-2022,Apple Store,32,,,,,
111426,North America,Australia,iPad,8202852,13633,35%,Q3,08-04-2023,Retail Partner,36,,,,,
256167,Oceania,Germany,iPad,1834283,171754,30%,Q1,12-07-2023,Apple Store,37,,,,,
920005,Oceania,Brazil,iPad,1512392,3495,30%,Q4,15-09-2021,Apple Store,38,,,,,
746630,Asia,Brazil,iPhone,7872188,33972,30%,Q1,28-12-2022,Retail Partner,20,,,,,
888393,North America,India,Wearables,3475989,164112,20%,Q2,10-03-2020,Online,25,,,,,
729818,North America,UK,MacBook,4280215,15774,20%,Q1,02-06-2020,Retail Partner,42,,,,,
144413,Asia,Germany,MacBook,7190902,310270,40%,Q2,21-09-2021,Online,24,,,,,
973759,North America,France,Services,5269549,454313,30%,Q4,27-03-2024,Offline,46,,,,,
499640,Europe,USA,MacBook,9230738,2115,40%,Q2,22-11-2021,Online,20,,,,,
490356,North America,Brazil,Wearables,1290216,444166,30%,Q4,14-07-2024,Online,29,,,,,
709164,North America,France,Wearables,2490806,186919,40%,Q1,27-01-2022,Apple Store,25,,,,,
626662,Asia,China,Services,3067984,117422,40%,Q2,08-03-2024,E-Commerce,35,,,,,
486742,Asia,India,MacBook,3624623,248708,25%,Q3,19-08-2021,Retail Partner,45,,,,,
309497,Africa,China,MacBook,9177939,308562,20%,Q1,12-11-2024,Retail Partner,22,,,,,
481848,Asia,China,iPad,2576446,124810,40%,Q3,15-01-2022,Apple Store,31,,,,,
773876,South America,India,Services,4585204,494294,30%,Q3,17-09-2021,Offline,49,,,,,
253418,Europe,Canada,Wearables,5582940,472581,20%,Q1,23-10-2021,Online,33,,,,,
600548,South America,UK,Wearables,7995290,444830,30%,Q2,15-07-2024,E-Commerce,23,,,,,
477750,North America,Germany,iPhone,8964968,270920,40%,Q4,23-07-2024,Retail Partner,31,,,,,
552395,Europe,Australia,Services,2583177,188618,40%,Q4,10-07-2020,Apple Store,38,,,,,
918337,Europe,Canada,Services,9695966,26806,35%,Q3,09-11-2023,Apple Store,29,,,,,
888161,Oceania,India,MacBook,5409461,171561,40%,Q2,04-09-2021,Retail Partner,19,,,,,
313082,Oceania,Japan,iPhone,9759864,452150,25%,Q1,13-09-2020,Online,34,,,,,
437628,Asia,Brazil,iPhone,5264261,153106,25%,Q3,16-04-2020,E-Commerce,27,,,,,
992765,North America,Canada,Services,540921,384143,35%,Q4,07-11-2022,Apple Store,44,,,,,
993969,Asia,Germany,Services,5647810,78927,30%,Q4,05-11-2020,Apple Store,39,,,,,
997632,Asia,USA,iPhone,2487699,260814,20%,Q1,10-06-2024,Apple Store,34,,,,,
599685,Europe,Germany,iPad,6515128,442886,30%,Q1,25-11-2022,Offline,27,,,,,
337405,North America,Australia,MacBook,8513667,437064,40%,Q2,14-11-2024,Retail Partner,30,,,,,
882915,Oceania,UK,iPad,5269991,141842,20%,Q1,01-05-2022,Online,34,,,,,
399250,South America,Canada,iPad,51881,399185,20%,Q1,08-05-2022,Online,34,,,,,
899841,Europe,France,MacBook,713108,447304,20%,Q1,26-07-2020,Offline,38,,,,,
200358,South America,China,MacBook,9491540,23132,20%,Q2,15-09-2023,Retail Partner,44,,,,,
635738,South America,Germany,Wearables,6877388,263792,25%,Q4,04-04-2021,Offline,37,,,,,
118037,Europe,Japan,Wearables,805420,159326,35%,Q4,25-05-2020,E-Commerce,31,,,,,
526716,Asia,Australia,Wearables,8236749,65561,30%,Q3,06-11-2024,Offline,22,,,,,
955824,Asia,Japan,MacBook,3477411,125305,20%,Q1,16-10-2024,Apple Store,46,,,,,
418485,South America,China,iPad,2760658,44885,30%,Q2,19-07-2022,Apple Store,27,,,,,
297191,Asia,Canada,iPhone,2512030,480995,30%,Q1,01-07-2022,Retail Partner,18,,,,,
567556,Africa,Canada,iPhone,1240250,412055,35%,Q2,05-08-2024,Retail Partner,20,,,,,
965883,Africa,France,MacBook,9584766,80710,30%,Q3,12-08-2021,Offline,31,,,,,
652148,South America,Japan,Services,6676678,367466,30%,Q3,10-08-2023,Online,35,,,,,
858204,Asia,Canada,Wearables,4480062,75762,20%,Q2,25-06-2021,Apple Store,35,,,,,
706770,Europe,USA,Services,9158556,126191,20%,Q2,23-10-2023,Online,32,,,,,
876701,Asia,India,iPad,217940,196297,25%,Q3,05-11-2022,E-Commerce,30,,,,,
513120,Asia,India,Wearables,1717101,277513,30%,Q2,23-04-2020,Online,25,,,,,
881578,Oceania,Canada,MacBook,2266341,468991,35%,Q2,03-02-2023,Retail Partner,48,,,,,
105849,North America,UK,Services,7072719,11797,25%,Q3,10-06-2024,E-Commerce,33,,,,,
464556,North America,Brazil,Services,2668289,55291,30%,Q3,18-03-2022,Apple Store,43,,,,,
465004,South America,Brazil,MacBook,2869968,339675,30%,Q2,23-02-2021,Apple Store,29,,,,,
622362,South America,India,Wearables,8667775,237900,25%,Q2,26-02-2024,Offline,19,,,,,
842113,Asia,India,Wearables,4621962,350771,40%,Q1,08-12-2024,Offline,20,,,,,
211840,North America,Japan,Wearables,1869735,29717,20%,Q3,15-04-2023,E-Commerce,25,,,,,
223835,South America,USA,iPhone,2071166,241320,20%,Q3,23-05-2024,Retail Partner,29,,,,,
105096,South America,China,iPhone,7808319,412086,40%,Q2,05-06-2022,E-Commerce,19,,,,,
133927,Oceania,Australia,iPhone,3041401,64368,20%,Q4,06-08-2024,E-Commerce,24,,,,,
294653,Asia,Germany,Services,460085,236500,25%,Q2,17-03-2024,Apple Store,27,,,,,
961760,Africa,UK,Services,572317,473707,25%,Q2,10-04-2021,Apple Store,47,,,,,
290429,North America,Germany,Wearables,3035657,250161,40%,Q1,15-08-2022,Online,19,,,,,
338699,Europe,Brazil,iPad,3851672,195788,20%,Q3,13-04-2021,Apple Store,31,,,,,
292406,Oceania,UK,iPad,1520731,476166,40%,Q4,19-10-2022,Online,32,,,,,
719729,Europe,Brazil,Services,8266249,324645,40%,Q1,29-12-2024,Offline,50,,,,,
298735,South America,France,iPhone,2304111,153963,30%,Q1,04-08-2022,Offline,31,,,,,
732850,North America,UK,Wearables,8418929,366886,25%,Q2,08-03-2021,Retail Partner,22,,,,,
428335,Asia,Canada,Services,3669948,332886,40%,Q2,16-04-2020,Online,35,,,,,
167263,Asia,China,iPhone,3181180,146699,35%,Q3,24-05-2023,Online,18,,,,,
460774,Asia,Australia,Wearables,1938129,401756,40%,Q2,17-11-2023,E-Commerce,34,,,,,
304350,North America,USA,Wearables,8565902,328658,20%,Q3,05-02-2023,Offline,44,,,,,
774224,South America,Brazil,iPhone,1382155,405020,40%,Q4,10-06-2024,Apple Store,31,,,,,
789491,Oceania,Japan,iPad,4613067,28656,20%,Q2,29-06-2020,E-Commerce,32,,,,,
939935,North America,UK,iPhone,9869622,122609,30%,Q4,10-08-2020,Online,28,,,,,
142475,Africa,USA,MacBook,485704,465908,40%,Q3,10-11-2024,E-Commerce,33,,,,,
530467,Africa,Australia,Services,4645669,422074,20%,Q3,19-04-2020,Offline,37,,,,,
985414,Europe,UK,MacBook,8507852,435453,30%,Q3,24-01-2023,Apple Store,33,,,,,
265546,Asia,Germany,Wearables,224728,476228,35%,Q1,21-01-2024,Retail Partner,45,,,,,
732277,South America,Canada,MacBook,6066574,102894,20%,Q1,08-12-2021,E-Commerce,22,,,,,
523801,North America,France,Services,5951865,412168,35%,Q2,08-08-2020,Retail Partner,47,,,,,
359092,North America,Japan,MacBook,6409083,436426,35%,Q1,06-01-2021,Offline,36,,,,,
556943,North America,Canada,iPhone,1867106,497861,25%,Q2,19-05-2023,Online,20,,,,,
603008,Africa,Japan,MacBook,9729543,471562,40%,Q3,10-10-2023,Apple Store,44,,,,,
824845,Europe,UK,iPhone,7131740,294420,25%,Q4,06-04-2021,E-Commerce,25,,,,,
757222,Europe,Australia,Wearables,6480301,417220,20%,Q3,30-09-2021,Apple Store,40,,,,,
951571,Africa,UK,iPad,1144061,299446,30%,Q2,18-02-2020,Offline,37,,,,,
189245,Europe,Australia,Services,5839113,497365,40%,Q3,07-12-2023,Online,27,,,,,
824953,North America,India,iPhone,4598148,167848,40%,Q4,26-05-2021,E-Commerce,22,,,,,
252992,Oceania,Germany,iPad,6773070,73935,25%,Q1,13-01-2024,E-Commerce,27,,,,,
186541,Europe,China,iPhone,1485951,349342,20%,Q4,28-11-2024,E-Commerce,34,,,,,
151758,Africa,Australia,iPad,1805205,164721,30%,Q3,20-03-2022,Offline,37,,,,,
978279,Africa,France,iPad,229375,180913,35%,Q4,11-12-2022,E-Commerce,30,,,,,
346998,Europe,Australia,iPad,3344140,255706,35%,Q1,20-10-2023,Offline,37,,,,,
520839,North America,France,MacBook,4637811,210431,20%,Q3,21-12-2020,Apple Store,47,,,,,
920408,North America,Germany,iPhone,8112606,344641,40%,Q2,17-03-2022,Retail Partner,27,,,,,
970729,Oceania,India,Services,3075428,144862,20%,Q2,05-11-2022,Offline,46,,,,,
708125,Oceania,Japan,iPhone,725416,373852,30%,Q1,11-03-2024,Online,33,,,,,
294769,North America,Australia,Wearables,3931596,334090,20%,Q1,17-12-2020,Apple Store,37,,,,,
600472,Oceania,India,iPhone,3702570,121558,30%,Q1,27-10-2024,E-Commerce,22,,,,,
154813,Africa,France,Wearables,4204458,132049,30%,Q2,19-12-2023,Offline,21,,,,,
340592,North America,India,iPad,5365698,238000,20%,Q4,12-02-2020,E-Commerce,32,,,,,
371871,South America,Brazil,MacBook,9163599,415210,40%,Q4,25-08-2023,Retail Partner,26,,,,,
122554,Europe,USA,Services,7358875,284393,20%,Q1,19-04-2020,Online,30,,,,,
280602,South America,Australia,Services,7322671,328193,20%,Q3,31-12-2020,Apple Store,32,,,,,
843055,Oceania,Germany,iPad,8308173,236752,25%,Q1,26-12-2022,Offline,35,,,,,
671512,North America,Canada,iPhone,9902107,169576,25%,Q1,11-02-2023,Apple Store,34,,,,,
783903,Europe,UK,iPad,6258405,11976,20%,Q1,11-05-2022,Retail Partner,26,,,,,
973589,Asia,Australia,iPad,2460022,47254,20%,Q2,21-11-2022,Offline,28,,,,,
960984,Europe,Canada,MacBook,6946122,435146,40%,Q2,22-10-2020,E-Commerce,19,,,,,
479302,Africa,Canada,Services,2021125,324923,35%,Q3,20-08-2022,Retail Partner,45,,,,,
498378,North America,UK,iPhone,2804459,430178,40%,Q3,24-09-2021,Apple Store,34,,,,,
396132,North America,Japan,Services,4963719,356109,25%,Q4,11-03-2023,Online,32,,,,,
265945,Oceania,USA,iPad,324324,471111,35%,Q4,20-02-2021,Online,25,,,,,
927522,Asia,Australia,Services,7750861,215364,35%,Q1,16-04-2021,Apple Store,27,,,,,
263025,Europe,Australia,iPad,9634281,316488,40%,Q2,23-07-2020,Online,33,,,,,
835514,Asia,USA,MacBook,9141819,466602,35%,Q4,13-05-2021,E-Commerce,20,,,,,
238461,North America,India,iPad,8111443,481914,40%,Q1,17-03-2023,Offline,45,,,,,
811198,North America,France,Services,7583847,28242,40%,Q3,16-05-2020,Apple Store,29,,,,,
211835,Africa,Germany,iPad,661426,78760,40%,Q2,10-05-2022,Apple Store,34,,,,,
130500,North America,USA,Wearables,5324950,232903,30%,Q1,09-05-2021,Offline,35,,,,,
273513,Oceania,USA,Services,8990613,90330,25%,Q2,26-09-2021,E-Commerce,32,,,,,
142059,Africa,France,Services,5196519,188624,40%,Q1,07-12-2023,Offline,43,,,,,
965199,South America,Brazil,iPad,5629259,495016,40%,Q3,08-04-2020,Apple Store,33,,,,,
753520,Oceania,USA,Wearables,724661,374606,30%,Q4,12-05-2020,E-Commerce,22,,,,,
547484,South America,China,Wearables,179679,424264,30%,Q4,25-05-2021,Retail Partner,24,,,,,
428093,North America,Brazil,MacBook,3240185,175296,30%,Q3,07-05-2020,Retail Partner,48,,,,,
573919,Europe,Germany,iPad,5685803,58051,30%,Q4,23-10-2021,Retail Partner,44,,,,,
357626,South America,France,iPad,4857496,457991,25%,Q2,18-02-2020,Apple Store,41,,,,,
875600,North America,UK,iPhone,9755985,143652,30%,Q3,09-10-2020,Apple Store,28,,,,,
183533,North America,France,MacBook,7601716,9700,25%,Q3,20-12-2020,Online,20,,,,,
502252,Asia,China,Services,519447,382093,35%,Q4,12-04-2021,Apple Store,36,,,,,
146262,South America,Australia,MacBook,1142212,490851,25%,Q3,12-05-2023,Offline,44,,,,,
367178,Europe,USA,MacBook,2817247,204007,35%,Q1,27-10-2021,Apple Store,47,,,,,
778802,South America,China,MacBook,7063302,468722,25%,Q2,11-05-2022,Retail Partner,38,,,,,
554341,North America,Australia,Wearables,9082347,231127,30%,Q3,16-11-2022,Apple Store,32,,,,,
107308,Asia,Germany,Services,3868347,120334,35%,Q2,18-08-2024,E-Commerce,27,,,,,
972323,North America,France,MacBook,9232078,232704,30%,Q3,26-02-2020,Online,22,,,,,
170320,Africa,Brazil,MacBook,34984,266404,20%,Q3,12-08-2023,Online,23,,,,,
482120,South America,USA,MacBook,5833006,288622,30%,Q3,23-11-2023,E-Commerce,30,,,,,
689196,Oceania,France,iPad,8641944,378947,20%,Q1,07-08-2024,Offline,27,,,,,
542686,North America,Australia,iPad,2002932,287596,40%,Q2,01-05-2021,Offline,28,,,,,
541832,Africa,India,iPhone,8271122,405513,30%,Q1,16-05-2020,Online,21,,,,,
568331,Oceania,India,MacBook,9795616,65294,40%,Q2,12-05-2022,E-Commerce,26,,,,,
133908,North America,Australia,MacBook,2427140,322264,20%,Q1,02-05-2022,Offline,38,,,,,
490646,Africa,Japan,MacBook,474798,268714,40%,Q3,25-08-2023,Apple Store,49,,,,,
227900,North America,Germany,Wearables,8807333,240243,35%,Q3,13-01-2021,Online,25,,,,,
315050,Africa,UK,Wearables,6244896,231201,30%,Q4,22-02-2020,Offline,20,,,,,
538229,Europe,UK,iPhone,6198752,208093,20%,Q2,26-05-2024,Retail Partner,23,,,,,
579556,Oceania,Australia,Wearables,7189240,198572,25%,Q2,28-01-2022,E-Commerce,33,,,,,
665517,Europe,UK,MacBook,2108767,146354,20%,Q3,21-04-2022,Retail Partner,38,,,,,
906983,Asia,Australia,Services,8831449,121200,20%,Q2,19-01-2023,Apple Store,50,,,,,
135689,South America,Japan,Services,3897535,86621,40%,Q1,02-09-2024,Retail Partner,40,,,,,
563285,Africa,France,iPhone,2295242,400183,25%,Q1,24-11-2023,Online,31,,,,,
275694,Africa,Brazil,iPad,4044293,37280,25%,Q3,13-06-2021,Offline,43,,,,,
719288,Asia,Germany,MacBook,7193033,253554,30%,Q4,02-01-2024,Offline,42,,,,,
963372,North America,India,MacBook,5796950,445233,30%,Q3,19-01-2022,Online,34,,,,,
553498,Oceania,USA,iPad,1536195,205431,20%,Q2,15-09-2024,E-Commerce,35,,,,,
939788,North America,Brazil,MacBook,9808529,411042,20%,Q4,11-08-2022,Offline,26,,,,,
166514,Oceania,Brazil,Services,3036495,360006,35%,Q1,30-12-2020,Offline,28,,,,,
518254,North America,UK,iPad,7198985,156648,35%,Q2,27-06-2022,Online,33,,,,,
457169,Asia,Japan,Services,2946856,459025,20%,Q3,02-05-2023,Retail Partner,35,,,,,
668485,South America,Japan,MacBook,3083998,64983,35%,Q3,14-05-2021,Offline,24,,,,,
258842,North America,Germany,iPad,5963883,212205,20%,Q2,26-03-2022,E-Commerce,34,,,,,
155016,North America,Canada,iPad,5568133,466385,40%,Q3,27-08-2023,Apple Store,40,,,,,
465113,Africa,UK,iPhone,3230385,28174,35%,Q2,21-01-2022,Offline,20,,,,,
266090,Oceania,India,Services,9033818,325615,30%,Q3,26-04-2022,Online,25,,,,,
179312,Africa,France,iPhone,9762206,293391,35%,Q1,26-07-2022,Offline,34,,,,,
883842,Oceania,Canada,iPhone,4293023,304624,20%,Q3,20-04-2023,Retail Partner,27,,,,,
388663,Africa,Germany,iPhone,9284330,365240,30%,Q3,23-06-2021,Retail Partner,24,,,,,
355889,Europe,Australia,iPad,1837127,19040,40%,Q2,10-09-2020,Retail Partner,33,,,,,
225359,South America,Australia,Wearables,8967433,458133,25%,Q1,10-03-2021,Apple Store,42,,,,,
119781,Africa,Canada,iPad,5516983,458687,35%,Q3,21-04-2024,Retail Partner,40,,,,,
794470,North America,China,Wearables,8017825,78394,35%,Q1,18-02-2023,Retail Partner,25,,,,,
283537,Asia,India,Wearables,6482687,166358,20%,Q1,18-09-2020,Apple Store,36,,,,,
239407,North America,Canada,MacBook,7212514,247585,30%,Q4,12-07-2020,Retail Partner,29,,,,,
328606,North America,Canada,Services,9762912,478802,30%,Q3,24-02-2020,Offline,46,,,,,
909534,South America,Japan,Services,6182110,207016,30%,Q3,22-01-2025,Retail Partner,27,,,,,
246000,Oceania,China,Services,6317403,28630,20%,Q2,26-02-2024,Apple Store,26,,,,,
235833,Africa,USA,Wearables,5058981,424973,30%,Q3,23-06-2024,Offline,43,,,,,
387207,Asia,Japan,iPhone,4909319,7473,30%,Q2,01-09-2020,Apple Store,33,,,,,
372327,Asia,China,MacBook,7813793,408117,30%,Q3,25-05-2021,Retail Partner,48,,,,,
684526,Oceania,France,iPhone,938318,253226,30%,Q2,20-08-2020,Retail Partner,26,,,,,
166371,South America,France,iPhone,8810195,369113,20%,Q4,30-03-2020,Retail Partner,31,,,,,
492922,South America,Germany,MacBook,8117777,342044,20%,Q1,29-09-2020,E-Commerce,34,,,,,
963952,Asia,Brazil,Wearables,9114253,73906,40%,Q1,23-12-2023,Apple Store,43,,,,,
956635,Asia,Australia,iPad,7446073,148741,30%,Q3,11-06-2020,Apple Store,31,,,,,
805753,South America,Germany,iPhone,3280717,24820,40%,Q4,28-02-2021,Apple Store,27,,,,,
330230,North America,France,iPhone,752201,417219,20%,Q3,03-09-2023,Retail Partner,29,,,,,
366213,Oceania,France,Services,7727344,70732,40%,Q3,21-02-2020,Offline,39,,,,,
797732,North America,USA,MacBook,284203,283755,25%,Q3,24-04-2024,Retail Partner,33,,,,,
512555,North America,China,Wearables,5174973,397299,20%,Q3,31-08-2020,Online,30,,,,,
269685,Asia,UK,iPad,1620361,465077,20%,Q4,27-06-2024,E-Commerce,32,,,,,
563944,North America,Brazil,MacBook,332883,5329,20%,Q4,31-05-2021,Apple Store,49,,,,,
164226,North America,Japan,MacBook,628693,45328,20%,Q4,09-09-2022,Apple Store,30,,,,,
803284,North America,USA,Wearables,9954858,169967,20%,Q3,26-03-2023,Online,25,,,,,
843666,Europe,Canada,iPad,9389092,104545,25%,Q2,25-06-2020,Offline,45,,,,,
704083,Africa,UK,Wearables,4609604,370439,25%,Q2,13-04-2022,Apple Store,20,,,,,
958556,Africa,Japan,iPad,4112892,46012,30%,Q1,09-04-2022,Apple Store,27,,,,,
296340,North America,Canada,MacBook,2834886,143803,35%,Q1,26-04-2021,Online,27,,,,,
742154,Europe,Canada,iPad,3035821,396483,20%,Q3,30-06-2023,Apple Store,42,,,,,
193280,Africa,Brazil,Services,8648956,300730,40%,Q4,21-01-2023,Apple Store,29,,,,,
235338,Africa,Australia,Services,6386004,169140,30%,Q2,10-12-2022,Retail Partner,50,,,,,
171915,Africa,UK,iPhone,2932943,259468,25%,Q2,15-07-2024,Apple Store,21,,,,,
590534,Europe,India,Services,5222358,47844,20%,Q2,07-07-2020,Apple Store,27,,,,,
505961,North America,Australia,iPhone,1586531,432889,20%,Q3,08-12-2023,Apple Store,21,,,,,
127721,Oceania,Germany,Services,8779143,149503,35%,Q3,28-05-2022,Apple Store,30,,,,,
780088,Asia,France,MacBook,9463203,486768,20%,Q3,09-12-2023,E-Commerce,31,,,,,
210576,Oceania,Canada,Services,6120653,252175,30%,Q4,01-06-2023,Apple Store,44,,,,,
448418,North America,UK,Services,8252768,335666,40%,Q3,25-08-2023,Online,26,,,,,
854494,Asia,Brazil,Services,7358060,90617,20%,Q3,01-10-2023,Online,27,,,,,
166873,Asia,Australia,Services,5898034,440318,30%,Q2,08-09-2020,Retail Partner,44,,,,,
184290,Asia,Australia,Services,5709308,471869,35%,Q2,13-02-2023,Online,35,,,,,
283860,Africa,Australia,Services,9525769,185297,20%,Q1,22-03-2023,E-Commerce,33,,,,,
285945,North America,India,Wearables,7182913,477833,20%,Q1,24-09-2021,Offline,23,,,,,
764699,Oceania,India,Wearables,9853908,442337,40%,Q2,18-05-2021,Apple Store,31,,,,,
255187,Africa,Brazil,MacBook,9616486,416717,35%,Q3,23-02-2020,Apple Store,28,,,,,
645213,Asia,UK,iPhone,1707668,305094,40%,Q3,10-09-2023,E-Commerce,19,,,,,
245144,North America,USA,iPhone,7539185,264004,40%,Q2,04-10-2021,E-Commerce,22,,,,,
140385,Asia,UK,Wearables,5338722,182057,25%,Q4,08-09-2022,E-Commerce,26,,,,,
190448,Asia,Brazil,Wearables,4831736,218834,30%,Q1,04-08-2020,E-Commerce,18,,,,,
188162,Africa,China,MacBook,5554738,221785,40%,Q4,24-04-2024,Online,31,,,,,
215501,Africa,Japan,iPad,9845924,49639,20%,Q3,28-04-2020,Online,29,,,,,
661824,North America,India,Services,8570687,133080,30%,Q4,18-08-2022,Apple Store,48,,,,,
571357,South America,Germany,Wearables,6286111,113783,40%,Q1,24-12-2023,Offline,25,,,,,
824431,Asia,France,iPhone,9385301,182299,25%,Q1,05-01-2020,E-Commerce,34,,,,,
259402,North America,Germany,Services,2253328,381464,20%,Q1,06-06-2021,Online,30,,,,,
707506,Asia,Brazil,iPhone,1584483,52938,40%,Q3,10-09-2021,Apple Store,30,,,,,
324515,South America,Brazil,iPhone,6765297,105510,35%,Q4,16-04-2022,Retail Partner,22,,,,,
849771,South America,Canada,MacBook,9942979,195598,30%,Q2,04-11-2020,Retail Partner,44,,,,,
516096,Asia,Germany,Services,4550499,38735,30%,Q3,26-06-2021,E-Commerce,31,,,,,
395010,South America,Germany,iPad,1001325,417882,30%,Q3,02-08-2023,Offline,38,,,,,
709641,Asia,Australia,iPhone,9330017,256207,25%,Q4,28-01-2020,Online,18,,,,,
668086,Africa,India,iPad,9283596,224301,20%,Q2,21-11-2020,Apple Store,32,,,,,
967180,Oceania,India,MacBook,9999763,316266,30%,Q2,05-10-2022,Retail Partner,35,,,,,
991940,North America,Australia,iPad,5866147,153505,35%,Q2,16-09-2022,Online,26,,,,,
941465,Asia,France,MacBook,4465474,348869,30%,Q2,10-07-2023,Apple Store,48,,,,,
327178,South America,USA,iPad,5402280,161521,40%,Q2,08-04-2024,Online,33,,,,,
237626,North America,Canada,Services,275899,76070,40%,Q2,23-04-2022,Retail Partner,44,,,,,
852264,Asia,China,Wearables,3370963,346515,20%,Q1,19-08-2021,Retail Partner,39,,,,,
185793,Africa,India,iPhone,4555153,149038,30%,Q2,29-07-2023,Online,19,,,,,
899973,Oceania,Germany,MacBook,6980203,367783,20%,Q1,06-03-2022,Offline,40,,,,,
779120,South America,UK,Wearables,5324001,72225,30%,Q1,05-02-2022,E-Commerce,34,,,,,
753356,South America,UK,Services,9223799,499488,30%,Q4,25-12-2024,Retail Partner,42,,,,,
329938,Asia,Brazil,iPad,1919963,194042,40%,Q4,23-10-2024,Apple Store,28,,,,,
559576,Africa,India,Services,3786717,184790,30%,Q1,31-07-2020,E-Commerce,29,,,,,
290810,Asia,USA,Wearables,4690961,495588,20%,Q1,05-02-2020,Offline,23,,,,,
345039,Asia,UK,Services,5659679,100117,40%,Q3,30-12-2022,Online,26,,,,,
320008,Asia,Canada,iPad,5007810,77980,25%,Q3,19-09-2021,Online,25,,,,,
274199,Oceania,Brazil,iPhone,4894055,388942,20%,Q4,03-09-2022,Retail Partner,19,,,,,
556688,Europe,India,iPhone,5443805,414770,20%,Q1,03-07-2020,E-Commerce,18,,,,,
958647,Europe,UK,Services,800273,432933,30%,Q1,04-05-2021,E-Commerce,35,,,,,
904744,Africa,India,iPhone,1734969,295756,25%,Q1,08-10-2024,Offline,31,,,,,
782085,Asia,France,Wearables,5489860,34626,40%,Q3,20-03-2024,Online,20,,,,,
576627,Africa,India,iPad,7993851,26076,20%,Q2,09-05-2020,Retail Partner,44,,,,,
557049,South America,UK,MacBook,965648,84571,40%,Q4,16-01-2022,Retail Partner,22,,,,,
531988,South America,France,Wearables,3586446,10626,40%,Q1,19-08-2022,E-Commerce,31,,,,,
789293,North America,France,Wearables,972993,135093,30%,Q4,28-06-2021,E-Commerce,21,,,,,
689107,Oceania,India,Wearables,6843216,130850,20%,Q2,10-09-2021,Apple Store,30,,,,,
163751,Africa,Brazil,Wearables,4939614,267862,30%,Q2,10-08-2021,Offline,27,,,,,
927115,Oceania,India,Services,6595277,341835,20%,Q1,26-01-2024,E-Commerce,34,,,,,
899854,South America,Canada,Services,4318707,12035,30%,Q4,28-07-2020,Apple Store,32,,,,,
388405,North America,China,MacBook,8658075,227099,25%,Q3,14-04-2021,Online,22,,,,,
277506,Oceania,India,Wearables,787607,111499,25%,Q1,04-01-2023,Retail Partner,41,,,,,
960496,Africa,France,iPhone,8061396,226355,30%,Q4,26-10-2021,E-Commerce,28,,,,,
306980,North America,Germany,Services,2031260,272336,20%,Q1,08-05-2023,Offline,27,,,,,
310439,North America,Japan,iPad,2329020,477927,40%,Q3,26-07-2022,Apple Store,29,,,,,
168157,South America,Germany,Wearables,8983897,66514,40%,Q3,06-08-2020,Online,35,,,,,
947547,North America,USA,MacBook,7227929,347029,25%,Q4,01-02-2022,E-Commerce,20,,,,,
884100,North America,USA,iPad,3571334,159536,40%,Q2,11-02-2023,Apple Store,45,,,,,
881216,Oceania,Australia,Services,2492696,38894,25%,Q3,22-02-2023,Online,27,,,,,
201540,Oceania,Brazil,Services,4181422,440073,30%,Q4,11-02-2021,Online,28,,,,,
294693,Asia,Germany,MacBook,8871630,180002,40%,Q4,13-05-2023,Apple Store,27,,,,,
657367,North America,India,iPad,3630756,245374,30%,Q1,31-01-2022,Retail Partner,33,,,,,
265514,Asia,Germany,Services,6042988,7576,30%,Q2,13-05-2021,Offline,34,,,,,
707050,Africa,China,MacBook,3625359,472778,40%,Q4,06-07-2022,Online,35,,,,,
895853,Europe,Brazil,iPhone,1937520,264253,30%,Q1,07-08-2021,Apple Store,28,,,,,
928389,North America,India,MacBook,6927567,149101,35%,Q3,12-09-2024,Retail Partner,43,,,,,
818466,Africa,Australia,MacBook,5249956,25139,30%,Q2,19-04-2022,E-Commerce,35,,,,,
832594,South America,USA,Services,7629323,197959,35%,Q1,24-03-2024,Retail Partner,48,,,,,
856062,South America,Brazil,MacBook,7309098,485609,20%,Q1,11-09-2023,Online,18,,,,,
149525,North America,Germany,iPhone,8689052,192988,30%,Q1,09-01-2022,Retail Partner,23,,,,,
842554,North America,Germany,iPhone,8831455,42523,40%,Q3,23-04-2020,Online,31,,,,,
158239,Asia,India,MacBook,1006403,204754,20%,Q2,10-08-2023,E-Commerce,35,,,,,
107661,Europe,Germany,iPad,9540176,346135,30%,Q2,16-11-2021,Online,34,,,,,
387758,North America,Japan,iPhone,3004752,387258,20%,Q1,25-08-2022,Apple Store,26,,,,,
381219,North America,Germany,Services,2239596,130803,20%,Q2,08-08-2021,Apple Store,41,,,,,
363056,Europe,Brazil,Services,2962642,317727,30%,Q4,24-04-2020,Offline,36,,,,,
119934,Africa,India,iPhone,7684848,115168,30%,Q3,15-10-2021,Apple Store,21,,,,,
415043,Asia,India,MacBook,2773401,152917,40%,Q4,19-10-2021,Offline,42,,,,,
372638,Oceania,Japan,MacBook,3522067,186253,30%,Q1,29-09-2024,Online,30,,,,,
341574,Asia,Germany,Wearables,9272908,309882,40%,Q1,18-10-2021,Offline,25,,,,,
277646,Asia,Australia,MacBook,9723505,92900,20%,Q4,31-10-2023,Retail Partner,31,,,,,
980950,South America,Brazil,Services,6808294,255396,20%,Q3,17-05-2024,Retail Partner,41,,,,,
847085,Africa,Australia,iPhone,2911643,132509,20%,Q1,11-03-2024,E-Commerce,27,,,,,
330111,North America,USA,iPhone,2558554,484014,25%,Q3,10-09-2021,Retail Partner,29,,,,,
883698,South America,France,iPhone,1725975,142129,20%,Q4,10-08-2023,Retail Partner,28,,,,,
722538,Oceania,USA,iPad,131410,229301,25%,Q3,24-10-2021,E-Commerce,28,,,,,
596613,South America,Australia,Services,9036929,433671,40%,Q2,04-12-2022,Apple Store,43,,,,,
557119,South America,Canada,iPhone,3503284,184643,30%,Q1,11-12-2021,Offline,33,,,,,
921143,Asia,Germany,iPhone,7880449,306734,20%,Q3,12-02-2022,Offline,28,,,,,
829164,Europe,USA,Services,967148,474665,30%,Q1,29-11-2024,Retail Partner,44,,,,,
260834,South America,Brazil,Wearables,798112,152327,25%,Q4,05-09-2022,Online,29,,,,,
192722,North America,Australia,iPhone,722482,136215,40%,Q4,22-08-2023,Online,22,,,,,
166314,North America,India,iPad,9917055,30604,20%,Q1,26-07-2023,Offline,37,,,,,
352819,Oceania,UK,MacBook,6162925,133590,25%,Q4,04-02-2024,E-Commerce,20,,,,,
119603,South America,USA,MacBook,3019682,451599,30%,Q2,08-09-2022,Apple Store,21,,,,,
613869,Asia,France,Services,289924,398705,35%,Q4,15-10-2021,E-Commerce,33,,,,,
706320,Africa,UK,iPhone,4429376,131182,35%,Q1,25-04-2022,Apple Store,23,,,,,
381028,North America,Australia,Wearables,8283588,334183,30%,Q4,05-01-2023,E-Commerce,30,,,,,
590349,South America,Germany,Services,799156,320504,25%,Q2,17-06-2023,Apple Store,38,,,,,
937833,Africa,Canada,iPhone,943355,114967,30%,Q4,22-11-2024,Retail Partner,28,,,,,
495480,North America,USA,Services,2028856,436461,40%,Q2,15-06-2020,Retail Partner,38,,,,,
356973,South America,China,Services,5787441,497426,20%,Q2,07-09-2023,Online,31,,,,,
414774,Africa,USA,MacBook,7727364,402701,30%,Q4,13-06-2024,E-Commerce,34,,,,,
389236,Asia,Canada,iPhone,7587037,14445,30%,Q2,13-10-2021,Retail Partner,25,,,,,
502061,North America,USA,iPhone,2138218,401717,35%,Q3,04-04-2023,Offline,20,,,,,
766179,Europe,Japan,iPad,3440705,415876,35%,Q1,28-04-2022,Offline,40,,,,,
223158,Europe,Australia,iPad,180968,197882,25%,Q2,18-08-2023,Retail Partner,39,,,,,
805821,South America,Canada,iPad,3629751,401769,20%,Q2,31-05-2023,E-Commerce,34,,,,,
520953,South America,Brazil,Services,4055767,44861,40%,Q1,30-12-2021,Online,25,,,,,
750752,North America,UK,MacBook,3215685,207985,35%,Q3,15-07-2022,E-Commerce,25,,,,,
155420,Africa,France,Services,1524043,418434,40%,Q1,20-04-2024,E-Commerce,32,,,,,
904399,Oceania,Canada,Services,6694538,322884,40%,Q1,28-09-2020,Retail Partner,39,,,,,
801117,Asia,India,Services,8741794,239445,35%,Q2,26-04-2023,Online,27,,,,,
196898,North America,Japan,Wearables,11068,237031,40%,Q1,03-06-2024,Offline,35,,,,,
678844,North America,India,MacBook,1968539,439799,20%,Q4,26-05-2020,Offline,26,,,,,
335790,North America,Australia,MacBook,4791250,146555,30%,Q4,13-01-2022,Retail Partner,40,,,,,
694251,North America,China,MacBook,660310,313359,35%,Q2,22-03-2022,Apple Store,19,,,,,
891503,North America,Australia,iPad,5088599,78959,25%,Q4,05-03-2021,Retail Partner,28,,,,,
894507,North America,UK,iPhone,8211290,90793,30%,Q2,28-02-2023,Retail Partner,28,,,,,
805164,North America,Japan,iPad,123621,27537,20%,Q1,22-10-2021,Offline,44,,,,,
345979,Europe,UK,Wearables,2482752,102831,20%,Q1,24-01-2023,Offline,32,,,,,
197144,South America,USA,MacBook,986254,356789,30%,Q2,05-05-2022,Online,28,,,,,
802749,Oceania,Germany,MacBook,74825,401446,20%,Q1,09-02-2022,Online,23,,,,,
438123,North America,Japan,iPhone,2146273,259004,35%,Q1,14-04-2022,Retail Partner,25,,,,,
204110,Africa,UK,Wearables,624632,286643,20%,Q3,17-04-2024,Offline,33,,,,,
714274,South America,France,MacBook,2350580,113708,20%,Q3,17-07-2024,Apple Store,47,,,,,
741472,South America,France,MacBook,8549113,483129,30%,Q1,05-06-2023,Offline,34,,,,,
423977,Europe,China,Services,551701,481905,30%,Q3,12-06-2023,Apple Store,46,,,,,
724945,Africa,France,Wearables,8605058,447602,20%,Q2,28-10-2021,E-Commerce,22,,,,,
340001,North America,Canada,MacBook,9542609,438331,35%,Q4,29-10-2024,Apple Store,45,,,,,
793594,Africa,Japan,MacBook,3600102,193064,25%,Q3,23-08-2023,Retail Partner,30,,,,,
819000,North America,Australia,Services,8278632,332005,30%,Q3,12-02-2022,Online,28,,,,,
846452,Africa,UK,Services,5857393,210884,25%,Q1,30-11-2022,Online,25,,,,,
260089,Africa,Australia,iPad,9170857,393921,40%,Q2,07-01-2021,Retail Partner,33,,,,,
243183,Asia,UK,iPhone,1552394,143539,20%,Q4,29-06-2020,Offline,25,,,,,
176300,Africa,China,MacBook,4442074,197490,20%,Q3,27-05-2022,Apple Store,32,,,,,
557221,North America,France,MacBook,2139837,79854,20%,Q2,21-06-2020,Retail Partner,46,,,,,
174465,Asia,France,Wearables,7853067,229672,40%,Q4,18-05-2022,Retail Partner,35,,,,,
310806,South America,Australia,iPhone,972933,380531,35%,Q1,24-04-2022,Apple Store,32,,,,,
347709,Africa,USA,iPhone,7142795,214126,35%,Q3,18-11-2023,Apple Store,34,,,,,
612748,Asia,Japan,Wearables,4559478,21797,30%,Q2,26-02-2024,Online,23,,,,,
132583,Europe,India,iPhone,9027560,92347,20%,Q3,22-06-2023,Apple Store,34,,,,,
267071,Asia,China,iPad,7596347,483937,20%,Q1,25-03-2023,Online,26,,,,,
373479,South America,France,Wearables,755027,142296,35%,Q2,27-02-2023,Apple Store,45,,,,,
554969,Europe,Japan,iPad,5058120,155478,20%,Q4,17-03-2023,Offline,26,,,,,
802799,Oceania,Japan,Services,7949672,460733,20%,Q1,06-12-2024,Offline,32,,,,,
912652,Africa,Germany,Wearables,578560,222411,35%,Q3,04-12-2024,Offline,24,,,,,
455794,Oceania,India,iPhone,2901056,439821,30%,Q3,02-10-2023,E-Commerce,23,,,,,
831001,North America,Australia,Services,2384852,207892,20%,Q2,25-02-2022,Apple Store,30,,,,,
939232,North America,Brazil,iPad,4691059,186309,25%,Q1,01-11-2022,Offline,45,,,,,
848623,North America,USA,iPhone,7448918,273804,30%,Q2,19-02-2020,Offline,24,,,,,
605601,North America,USA,Services,6329375,325060,20%,Q4,30-04-2021,Apple Store,25,,,,,
184849,Asia,Canada,iPad,1813385,181395,30%,Q2,05-02-2024,Offline,37,,,,,
718798,Europe,UK,Wearables,6691525,378412,20%,Q4,25-10-2021,Offline,45,,,,,
521974,Oceania,Japan,MacBook,3377168,156600,35%,Q2,26-06-2020,Apple Store,45,,,,,
912101,South America,Japan,Wearables,1182538,14121,20%,Q1,11-12-2021,Online,25,,,,,
245832,Oceania,Brazil,Services,7063747,252910,30%,Q1,28-10-2023,Offline,28,,,,,
933627,Asia,China,iPhone,9184778,196986,35%,Q4,17-02-2022,Offline,33,,,,,
816703,Africa,Germany,iPad,82516,280462,20%,Q2,01-04-2023,Retail Partner,38,,,,,
539087,North America,France,iPhone,4013056,367198,20%,Q4,26-06-2024,E-Commerce,26,,,,,
639589,South America,Japan,iPhone,7283259,60989,25%,Q1,08-12-2024,Online,29,,,,,
956993,Oceania,Japan,iPad,3275252,47696,30%,Q4,19-07-2021,Online,33,,,,,
310602,Oceania,Australia,Wearables,2644691,365792,40%,Q1,17-11-2023,Online,20,,,,,
386414,South America,Australia,MacBook,3896343,274045,40%,Q1,26-06-2023,Online,32,,,,,
650802,Africa,Japan,Wearables,9814079,125896,40%,Q4,18-08-2023,Retail Partner,28,,,,,
136653,North America,Brazil,Wearables,8666633,344261,35%,Q4,04-10-2021,E-Commerce,19,,,,,
564647,Oceania,Japan,Services,7124045,199501,25%,Q1,21-03-2024,Offline,31,,,,,
719604,Europe,France,Services,2730328,440182,40%,Q1,24-03-2020,Offline,41,,,,,
650440,North America,France,iPad,2715569,355244,30%,Q3,11-02-2021,Online,33,,,,,
158215,Europe,Japan,Wearables,3433096,237588,40%,Q4,26-08-2023,Retail Partner,26,,,,,
123095,Asia,Australia,Services,9456923,180210,30%,Q1,23-06-2021,Apple Store,32,,,,,
854755,Africa,UK,iPhone,2459836,90281,35%,Q1,14-08-2020,Online,33,,,,,
928575,North America,Germany,iPhone,8954605,403648,20%,Q2,21-03-2020,Retail Partner,30,,,,,
481306,Asia,Japan,Wearables,6184631,385535,30%,Q4,25-10-2024,Online,23,,,,,
469128,South America,Germany,MacBook,2031604,48730,25%,Q2,25-04-2021,Retail Partner,48,,,,,
223328,Africa,Canada,iPad,2872507,205429,30%,Q2,26-07-2020,Retail Partner,31,,,,,
276683,Oceania,Germany,Wearables,9138475,238328,30%,Q2,20-08-2024,Offline,26,,,,,
917326,Europe,UK,MacBook,7306867,360020,25%,Q3,14-05-2024,Offline,30,,,,,
129691,South America,France,Wearables,778895,268463,25%,Q4,26-08-2022,Retail Partner,23,,,,,
435833,Africa,India,MacBook,7690039,414535,20%,Q2,04-03-2022,Retail Partner,20,,,,,
313483,North America,China,iPad,5879802,85275,30%,Q3,18-12-2020,Apple Store,33,,,,,
424241,Africa,India,iPad,3198650,365353,30%,Q2,12-08-2020,Apple Store,27,,,,,
930845,Europe,USA,iPad,5862438,460994,35%,Q2,23-01-2021,Retail Partner,42,,,,,
201970,Europe,Japan,iPhone,6723971,268542,35%,Q4,04-04-2023,Online,19,,,,,
185702,Europe,Australia,iPad,8932391,115632,30%,Q3,23-12-2020,E-Commerce,29,,,,,
851962,Europe,India,iPad,5382029,270530,20%,Q4,08-03-2024,Retail Partner,31,,,,,
537550,Europe,Australia,Wearables,4643044,193934,25%,Q3,23-08-2021,Online,20,,,,,
803621,North America,UK,iPad,8130690,279343,20%,Q4,07-02-2024,Apple Store,42,,,,,
641491,North America,India,iPad,6201981,101518,25%,Q3,13-09-2020,Online,32,,,,,
130639,South America,India,iPhone,1654426,175365,20%,Q1,13-04-2023,Offline,31,,,,,
466908,North America,Brazil,Services,2263023,384766,25%,Q4,27-07-2020,Online,28,,,,,
999488,Europe,UK,iPad,1076001,8513,20%,Q4,19-11-2021,Offline,27,,,,,
280963,Europe,France,Wearables,7575070,6859,30%,Q1,22-09-2020,Retail Partner,35,,,,,
323545,North America,Canada,Wearables,7339353,70896,40%,Q1,05-11-2024,Apple Store,25,,,,,
956072,Asia,Canada,Services,4573502,252329,25%,Q3,19-04-2020,Apple Store,43,,,,,
418990,Africa,France,Services,7089887,470397,20%,Q2,24-01-2025,Retail Partner,27,,,,,
470848,Africa,UK,Services,3051031,339372,40%,Q1,27-01-2020,Offline,49,,,,,
499319,Africa,Brazil,Services,1857954,390788,40%,Q3,03-09-2020,Offline,42,,,,,
467048,Africa,Germany,iPad,5225490,238541,20%,Q4,25-09-2020,Apple Store,42,,,,,
694740,North America,Australia,MacBook,240471,471217,30%,Q1,06-11-2022,E-Commerce,22,,,,,
309065,Oceania,Australia,Services,6016786,254655,35%,Q4,06-12-2023,Offline,46,,,,,
853037,North America,China,iPhone,8476489,316304,35%,Q4,04-06-2023,Apple Store,34,,,,,
452238,North America,Japan,Wearables,5492492,462377,30%,Q1,18-06-2024,Offline,38,,,,,
962831,North America,UK,iPad,5454818,411949,20%,Q2,28-11-2023,Apple Store,44,,,,,
537430,Asia,Australia,Services,1976479,240763,40%,Q4,27-06-2024,Online,31,,,,,
291792,North America,France,Wearables,1211994,57964,20%,Q4,09-01-2021,Retail Partner,40,,,,,
261950,Africa,Japan,iPad,7903798,452207,30%,Q4,24-03-2022,Online,30,,,,,
319924,North America,Australia,iPad,4763022,432882,40%,Q4,19-11-2023,E-Commerce,35,,,,,
539757,Africa,Japan,Wearables,9262917,234411,25%,Q4,09-06-2020,Retail Partner,21,,,,,
853642,North America,Canada,iPad,7786100,164398,30%,Q2,24-01-2023,E-Commerce,32,,,,,
575674,Europe,Germany,Services,7157043,494606,25%,Q1,11-08-2020,Retail Partner,35,,,,,
752397,North America,Canada,MacBook,5370840,467648,20%,Q2,29-05-2021,E-Commerce,19,,,,,
176444,Oceania,India,Services,7533010,192634,20%,Q4,02-01-2021,Offline,33,,,,,
343491,Europe,Japan,MacBook,5151861,141043,30%,Q3,22-06-2022,E-Commerce,31,,,,,
618278,Europe,USA,Services,6876174,478010,20%,Q2,12-07-2021,E-Commerce,33,,,,,
625515,Asia,China,Services,2387916,241690,30%,Q3,22-05-2023,E-Commerce,26,,,,,
705270,South America,Japan,iPad,2915340,322840,40%,Q2,19-02-2020,Retail Partner,37,,,,,
520513,Africa,France,iPhone,9240831,292287,35%,Q1,28-05-2023,Apple Store,19,,,,,
359135,North America,UK,iPad,4264463,295595,20%,Q4,08-06-2023,Online,29,,,,,
551399,Oceania,USA,MacBook,6030934,385576,40%,Q3,21-10-2020,Offline,30,,,,,
904286,South America,Brazil,iPhone,1544267,143696,30%,Q4,23-02-2020,Retail Partner,19,,,,,
477638,Africa,China,MacBook,4743520,14073,30%,Q4,29-03-2023,Retail Partner,29,,,,,
130243,Asia,Brazil,Wearables,8166773,227364,25%,Q2,12-10-2022,E-Commerce,19,,,,,
427932,South America,Australia,iPhone,1095208,479835,30%,Q4,15-05-2023,E-Commerce,30,,,,,
387077,North America,China,iPhone,3098192,274100,25%,Q2,08-03-2023,Retail Partner,34,,,,,
351912,South America,Japan,iPad,258103,32393,20%,Q1,14-02-2020,Retail Partner,36,,,,,
980999,Asia,Germany,Wearables,1595252,431527,40%,Q2,04-04-2024,Offline,22,,,,,
878595,Oceania,UK,Wearables,85534,57923,40%,Q2,21-05-2023,Apple Store,18,,,,,
154753,North America,USA,Services,4504422,316118,25%,Q1,26-02-2024,E-Commerce,30,,,,,
613440,Europe,China,iPad,6976442,326871,30%,Q3,16-09-2024,Apple Store,31,,,,,
291260,Asia,India,Services,4093364,294767,20%,Q2,29-06-2024,Apple Store,39,,,,,
514948,South America,USA,Wearables,6256921,145930,40%,Q2,01-07-2022,E-Commerce,28,,,,,
576850,Asia,USA,iPad,9724196,86713,30%,Q2,30-10-2022,Apple Store,41,,,,,
526902,Oceania,Brazil,Wearables,6862765,220383,20%,Q3,18-06-2024,E-Commerce,25,,,,,
344644,North America,USA,Services,8945350,472482,30%,Q2,09-11-2023,Retail Partner,29,,,,,
790571,North America,China,Services,8183622,111734,30%,Q3,24-06-2024,Online,27,,,,,
394421,Oceania,Brazil,iPad,6342225,112259,25%,Q1,10-11-2021,E-Commerce,26,,,,,
361653,North America,China,iPad,1979223,213964,30%,Q3,18-12-2021,E-Commerce,29,,,,,
365486,Oceania,Japan,Services,378859,98748,20%,Q1,09-04-2023,Online,35,,,,,
475625,North America,India,iPhone,3208419,241219,40%,Q2,06-06-2021,Retail Partner,24,,,,,
432286,North America,Brazil,MacBook,7413291,349987,20%,Q1,11-04-2020,Offline,33,,,,,
199080,Europe,Germany,iPad,5453653,396455,35%,Q1,17-01-2021,Apple Store,41,,,,,
157391,Asia,Japan,iPad,4649386,205917,30%,Q3,02-09-2023,Offline,27,,,,,
441640,Europe,Brazil,iPad,6279444,351381,35%,Q1,27-10-2022,Apple Store,30,,,,,
761358,North America,Brazil,MacBook,372655,326903,40%,Q3,11-09-2023,Offline,49,,,,,
187639,North America,USA,MacBook,6579519,492637,20%,Q3,27-06-2023,Apple Store,26,,,,,
686979,North America,Canada,Wearables,95297,459936,20%,Q3,20-07-2024,E-Commerce,25,,,,,
827216,Africa,Canada,iPhone,4166946,55382,35%,Q1,28-05-2021,Retail Partner,26,,,,,
118409,North America,Japan,Services,6064272,235323,30%,Q2,18-03-2024,Retail Partner,38,,,,,
577658,South America,Brazil,iPad,6512070,228391,20%,Q1,01-07-2024,Offline,44,,,,,
251450,North America,Canada,iPad,7151777,330464,30%,Q3,03-07-2021,Offline,41,,,,,
503482,Oceania,India,iPhone,5788870,384597,20%,Q4,17-08-2021,Apple Store,34,,,,,
731201,North America,Australia,iPhone,2192919,460900,30%,Q1,17-09-2021,Offline,29,,,,,
195129,North America,France,Wearables,3927527,354950,30%,Q4,05-11-2022,Offline,42,,,,,
868581,South America,USA,Wearables,9804297,56030,40%,Q3,04-06-2020,Apple Store,20,,,,,
364384,North America,China,Wearables,7377545,415460,25%,Q1,30-10-2024,E-Commerce,23,,,,,
275237,Asia,Brazil,MacBook,8945120,243269,40%,Q1,06-05-2024,Offline,46,,,,,
254380,South America,France,iPhone,7146704,63462,30%,Q1,29-11-2022,Retail Partner,28,,,,,
334410,North America,Brazil,iPad,7031280,422350,30%,Q1,14-11-2021,E-Commerce,35,,,,,
501720,Asia,Japan,Wearables,6646307,439632,25%,Q4,01-12-2023,Apple Store,29,,,,,
879423,North America,Canada,Wearables,3872491,278395,20%,Q4,07-09-2023,Retail Partner,24,,,,,
605814,North America,UK,Wearables,3743300,244844,25%,Q1,24-12-2023,E-Commerce,33,,,,,
350925,Europe,UK,Wearables,7848385,285933,30%,Q2,05-07-2022,Apple Store,33,,,,,
266110,North America,UK,MacBook,8223295,6349,40%,Q3,22-08-2021,Offline,31,,,,,
697178,Oceania,USA,iPhone,9456520,294868,40%,Q4,14-12-2021,E-Commerce,19,,,,,
530483,North America,Brazil,Services,2892124,323920,40%,Q1,15-12-2023,E-Commerce,33,,,,,
489247,Europe,UK,iPad,577547,64621,20%,Q4,29-10-2023,E-Commerce,28,,,,,
591046,Asia,Brazil,Services,3497708,118482,35%,Q3,25-02-2024,Retail Partner,41,,,,,
861954,Oceania,UK,MacBook,7283590,22265,35%,Q1,19-07-2021,Retail Partner,24,,,,,
594206,North America,China,Services,6623784,171280,20%,Q3,02-03-2024,Retail Partner,35,,,,,
183357,Europe,UK,iPad,7262522,444534,30%,Q1,17-07-2020,E-Commerce,25,,,,,
437931,North America,Japan,MacBook,8125774,443234,40%,Q1,09-08-2022,Apple Store,30,,,,,
692005,North America,France,Services,3965888,228789,30%,Q1,07-07-2024,Offline,44,,,,,
332721,Europe,Canada,Wearables,9226834,314351,20%,Q2,23-04-2022,Online,22,,,,,
627751,Europe,India,MacBook,4278153,216994,25%,Q3,21-01-2021,Online,30,,,,,
517886,Europe,France,MacBook,2462415,457104,20%,Q2,30-09-2023,Offline,31,,,,,
765506,Europe,UK,iPad,3840728,249605,20%,Q4,03-01-2025,Apple Store,42,,,,,
304631,Africa,India,iPhone,1066700,454217,30%,Q4,08-10-2022,Offline,26,,,,,
476533,North America,Canada,Services,1521118,493893,25%,Q3,21-11-2023,Apple Store,31,,,,,
215241,Oceania,Germany,iPhone,6958966,96690,35%,Q3,11-08-2021,E-Commerce,24,,,,,
114943,North America,UK,iPad,2747305,142762,30%,Q4,20-03-2024,Offline,33,,,,,
550598,Asia,USA,iPad,6103161,286283,20%,Q3,06-03-2024,Online,30,,,,,
733321,North America,Japan,iPad,5788558,73595,25%,Q1,17-09-2024,Retail Partner,41,,,,,
628571,North America,Canada,Services,2058971,157952,20%,Q1,06-09-2021,Online,33,,,,,
892668,Oceania,UK,Services,4651407,477681,35%,Q4,15-12-2022,Offline,42,,,,,
527521,North America,India,Wearables,1737499,411908,25%,Q2,15-02-2021,Offline,18,,,,,
566200,Oceania,India,Services,4877591,472247,20%,Q3,12-03-2021,E-Commerce,31,,,,,
389877,Africa,UK,iPad,2735013,102200,40%,Q3,30-04-2020,Retail Partner,45,,,,,
395272,South America,India,Wearables,7115778,416388,30%,Q4,19-07-2020,Online,28,,,,,
169280,Oceania,France,iPhone,2603633,12516,30%,Q3,16-04-2021,Offline,31,,,,,
532969,South America,Brazil,Wearables,2227398,191659,20%,Q2,14-11-2022,Retail Partner,39,,,,,
109306,Oceania,Japan,iPhone,1355464,162296,35%,Q4,25-02-2022,Retail Partner,31,,,,,
560847,North America,Brazil,iPad,6326813,409536,20%,Q3,30-10-2020,Online,27,,,,,
706838,North America,Australia,Wearables,4133151,182898,40%,Q4,28-10-2024,Retail Partner,43,,,,,
566456,Europe,France,MacBook,1377435,257531,25%,Q4,29-07-2020,Online,35,,,,,
709240,Europe,Brazil,Wearables,1760953,226689,20%,Q2,24-02-2023,Retail Partner,21,,,,,
132176,North America,USA,iPhone,5168112,196495,20%,Q1,12-01-2025,Online,25,,,,,
952275,Asia,India,Services,9077386,402652,20%,Q2,13-12-2021,Offline,44,,,,,
922327,North America,Australia,Wearables,159978,373723,30%,Q3,19-08-2022,Offline,45,,,,,
226919,South America,China,Services,556589,154080,20%,Q1,19-07-2023,E-Commerce,25,,,,,
282414,South America,France,Services,4228421,25292,20%,Q1,22-06-2024,Retail Partner,28,,,,,
588530,Africa,Germany,Wearables,8847201,78890,20%,Q2,21-09-2024,Apple Store,20,,,,,
311098,Europe,Australia,Services,6755103,275848,25%,Q1,13-10-2022,Retail Partner,36,,,,,
217272,North America,Japan,Wearables,5476766,81149,30%,Q4,24-05-2023,Offline,36,,,,,
909831,North America,UK,Services,2653088,360661,25%,Q1,17-11-2022,Online,27,,,,,
156277,Africa,Australia,iPad,3688737,162723,20%,Q3,18-11-2020,Offline,41,,,,,
154909,Asia,UK,Wearables,9248922,86953,20%,Q2,30-04-2022,Apple Store,26,,,,,
236766,North America,China,MacBook,5565251,423194,30%,Q3,10-10-2021,Apple Store,31,,,,,
737491,South America,Japan,Wearables,9604116,50727,40%,Q2,08-02-2023,Offline,44,,,,,
562704,Africa,Canada,MacBook,7862582,30570,30%,Q4,07-05-2023,Retail Partner,46,,,,,
110541,North America,Germany,iPad,5319139,106789,20%,Q4,04-07-2021,Online,31,,,,,
186473,North America,USA,iPad,2161453,146514,30%,Q4,19-06-2024,Retail Partner,35,,,,,
985732,Asia,Germany,Wearables,2579788,440718,40%,Q3,02-04-2020,Offline,44,,,,,
220370,Europe,Brazil,Services,4531216,172992,20%,Q2,01-05-2023,Retail Partner,25,,,,,
734236,Oceania,France,iPad,5167047,283247,30%,Q4,13-02-2023,Apple Store,36,,,,,
233552,Oceania,China,Wearables,2464437,195711,40%,Q1,12-01-2022,E-Commerce,33,,,,,
784588,South America,France,Wearables,5819781,156614,35%,Q2,15-10-2024,Offline,42,,,,,
265155,North America,Australia,MacBook,550094,63056,30%,Q1,01-03-2025,Offline,46,,,,,
649588,Africa,Brazil,MacBook,8094578,481779,30%,Q3,03-12-2020,Online,28,,,,,
169990,North America,Australia,Services,4384789,43264,30%,Q3,07-03-2022,Online,29,,,,,
823763,North America,Germany,MacBook,3312518,357543,30%,Q4,26-01-2023,Offline,41,,,,,
989706,North America,Germany,MacBook,2564119,329660,40%,Q4,10-04-2022,Offline,45,,,,,
972557,Oceania,India,MacBook,6960390,239659,20%,Q3,26-11-2021,Offline,27,,,,,
312490,South America,Germany,Wearables,9239702,139391,20%,Q4,24-09-2024,Offline,29,,,,,
656339,Oceania,USA,iPad,8351370,431913,20%,Q3,07-10-2021,Apple Store,25,,,,,
114619,South America,USA,Wearables,6886441,25816,35%,Q1,20-12-2024,Offline,39,,,,,
181449,Oceania,India,iPad,5617553,49016,25%,Q3,17-07-2023,Retail Partner,27,,,,,
880291,Oceania,Australia,Services,1808791,100595,40%,Q3,24-05-2023,Online,28,,,,,
411844,North America,Japan,iPad,9349614,242339,40%,Q2,28-11-2024,Offline,37,,,,,
368759,Asia,China,Services,8668281,488308,40%,Q2,06-06-2020,Apple Store,50,,,,,
405231,Oceania,China,Services,2520684,139423,20%,Q2,30-10-2024,Retail Partner,50,,,,,
233981,Asia,France,Wearables,2471498,231919,30%,Q2,04-10-2023,E-Commerce,21,,,,,
514476,North America,France,Services,6902374,221474,25%,Q3,15-10-2020,E-Commerce,33,,,,,
983980,Oceania,USA,iPad,7673603,228547,30%,Q1,20-04-2021,Online,26,,,,,
892369,Europe,China,iPad,2516329,47500,40%,Q3,10-03-2020,Online,25,,,,,
116616,Asia,Canada,iPad,4061604,233738,30%,Q1,17-02-2024,Apple Store,30,,,,,
535907,North America,India,Services,4646319,40706,30%,Q2,29-12-2023,E-Commerce,34,,,,,
229557,Asia,Germany,Services,2031801,227177,30%,Q2,26-08-2020,Offline,46,,,,,
660423,Africa,Canada,Services,6453027,304519,40%,Q2,16-07-2021,Online,28,,,,,
455803,North America,Germany,iPad,257474,71648,25%,Q4,18-05-2022,Offline,45,,,,,
512740,Europe,Canada,iPad,6224856,139957,40%,Q4,14-01-2021,E-Commerce,30,,,,,
168048,South America,Canada,iPhone,9138671,326413,30%,Q4,18-07-2023,Online,28,,,,,
591774,North America,USA,Services,7045237,150979,30%,Q1,15-05-2020,Offline,39,,,,,
325608,Europe,UK,iPad,4237765,279522,20%,Q2,25-07-2020,Online,27,,,,,
416718,North America,Australia,iPad,7889975,160687,25%,Q2,05-03-2023,Apple Store,27,,,,,
299710,North America,France,iPhone,1904201,433714,25%,Q4,31-08-2024,E-Commerce,27,,,,,
438333,North America,USA,Services,3611402,295157,40%,Q3,05-01-2022,Retail Partner,43,,,,,
777500,Oceania,Australia,Wearables,996980,56271,40%,Q3,27-05-2024,Online,27,,,,,
469355,North America,France,iPad,2206012,322186,20%,Q4,14-11-2023,Online,26,,,,,
862482,North America,Australia,Wearables,5305045,302226,30%,Q2,13-11-2023,Offline,36,,,,,
569350,Europe,India,iPhone,5987649,160870,40%,Q2,30-07-2020,E-Commerce,27,,,,,
408863,North America,Canada,iPhone,5948868,423348,40%,Q2,21-07-2020,Online,29,,,,,
587094,Oceania,China,MacBook,6200710,465004,40%,Q3,07-06-2024,Retail Partner,27,,,,,
609394,North America,Japan,Wearables,8758219,224129,30%,Q1,30-06-2024,Online,32,,,,,
347615,Europe,Japan,MacBook,4541769,235348,30%,Q3,30-10-2021,Apple Store,27,,,,,
581195,North America,France,Wearables,3649944,437992,30%,Q3,28-10-2024,E-Commerce,21,,,,,
131860,Europe,China,iPad,6158971,418074,20%,Q4,22-02-2022,Online,28,,,,,
481616,Europe,India,iPhone,2065729,26752,30%,Q1,26-01-2022,E-Commerce,29,,,,,
900672,North America,Germany,Wearables,6078213,112979,30%,Q3,10-01-2024,Retail Partner,45,,,,,
166560,Europe,Australia,Services,320264,18548,30%,Q2,19-09-2024,Retail Partner,33,,,,,
454865,Europe,Germany,iPad,559549,7433,25%,Q2,07-12-2024,Offline,38,,,,,
836015,Europe,Canada,MacBook,1436001,58889,40%,Q3,16-08-2024,Retail Partner,45,,,,,
356145,Europe,Australia,Wearables,2255504,238437,20%,Q1,19-08-2022,E-Commerce,22,,,,,
103025,Asia,USA,iPad,9753559,62674,40%,Q2,29-07-2023,Offline,44,,,,,
653980,North America,France,MacBook,735663,3026,35%,Q4,23-03-2023,Apple Store,37,,,,,
709155,North America,USA,iPad,3023144,289452,35%,Q2,06-02-2022,Apple Store,36,,,,,
960694,North America,Japan,iPad,8170757,61260,40%,Q3,13-10-2024,Offline,43,,,,,
344166,Europe,China,Services,3934294,122211,20%,Q3,14-09-2023,E-Commerce,26,,,,,
736770,Oceania,China,Wearables,4476769,263214,40%,Q1,29-01-2022,Online,19,,,,,
657337,North America,Japan,Services,1782204,212505,40%,Q4,19-05-2023,Apple Store,48,,,,,
826974,North America,Australia,Wearables,2162123,290599,40%,Q1,13-04-2020,Apple Store,32,,,,,
291424,Europe,India,iPad,952772,436730,20%,Q1,17-03-2022,Online,25,,,,,
574088,Europe,France,iPad,2555312,322469,30%,Q2,30-05-2022,Online,30,,,,,
762757,Oceania,China,iPad,4654318,131144,20%,Q4,25-11-2020,E-Commerce,27,,,,,
367599,Europe,Brazil,Wearables,9981571,166375,30%,Q2,29-08-2022,Retail Partner,37,,,,,
509989,Europe,Australia,Wearables,2368465,284433,20%,Q2,29-11-2020,E-Commerce,23,,,,,
891235,Europe,Germany,Services,7181534,410270,30%,Q1,11-01-2023,E-Commerce,28,,,,,
373366,South America,Germany,iPad,4173931,483017,40%,Q2,17-02-2021,Offline,29,,,,,
747080,Europe,India,MacBook,4426260,259599,35%,Q2,13-12-2021,E-Commerce,26,,,,,
123623,Europe,Australia,Wearables,8170697,293333,40%,Q1,20-04-2021,Offline,22,,,,,
489943,South America,Canada,Services,3020028,119234,20%,Q3,17-06-2022,E-Commerce,27,,,,,
951573,Oceania,USA,Services,738448,247844,40%,Q3,26-08-2023,E-Commerce,31,,,,,
382782,Europe,Germany,iPhone,3492376,125298,20%,Q4,22-02-2022,Online,26,,,,,
574433,Europe,Canada,iPhone,6734888,39606,20%,Q4,19-05-2024,Retail Partner,33,,,,,
427343,Asia,France,Wearables,7760779,399483,40%,Q3,03-02-2023,Offline,18,,,,,
890209,Africa,Germany,iPad,6874805,263872,30%,Q2,07-06-2020,Offline,40,,,,,
599428,South America,Japan,Wearables,41235,16159,35%,Q2,28-02-2020,Apple Store,27,,,,,
798748,North America,Brazil,Wearables,5644482,372787,30%,Q3,17-02-2024,Online,21,,,,,
852565,Oceania,USA,Wearables,3833432,8338,35%,Q3,11-11-2023,Offline,25,,,,,
906869,Africa,UK,Wearables,1052025,54457,30%,Q4,10-03-2022,Online,19,,,,,
153292,Africa,China,iPhone,847453,336030,25%,Q4,23-06-2020,E-Commerce,33,,,,,
546541,Oceania,Japan,Wearables,3021321,166578,35%,Q2,18-02-2024,Apple Store,31,,,,,
697775,North America,Brazil,iPad,6918554,324074,40%,Q4,19-06-2023,Apple Store,30,,,,,
973755,North America,Canada,iPad,6533137,413157,30%,Q4,16-10-2021,Online,28,,,,,
314855,Europe,Brazil,Wearables,6738869,68535,20%,Q1,10-05-2022,Retail Partner,21,,,,,
945135,Africa,China,iPhone,2404367,258687,20%,Q3,24-03-2021,Apple Store,34,,,,,
436173,North America,USA,Wearables,7855683,95818,30%,Q2,14-10-2021,Retail Partner,33,,,,,
940966,North America,USA,iPhone,5763477,375598,40%,Q1,21-01-2021,Offline,21,,,,,
336523,South America,Germany,iPhone,2893473,326475,40%,Q4,24-05-2020,E-Commerce,33,,,,,
867333,Asia,France,iPad,2545222,426282,40%,Q2,07-03-2023,Retail Partner,43,,,,,
301594,North America,Brazil,iPhone,3736464,175404,40%,Q3,27-06-2021,Offline,27,,,,,
825735,Oceania,Canada,Wearables,6912284,400758,20%,Q4,25-07-2022,E-Commerce,31,,,,,
567476,North America,UK,Services,8280353,73939,40%,Q3,11-11-2024,Online,27,,,,,
723606,North America,China,Wearables,824232,406298,20%,Q2,26-01-2024,Offline,31,,,,,
829531,North America,Australia,iPad,9802764,360694,30%,Q1,12-01-2024,Online,29,,,,,
873798,North America,Canada,iPhone,2999094,149861,20%,Q4,09-02-2020,Retail Partner,33,,,,,
940054,Oceania,Germany,iPad,1577846,410181,40%,Q3,23-05-2020,Online,30,,,,,
612594,Oceania,Australia,iPad,1198837,164182,25%,Q4,11-02-2023,E-Commerce,28,,,,,
151269,Europe,Brazil,MacBook,4290923,148232,20%,Q1,01-05-2020,Retail Partner,48,,,,,
851111,Asia,USA,Wearables,3905828,263442,20%,Q3,28-01-2023,Retail Partner,34,,,,,
198367,Asia,Canada,Wearables,1888559,282057,20%,Q2,22-05-2022,Offline,45,,,,,
278566,North America,Brazil,iPad,9258990,298730,35%,Q1,04-05-2021,E-Commerce,30,,,,,
171476,Africa,Canada,iPhone,5231551,249570,40%,Q1,20-02-2020,E-Commerce,26,,,,,
964129,North America,Japan,MacBook,8660350,330119,30%,Q3,13-10-2024,E-Commerce,19,,,,,
245668,Asia,UK,Services,2024203,160285,30%,Q1,11-02-2020,E-Commerce,27,,,,,
414601,South America,India,MacBook,1247608,228463,20%,Q4,18-11-2023,Apple Store,47,,,,,
453189,Asia,Canada,iPad,8058419,362509,30%,Q4,27-08-2023,Retail Partner,33,,,,,
195088,Africa,Japan,Services,2228262,284992,20%,Q4,27-11-2023,E-Commerce,33,,,,,
112112,North America,India,Wearables,650039,258168,40%,Q4,12-12-2023,Retail Partner,22,,,,,
914845,Oceania,Australia,Wearables,9825112,466873,30%,Q1,26-04-2023,E-Commerce,20,,,,,
514513,Asia,Germany,iPhone,4061997,57558,20%,Q4,13-09-2022,Offline,27,,,,,
688156,North America,Australia,iPad,1409411,362294,30%,Q3,06-01-2024,Offline,32,,,,,
460899,Europe,USA,iPad,9736786,424055,30%,Q3,15-03-2022,Apple Store,45,,,,,
908951,North America,Canada,iPad,8513016,361049,25%,Q3,26-08-2022,Offline,43,,,,,
616049,Asia,Canada,iPad,7700080,373842,30%,Q1,27-10-2022,Offline,25,,,,,
824123,Europe,China,iPad,6970788,239650,35%,Q2,22-05-2022,Retail Partner,35,,,,,
684060,North America,Canada,Wearables,8379287,401626,30%,Q3,29-11-2023,Retail Partner,30,,,,,
165523,South America,Australia,Services,5965174,312464,30%,Q1,26-02-2021,Online,27,,,,,
778786,South America,Canada,Wearables,9814271,140686,20%,Q2,05-06-2022,E-Commerce,24,,,,,
227494,North America,Japan,Services,1347785,40770,30%,Q1,17-07-2024,Online,29,,,,,
474702,Europe,India,MacBook,7832168,86498,40%,Q2,11-07-2024,Retail Partner,47,,,,,
426658,South America,Japan,MacBook,8420619,247112,25%,Q2,24-02-2023,E-Commerce,32,,,,,
950019,Europe,Japan,iPad,8923205,48620,20%,Q1,07-08-2024,Retail Partner,35,,,,,
432522,North America,France,Wearables,1947807,409507,30%,Q4,09-09-2021,Offline,29,,,,,
381292,Europe,UK,iPad,5331315,223782,35%,Q3,05-12-2023,Retail Partner,40,,,,,
792676,Africa,China,iPad,2971499,245013,30%,Q4,13-03-2023,Online,35,,,,,
693798,North America,Canada,iPad,2972396,4919,30%,Q4,11-09-2020,Apple Store,25,,,,,
572927,North America,Canada,MacBook,2693406,121584,20%,Q4,06-06-2024,Online,34,,,,,
373046,North America,USA,iPad,4231515,49901,30%,Q2,06-08-2021,Offline,41,,,,,
542017,North America,India,Services,3194970,257533,40%,Q3,25-04-2021,Apple Store,50,,,,,
270097,Asia,Germany,iPhone,8283619,156979,35%,Q2,07-04-2020,Online,20,,,,,
355046,Asia,Canada,Wearables,7193191,180578,35%,Q2,12-12-2022,E-Commerce,27,,,,,
499336,Asia,Germany,Wearables,1897986,214814,20%,Q3,26-07-2024,Retail Partner,37,,,,,
734675,North America,France,Services,8840437,367001,40%,Q3,22-11-2021,Retail Partner,49,,,,,
877811,North America,China,Services,6462856,140349,40%,Q4,01-04-2020,Apple Store,45,,,,,
157003,South America,Germany,Services,7591685,199539,30%,Q3,05-01-2023,Retail Partner,34,,,,,
196519,Europe,China,iPhone,2131239,427687,20%,Q2,10-12-2023,Retail Partner,21,,,,,
530125,South America,China,Wearables,9325372,345526,40%,Q3,28-04-2022,Offline,33,,,,,
370918,South America,China,iPad,8064425,353763,30%,Q3,15-12-2020,Apple Store,38,,,,,
260349,Oceania,France,iPhone,9419511,85660,35%,Q4,09-07-2024,Retail Partner,26,,,,,
579884,South America,Brazil,MacBook,7080274,107260,40%,Q3,12-05-2022,Retail Partner,45,,,,,
362113,South America,China,MacBook,8171795,216500,30%,Q3,04-03-2020,Apple Store,35,,,,,
199519,Asia,USA,iPad,4148240,492655,25%,Q3,09-03-2023,E-Commerce,31,,,,,
139473,Asia,India,Wearables,8403790,238658,30%,Q3,20-01-2023,Online,33,,,,,
795817,South America,France,MacBook,7667257,411795,40%,Q1,29-08-2022,E-Commerce,24,,,,,
456904,Oceania,India,Services,2406633,267966,25%,Q1,26-04-2022,E-Commerce,31,,,,,
579187,North America,Germany,MacBook,1269380,378476,40%,Q3,04-06-2020,Apple Store,18,,,,,
455123,South America,Australia,Services,9029684,84398,30%,Q4,24-09-2022,Apple Store,33,,,,,
380450,North America,Japan,Services,6250213,240810,20%,Q2,19-12-2020,Offline,40,,,,,
245845,Oceania,India,MacBook,7962111,142636,30%,Q4,14-12-2020,Online,20,,,,,
292610,North America,France,Wearables,212089,278215,40%,Q2,13-05-2024,E-Commerce,32,,,,,
764658,South America,UK,Wearables,297023,99423,40%,Q3,25-01-2021,Retail Partner,20,,,,,
204784,North America,India,MacBook,3602354,266448,35%,Q3,21-06-2021,Offline,26,,,,,
135812,Africa,Japan,iPhone,3836732,15053,30%,Q1,04-05-2021,Apple Store,20,,,,,
733075,North America,France,iPad,5698594,141154,35%,Q3,06-01-2025,Retail Partner,25,,,,,
703815,South America,Canada,iPad,5674091,28469,30%,Q2,14-03-2021,Retail Partner,37,,,,,
347620,North America,UK,iPhone,9322898,304239,20%,Q2,11-06-2024,Apple Store,34,,,,,
975098,North America,Japan,MacBook,1605507,415646,30%,Q2,18-02-2024,Apple Store,33,,,,,
730906,North America,Germany,MacBook,8140950,210739,40%,Q1,04-04-2022,Offline,38,,,,,
203076,Europe,Canada,Wearables,3424347,326885,30%,Q2,25-01-2021,Offline,44,,,,,
854379,Asia,France,iPhone,5820535,235041,35%,Q4,05-01-2025,Apple Store,27,,,,,
494374,Europe,India,Wearables,5590591,217476,35%,Q3,28-10-2021,Retail Partner,37,,,,,
310058,North America,Brazil,iPad,8288076,59037,35%,Q3,01-03-2020,Apple Store,36,,,,,
548614,Europe,India,Services,7368659,68085,20%,Q3,19-04-2024,Online,33,,,,,
555043,South America,Canada,MacBook,537629,302125,30%,Q4,26-01-2021,Apple Store,43,,,,,
983281,Oceania,Canada,MacBook,9165938,302853,40%,Q4,09-05-2023,Apple Store,47,,,,,
972441,Europe,UK,Wearables,3978849,342199,20%,Q4,16-04-2024,Apple Store,43,,,,,
289587,North America,China,Wearables,2297884,397359,25%,Q3,19-08-2020,Retail Partner,33,,,,,
118695,North America,Japan,MacBook,5168713,430578,35%,Q4,09-01-2021,E-Commerce,18,,,,,
629505,South America,Germany,Wearables,7369034,202117,20%,Q2,07-09-2020,Retail Partner,24,,,,,
737957,Asia,UK,iPhone,9951450,479879,20%,Q1,07-06-2020,Retail Partner,20,,,,,
658566,Africa,UK,Services,4850372,249194,35%,Q4,28-11-2022,Apple Store,45,,,,,
163703,North America,Brazil,iPad,5975091,234849,20%,Q3,26-07-2024,Offline,32,,,,,
700427,South America,Brazil,iPhone,5616719,119269,20%,Q1,22-09-2024,Apple Store,32,,,,,
418987,South America,Japan,MacBook,910234,464843,30%,Q4,07-05-2020,Retail Partner,49,,,,,
414596,Oceania,Brazil,Wearables,3882168,324057,20%,Q2,02-08-2021,Online,28,,,,,
777597,Asia,Germany,iPhone,3374737,195656,20%,Q1,26-07-2021,E-Commerce,25,,,,,
239465,Asia,Australia,MacBook,2872281,452516,20%,Q2,17-08-2022,Offline,32,,,,,
399960,Oceania,USA,iPad,9401520,271952,20%,Q1,19-04-2021,Online,28,,,,,
627919,Oceania,Germany,Wearables,8320602,459033,40%,Q1,01-12-2025,Retail Partner,39,,,,,
377310,Africa,UK,iPhone,4440705,330246,20%,Q1,05-12-2024,Retail Partner,30,,,,,
866919,North America,USA,iPad,8792481,116412,30%,Q1,30-08-2024,Retail Partner,27,,,,,
720135,Europe,Brazil,Wearables,9748971,400397,35%,Q1,21-04-2021,Offline,35,,,,,
426854,North America,Japan,MacBook,5176772,42907,25%,Q2,07-12-2021,Apple Store,26,,,,,
261176,Oceania,UK,MacBook,5853891,232359,35%,Q4,16-09-2021,Apple Store,43,,,,,
148750,Europe,UK,MacBook,8066120,410329,40%,Q1,07-08-2024,Online,18,,,,,
282040,North America,UK,iPhone,4164175,61386,35%,Q1,28-10-2023,Apple Store,27,,,,,
464827,North America,Canada,iPhone,2040515,100220,30%,Q2,30-10-2021,Online,19,,,,,
909658,Asia,Brazil,iPad,5226976,410573,20%,Q2,23-10-2022,Apple Store,30,,,,,
656698,South America,USA,iPhone,7942058,370515,20%,Q3,27-05-2023,Offline,27,,,,,
986520,South America,UK,Wearables,9812997,113740,30%,Q1,01-09-2021,Apple Store,40,,,,,
883721,Africa,France,iPad,6448062,458368,40%,Q4,09-04-2024,E-Commerce,27,,,,,
719675,Europe,Japan,iPad,3417108,210463,35%,Q3,16-01-2022,Retail Partner,37,,,,,
760376,Europe,Japan,Services,2448127,101415,30%,Q3,17-12-2023,Offline,42,,,,,
472690,North America,France,Services,5843397,317850,30%,Q1,12-09-2023,Apple Store,42,,,,,
681241,Oceania,Germany,Wearables,7743887,93316,20%,Q1,18-04-2023,Retail Partner,43,,,,,
490138,South America,Germany,MacBook,732918,49970,30%,Q1,14-08-2022,Apple Store,27,,,,,
732930,Africa,France,Services,5991801,492741,25%,Q1,04-10-2022,Offline,33,,,,,
899693,North America,Australia,Wearables,1871124,396962,30%,Q4,05-04-2024,Apple Store,37,,,,,
841390,North America,Canada,iPad,4338653,234682,35%,Q4,19-09-2020,Online,27,,,,,
358209,Africa,Japan,iPhone,2739780,384302,20%,Q2,29-02-2024,Offline,25,,,,,
113437,Oceania,USA,iPhone,7828797,421029,25%,Q3,14-09-2021,E-Commerce,24,,,,,
739351,Africa,France,MacBook,8030945,75878,30%,Q2,19-07-2023,Online,32,,,,,
287608,North America,Japan,iPhone,694691,478797,35%,Q1,14-09-2021,Offline,29,,,,,
503752,Africa,Canada,iPad,9792540,278587,35%,Q1,21-11-2021,E-Commerce,29,,,,,
206738,Europe,Brazil,iPad,1272139,389485,20%,Q2,05-06-2023,Offline,43,,,,,
714262,Europe,Brazil,iPad,9725932,192287,35%,Q2,20-02-2020,Retail Partner,29,,,,,
643440,South America,Brazil,Wearables,9192668,454467,35%,Q4,18-11-2024,Retail Partner,20,,,,,
783956,Asia,India,Services,2270520,234225,35%,Q4,26-05-2024,Online,30,,,,,
185115,Africa,Brazil,iPhone,5284072,358323,25%,Q1,26-12-2021,Retail Partner,18,,,,,
738928,Europe,Australia,iPhone,5863091,258371,40%,Q3,25-12-2022,Offline,29,,,,,
189872,Asia,France,iPhone,5752870,415853,40%,Q1,15-06-2022,Online,25,,,,,
351165,Oceania,Japan,Wearables,5608703,193994,35%,Q1,18-04-2023,Retail Partner,22,,,,,
402889,North America,India,iPad,4051135,27807,20%,Q1,22-07-2023,Apple Store,41,,,,,
591877,South America,France,iPhone,6757935,87305,25%,Q1,25-11-2024,Online,31,,,,,
561965,Africa,UK,Services,5176383,180097,35%,Q1,10-08-2024,Apple Store,43,,,,,
662295,South America,Japan,iPhone,808147,47226,40%,Q3,25-03-2020,E-Commerce,25,,,,,
867859,Asia,India,MacBook,1319566,297574,40%,Q2,29-11-2021,Offline,40,,,,,
887744,Europe,UK,Wearables,7738562,265580,25%,Q1,30-03-2023,Apple Store,44,,,,,
129675,North America,Australia,Services,1009604,49560,20%,Q3,18-06-2021,Offline,39,,,,,
376395,Asia,Canada,iPad,3920135,98070,20%,Q4,05-11-2020,Retail Partner,26,,,,,
272673,Europe,Canada,iPhone,85555,35391,20%,Q4,15-05-2021,Retail Partner,18,,,,,
918853,North America,China,iPhone,6335020,357122,30%,Q3,23-04-2021,E-Commerce,20,,,,,
921852,South America,Brazil,MacBook,372111,298388,30%,Q1,16-08-2020,Retail Partner,25,,,,,
826868,South America,Brazil,MacBook,9182969,160634,20%,Q1,28-08-2020,Retail Partner,27,,,,,
628830,North America,Germany,iPhone,5597328,88450,30%,Q1,25-05-2024,Online,25,,,,,
909489,Oceania,Japan,MacBook,2423761,208507,30%,Q1,04-02-2022,Apple Store,28,,,,,
754630,Oceania,India,Services,768620,313307,20%,Q3,16-08-2024,E-Commerce,30,,,,,
729047,South America,Canada,iPad,8792821,24967,30%,Q3,06-05-2022,E-Commerce,29,,,,,
877245,Oceania,China,iPhone,6986809,351070,40%,Q1,03-08-2022,Apple Store,27,,,,,
572864,North America,UK,MacBook,8531311,456482,35%,Q1,29-12-2020,Apple Store,20,,,,,
691705,North America,Australia,Wearables,7575840,361594,30%,Q2,30-03-2020,Retail Partner,24,,,,,
133711,Europe,Germany,Wearables,3710671,423392,40%,Q1,30-11-2020,E-Commerce,33,,,,,
635734,North America,USA,iPhone,4956642,257875,30%,Q3,10-09-2022,Offline,33,,,,,
219985,Europe,Canada,iPhone,1004204,265028,35%,Q1,27-10-2023,E-Commerce,34,,,,,
987897,North America,Australia,iPad,5570109,433284,25%,Q2,09-11-2024,Online,29,,,,,
283953,Europe,China,Wearables,3964499,369756,30%,Q3,29-03-2020,Online,18,,,,,
344173,Africa,Australia,MacBook,8810972,421236,20%,Q4,21-09-2020,Apple Store,23,,,,,
553672,Europe,Canada,Wearables,9601360,8855,40%,Q3,26-05-2024,Offline,21,,,,,
475114,North America,India,Wearables,1544381,146501,25%,Q2,12-04-2021,Retail Partner,33,,,,,
644348,South America,France,Wearables,5464567,248330,25%,Q3,16-10-2020,Offline,21,,,,,
467438,North America,UK,MacBook,9424028,243823,20%,Q4,03-06-2020,Retail Partner,35,,,,,
184551,Oceania,Canada,Wearables,8539785,490448,30%,Q1,16-07-2024,Offline,43,,,,,
126941,Africa,Canada,Wearables,5730400,18160,40%,Q2,04-01-2024,Retail Partner,25,,,,,
562118,Asia,Japan,iPhone,4670106,149326,30%,Q4,02-03-2020,Online,33,,,,,
190295,Africa,India,MacBook,1749652,54006,30%,Q3,01-04-2023,Offline,22,,,,,
476415,Asia,UK,Services,1200077,101785,30%,Q1,22-11-2020,E-Commerce,33,,,,,
244698,Asia,France,Services,1172535,290339,35%,Q4,16-03-2024,Offline,43,,,,,
438386,Europe,India,Wearables,6142839,275058,35%,Q1,23-03-2022,Retail Partner,40,,,,,
558198,Asia,Germany,iPhone,68255,168887,25%,Q1,04-12-2021,E-Commerce,33,,,,,
997867,South America,Germany,MacBook,4248596,350049,35%,Q2,21-09-2024,E-Commerce,18,,,,,
661786,North America,Japan,iPhone,4977000,470504,25%,Q4,29-11-2022,Apple Store,21,,,,,
660241,Oceania,Japan,Services,7615064,336901,25%,Q2,05-04-2023,Online,26,,,,,
254888,Oceania,Japan,iPad,562700,202116,20%,Q1,02-09-2020,Offline,35,,,,,
189117,Africa,USA,MacBook,6471453,117125,30%,Q3,28-07-2024,Offline,21,,,,,
141829,Oceania,Germany,MacBook,3912665,172421,40%,Q2,04-02-2024,Apple Store,26,,,,,
792280,Asia,France,iPhone,8031407,98083,25%,Q1,16-07-2021,Apple Store,22,,,,,
644434,Oceania,Australia,iPhone,6823229,472699,40%,Q2,03-09-2021,Retail Partner,26,,,,,
541402,North America,Canada,iPad,4615032,60961,25%,Q3,15-07-2021,Apple Store,45,,,,,
158756,South America,UK,Services,4461036,258035,30%,Q1,05-04-2020,Retail Partner,30,,,,,
834061,Africa,USA,Services,2483022,233887,20%,Q1,24-05-2024,Apple Store,31,,,,,
914406,North America,Japan,iPad,8971617,306076,30%,Q4,01-08-2024,Apple Store,40,,,,,
362856,North America,China,iPhone,2729202,149238,25%,Q1,30-09-2021,Online,29,,,,,
186711,North America,Australia,iPad,6260810,477176,40%,Q3,21-09-2022,Offline,27,,,,,
695079,Africa,Canada,MacBook,5776949,147236,20%,Q1,03-02-2024,E-Commerce,34,,,,,
754748,Asia,Australia,iPad,8623344,380796,30%,Q2,02-08-2021,Retail Partner,38,,,,,
525619,North America,USA,Wearables,8349641,330910,40%,Q4,19-04-2024,Online,22,,,,,
480150,Europe,India,Services,7096465,132942,30%,Q1,17-06-2020,Apple Store,35,,,,,
901007,Asia,Canada,iPhone,8825146,259767,20%,Q4,02-02-2021,Apple Store,23,,,,,
864181,Asia,Canada,Wearables,2126440,171534,20%,Q1,06-08-2024,Online,29,,,,,
533538,Europe,France,MacBook,443484,147964,20%,Q3,19-12-2021,E-Commerce,33,,,,,
325310,North America,India,MacBook,710406,118862,30%,Q3,18-05-2020,Apple Store,49,,,,,
254809,Europe,China,MacBook,5716812,42637,30%,Q1,15-08-2020,Retail Partner,32,,,,,
323974,North America,China,Services,1080123,131590,20%,Q3,13-03-2022,Offline,37,,,,,
516958,Europe,Japan,MacBook,3927519,443250,30%,Q2,26-09-2023,E-Commerce,28,,,,,
338235,Africa,India,Wearables,5563304,481704,40%,Q2,17-07-2021,Online,34,,,,,
462335,Asia,China,iPhone,5883580,276759,20%,Q4,23-07-2021,Apple Store,21,,,,,
805341,South America,Canada,Wearables,320553,30640,35%,Q1,15-01-2024,Retail Partner,28,,,,,
269758,Africa,India,MacBook,8705892,149370,30%,Q4,26-11-2020,Apple Store,36,,,,,
181167,Africa,Japan,Services,8663838,148526,25%,Q3,10-08-2024,Online,30,,,,,
839144,Oceania,USA,iPhone,1450583,368058,30%,Q2,27-08-2022,Online,25,,,,,
255705,North America,Japan,iPhone,5861123,439740,25%,Q1,28-11-2024,E-Commerce,22,,,,,
614549,South America,China,Services,8946032,143630,40%,Q1,22-08-2023,E-Commerce,35,,,,,
532226,Europe,Canada,Wearables,4736733,395748,20%,Q1,18-10-2023,E-Commerce,35,,,,,
240646,North America,USA,iPhone,3034487,204891,35%,Q1,21-02-2021,E-Commerce,18,,,,,
618456,Europe,India,Services,5969017,183094,35%,Q4,27-05-2021,Apple Store,46,,,,,
345486,North America,Australia,MacBook,4640918,3993,25%,Q4,14-07-2024,Apple Store,45,,,,,
715897,Oceania,UK,Wearables,4527643,173012,25%,Q2,17-03-2024,Retail Partner,43,,,,,
918574,Europe,USA,Wearables,1736655,152198,35%,Q3,14-03-2024,Offline,32,,,,,
464371,North America,Brazil,MacBook,9996727,411803,40%,Q3,25-08-2023,Retail Partner,40,,,,,
915783,Asia,Australia,iPhone,9782061,349050,30%,Q3,13-10-2021,Apple Store,34,,,,,
481382,Oceania,Germany,MacBook,2395800,268924,30%,Q4,21-06-2020,Online,29,,,,,
239187,North America,USA,MacBook,7507464,267263,20%,Q2,12-12-2023,Apple Store,27,,,,,
469673,Asia,Brazil,iPhone,5359288,215236,30%,Q2,16-02-2020,Online,34,,,,,
873853,South America,UK,Wearables,5482820,67508,25%,Q1,26-11-2023,E-Commerce,18,,,,,
895346,North America,France,Wearables,6614792,168250,40%,Q2,05-01-2024,Online,29,,,,,
215873,North America,France,iPad,5753467,476003,20%,Q2,30-12-2020,Retail Partner,32,,,,,
808839,Europe,China,Wearables,8752379,490588,25%,Q4,17-10-2024,Apple Store,24,,,,,
964486,North America,UK,Services,8922783,123464,20%,Q4,19-04-2020,Apple Store,32,,,,,
391187,Asia,Germany,iPhone,6036038,333966,30%,Q2,12-11-2021,Retail Partner,33,,,,,
245070,Africa,Japan,MacBook,8590753,428466,20%,Q4,21-09-2020,Online,21,,,,,
326115,North America,UK,Services,2633128,364573,30%,Q1,28-07-2024,Retail Partner,44,,,,,
625515,Oceania,Australia,Wearables,9645002,191811,30%,Q2,24-10-2020,Offline,43,,,,,
518554,South America,Canada,MacBook,3175728,173205,20%,Q3,19-09-2020,Online,32,,,,,
343721,North America,Australia,MacBook,2954460,26011,30%,Q4,01-12-2024,Online,19,,,,,
141481,Oceania,Brazil,Wearables,4116798,312268,25%,Q2,20-10-2021,Online,27,,,,,
500610,South America,Australia,Wearables,427318,172490,30%,Q2,09-06-2022,E-Commerce,27,,,,,
955094,Oceania,Japan,iPhone,2392871,369326,40%,Q4,25-10-2023,Offline,22,,,,,
129480,Asia,India,iPad,8794416,473135,35%,Q1,04-06-2024,Retail Partner,42,,,,,
632596,North America,UK,Services,2508027,229738,20%,Q2,19-11-2020,Online,32,,,,,
929158,Africa,USA,Wearables,4966852,83555,20%,Q1,02-01-2025,Online,26,,,,,
810416,Europe,Japan,Wearables,6806534,484733,20%,Q1,04-06-2024,Offline,27,,,,,
330927,North America,UK,Services,6710611,437046,30%,Q1,19-11-2023,Online,25,,,,,
927598,Europe,Australia,Wearables,4747339,349405,30%,Q1,05-11-2022,Online,21,,,,,
952671,Europe,UK,MacBook,5449334,445101,20%,Q3,26-01-2024,Offline,37,,,,,
693370,North America,Brazil,iPhone,6669185,425993,30%,Q2,06-07-2020,Offline,29,,,,,
314332,South America,Australia,MacBook,2287034,138227,25%,Q2,19-10-2022,E-Commerce,23,,,,,
705691,North America,France,Wearables,1283050,217892,30%,Q1,12-03-2024,Offline,20,,,,,
714268,Asia,Canada,MacBook,2316582,425432,25%,Q3,24-06-2023,Online,33,,,,,
538772,Europe,Germany,Services,4206210,292651,35%,Q1,12-09-2023,Online,30,,,,,
596567,Oceania,Germany,Services,9105635,94793,30%,Q2,02-11-2021,Offline,47,,,,,
693851,North America,USA,Services,4058035,320152,35%,Q2,01-03-2023,Online,26,,,,,
728261,North America,Japan,iPad,547297,316032,40%,Q4,16-03-2022,Retail Partner,37,,,,,
746511,North America,Brazil,Services,3853407,32895,25%,Q4,16-07-2024,Apple Store,39,,,,,
625209,Europe,UK,iPhone,8038595,159312,20%,Q3,12-04-2023,Retail Partner,30,,,,,
273978,Europe,India,MacBook,3241845,404643,25%,Q4,27-06-2022,Retail Partner,37,,,,,
274214,North America,France,iPhone,2324028,358621,25%,Q4,21-06-2023,Retail Partner,31,,,,,
578616,South America,Germany,iPad,6766866,149176,30%,Q4,02-12-2024,E-Commerce,34,,,,,
751789,Africa,India,Wearables,1108335,71284,40%,Q4,06-09-2023,Online,22,,,,,
975426,North America,Brazil,Services,4063531,415612,30%,Q3,16-08-2024,Retail Partner,35,,,,,
980306,North America,Australia,MacBook,1563002,228385,25%,Q1,19-12-2024,E-Commerce,33,,,,,
521438,South America,Australia,iPhone,8670582,109968,40%,Q2,09-09-2023,E-Commerce,29,,,,,
825466,Africa,UK,MacBook,505657,395391,35%,Q4,08-10-2024,Retail Partner,18,,,,,
608932,Europe,UK,iPad,4566145,56019,20%,Q1,03-03-2022,Offline,32,,,,,
620637,Asia,Japan,MacBook,2378847,433189,30%,Q4,20-04-2022,Apple Store,49,,,,,
889800,South America,UK,iPad,9911282,295980,20%,Q1,13-03-2024,Online,31,,,,,
245223,Africa,Japan,iPad,3872561,447825,40%,Q2,20-01-2021,Retail Partner,28,,,,,
626586,Asia,Canada,iPad,7219889,161399,40%,Q1,15-11-2023,Offline,35,,,,,
831248,North America,Japan,Services,1582623,334614,20%,Q4,28-06-2024,Retail Partner,39,,,,,
626837,North America,Australia,iPhone,1758771,395682,40%,Q2,18-12-2024,Online,25,,,,,
156634,South America,India,iPhone,2630626,302432,40%,Q2,11-11-2024,E-Commerce,30,,,,,
265949,Asia,India,iPhone,9424642,315626,30%,Q1,01-07-2024,Apple Store,19,,,,,
437805,North America,Australia,iPhone,7605835,362275,25%,Q4,18-10-2021,Offline,18,,,,,
839957,Europe,India,MacBook,1210738,92415,30%,Q2,09-12-2020,Offline,38,,,,,
384640,South America,China,MacBook,1390455,240606,30%,Q4,03-06-2020,Apple Store,27,,,,,
442559,South America,India,MacBook,6308635,45391,20%,Q1,22-08-2024,E-Commerce,21,,,,,
794994,Asia,India,MacBook,1176235,375350,20%,Q1,25-09-2021,Apple Store,28,,,,,
614148,Europe,Japan,MacBook,5986112,172585,40%,Q1,23-12-2022,Apple Store,32,,,,,
576420,North America,UK,iPad,1023405,497414,20%,Q3,19-07-2020,Apple Store,29,,,,,
295563,Asia,UK,MacBook,5464053,241388,40%,Q1,08-10-2023,E-Commerce,31,,,,,
955211,North America,India,Wearables,2640520,449618,20%,Q3,02-01-2021,E-Commerce,31,,,,,
280733,North America,Canada,MacBook,1696852,363920,30%,Q1,05-03-2024,Online,24,,,,,
201983,North America,India,MacBook,6890910,129710,20%,Q3,07-09-2024,Online,22,,,,,
200821,Africa,Germany,Services,206603,132224,20%,Q1,05-09-2024,Apple Store,25,,,,,
991968,Africa,UK,iPhone,4725757,216821,35%,Q3,10-02-2022,E-Commerce,30,,,,,
367465,North America,UK,iPad,5231147,322856,20%,Q1,27-11-2020,Offline,39,,,,,
435153,North America,Germany,iPad,6263842,321358,30%,Q1,24-11-2022,E-Commerce,32,,,,,
398439,South America,Japan,iPad,7678050,75017,25%,Q1,10-02-2022,E-Commerce,33,,,,,
551567,Oceania,Canada,Services,9554629,42203,20%,Q4,25-04-2023,Apple Store,41,,,,,
619359,Oceania,Japan,iPad,2007712,187637,20%,Q4,21-09-2023,Apple Store,45,,,,,
484298,North America,UK,iPad,6591816,346123,25%,Q1,25-02-2023,Retail Partner,30,,,,,
115927,Africa,China,iPhone,1522563,177699,20%,Q2,31-12-2023,Online,34,,,,,
951037,North America,USA,MacBook,3518128,49714,30%,Q2,17-07-2022,Apple Store,23,,,,,
899702,Europe,Japan,Services,8490519,494245,20%,Q2,29-06-2024,Retail Partner,32,,,,,
714087,North America,Australia,Services,6937093,221380,20%,Q2,21-01-2023,Online,25,,,,,
194144,South America,India,Services,1873132,381905,25%,Q2,04-04-2020,Online,27,,,,,
563514,North America,Canada,iPhone,7645403,28984,35%,Q3,10-02-2024,Apple Store,26,,,,,
431923,Asia,Brazil,iPhone,3119651,377379,30%,Q3,28-08-2024,Retail Partner,21,,,,,
694011,Africa,Canada,MacBook,1784105,390803,25%,Q2,05-02-2024,Online,31,,,,,
809803,Europe,Brazil,Services,6720732,312079,25%,Q1,15-05-2024,E-Commerce,31,,,,,
732408,North America,USA,MacBook,8796444,134617,30%,Q3,03-10-2023,Offline,18,,,,,
885378,Oceania,Australia,iPhone,7047446,234960,30%,Q3,14-05-2023,E-Commerce,29,,,,,
607919,Oceania,USA,Services,7654186,133335,20%,Q2,11-10-2022,Offline,39,,,,,
633157,North America,Canada,Services,3166867,134547,40%,Q2,29-04-2021,Apple Store,39,,,,,
730500,South America,China,MacBook,486637,271691,25%,Q4,20-11-2024,Retail Partner,28,,,,,
789269,North America,USA,Wearables,1587045,389642,40%,Q2,01-09-2022,Retail Partner,23,,,,,
219728,North America,China,Services,3404106,469599,20%,Q2,09-02-2022,Offline,35,,,,,
933332,Asia,Germany,Wearables,7831021,162159,20%,Q4,23-12-2022,Apple Store,18,,,,,
205018,South America,China,Wearables,4941278,178957,30%,Q2,16-11-2020,Offline,36,,,,,
434769,Europe,Brazil,iPhone,7839758,404447,20%,Q1,24-08-2020,Apple Store,21,,,,,
262487,South America,USA,MacBook,8500019,121447,35%,Q2,29-02-2024,Offline,19,,,,,
621121,Europe,China,MacBook,8888599,360247,35%,Q1,11-08-2024,Offline,46,,,,,
789508,North America,Brazil,iPhone,1478432,243454,25%,Q3,09-04-2021,E-Commerce,27,,,,,
827365,South America,UK,MacBook,395026,77373,30%,Q2,12-10-2021,Online,32,,,,,
594445,Europe,China,iPhone,2021833,69997,30%,Q4,14-03-2020,Apple Store,19,,,,,
366504,North America,Japan,Wearables,6679698,81421,35%,Q2,25-08-2022,Online,21,,,,,
356693,North America,China,Services,5244448,99849,40%,Q2,16-10-2023,Offline,33,,,,,
670769,Africa,France,MacBook,4039016,119440,30%,Q2,29-03-2024,Offline,28,,,,,
847444,South America,Brazil,MacBook,7978224,374063,40%,Q1,19-06-2024,Offline,30,,,,,
793537,Asia,Australia,Services,5080757,319581,20%,Q1,06-02-2024,Apple Store,35,,,,,
438452,North America,Canada,MacBook,2010312,430235,20%,Q1,17-12-2023,Offline,19,,,,,
941268,Europe,China,iPad,7496243,283915,20%,Q2,06-07-2021,Apple Store,40,,,,,
727707,Oceania,China,MacBook,4995042,447329,40%,Q1,30-05-2020,Retail Partner,43,,,,,
364714,North America,France,iPhone,3238845,54458,40%,Q4,03-12-2024,Offline,20,,,,,
126403,Asia,Brazil,Wearables,9797101,41204,20%,Q3,13-12-2022,Apple Store,30,,,,,
995351,Oceania,UK,iPad,3528983,210341,25%,Q2,20-01-2022,Retail Partner,25,,,,,
448515,Oceania,Canada,iPad,9733513,104056,25%,Q2,19-02-2020,E-Commerce,28,,,,,
539723,South America,China,MacBook,5725935,122721,25%,Q2,08-11-2024,Offline,39,,,,,
226109,South America,China,iPhone,8491559,454170,35%,Q1,14-11-2022,E-Commerce,22,,,,,
946031,Asia,UK,iPhone,1324507,286946,20%,Q2,29-03-2024,Apple Store,23,,,,,
839949,Africa,France,iPhone,5688238,177577,40%,Q4,24-01-2021,Apple Store,29,,,,,
366666,North America,UK,Wearables,3966340,166533,40%,Q4,02-11-2022,Retail Partner,36,,,,,
663388,Africa,Germany,iPad,1440053,84634,20%,Q3,16-07-2023,Apple Store,37,,,,,
129089,Asia,India,iPad,8949979,282738,30%,Q2,08-12-2021,Retail Partner,37,,,,,
723777,South America,Canada,iPhone,1357169,497957,35%,Q4,16-02-2020,E-Commerce,22,,,,,
555927,Oceania,Brazil,Wearables,2315730,292816,30%,Q2,02-01-2024,Online,22,,,,,
960397,Africa,USA,Wearables,8450297,487912,25%,Q2,09-11-2022,Offline,21,,,,,
997025,Europe,Germany,MacBook,8906441,4572,25%,Q4,13-09-2023,Offline,26,,,,,
694649,Asia,Australia,Services,6363289,30711,25%,Q2,27-06-2022,Retail Partner,32,,,,,
271650,North America,Japan,MacBook,9463557,498680,35%,Q3,12-11-2023,E-Commerce,18,,,,,
289740,Africa,Canada,Wearables,3166014,92368,40%,Q3,12-01-2025,Offline,30,,,,,
290982,South America,Australia,Wearables,3800306,190908,35%,Q2,13-04-2021,E-Commerce,27,,,,,
223329,South America,Japan,iPhone,9598292,492518,40%,Q3,25-05-2021,Online,31,,,,,
843534,South America,USA,Wearables,332004,498055,20%,Q2,17-05-2020,Retail Partner,23,,,,,
130093,North America,Japan,Services,158447,199778,20%,Q1,25-04-2021,Apple Store,48,,,,,
277523,South America,China,Services,1119699,75206,30%,Q4,25-06-2023,Online,30,,,,,
898543,Oceania,Japan,iPhone,7970121,379563,25%,Q3,10-01-2021,Offline,27,,,,,
234129,North America,UK,MacBook,3806400,469848,20%,Q3,03-05-2024,Offline,48,,,,,
480103,North America,USA,iPhone,9904014,293510,20%,Q1,17-12-2024,Retail Partner,34,,,,,
838592,Africa,Canada,Services,5489975,366838,20%,Q1,11-06-2023,Offline,27,,,,,
394607,Africa,China,Wearables,6864217,284200,30%,Q3,17-11-2021,Online,22,,,,,
915510,Oceania,Japan,Services,3333011,484582,30%,Q2,24-10-2022,Apple Store,48,,,,,
525265,Asia,UK,iPad,7789412,463710,30%,Q1,05-05-2022,Online,33,,,,,
324865,North America,Japan,Services,1244753,392281,40%,Q1,16-06-2022,E-Commerce,31,,,,,
408996,North America,France,Wearables,7764509,111676,30%,Q4,26-01-2023,Apple Store,44,,,,,
732664,Europe,Brazil,Wearables,2224412,11565,40%,Q1,13-08-2020,Online,33,,,,,
378750,North America,Japan,iPad,7032698,419794,40%,Q1,13-05-2024,E-Commerce,34,,,,,
275803,North America,UK,MacBook,2127567,284773,40%,Q3,03-02-2021,Online,23,,,,,
475608,Oceania,China,iPhone,7239413,113561,30%,Q4,17-02-2023,Online,27,,,,,
202018,Asia,China,Wearables,7762394,237770,20%,Q2,02-03-2021,Retail Partner,31,,,,,
299972,North America,UK,Wearables,5198472,327571,30%,Q3,20-10-2020,Offline,38,,,,,
302815,South America,Canada,iPad,8715958,49887,40%,Q1,07-08-2020,E-Commerce,35,,,,,
343153,Oceania,India,Services,9202073,131191,25%,Q2,07-11-2023,Online,26,,,,,
831982,Africa,Brazil,Services,889548,94253,20%,Q3,25-04-2021,E-Commerce,33,,,,,
204391,Asia,China,Services,8248277,276621,30%,Q4,21-06-2020,E-Commerce,31,,,,,
405693,Asia,UK,iPhone,125789,162143,20%,Q4,01-09-2021,Retail Partner,31,,,,,
314201,Asia,Canada,MacBook,815198,37245,40%,Q4,16-09-2020,E-Commerce,31,,,,,
648781,Oceania,USA,MacBook,4057267,372883,25%,Q3,09-11-2024,Online,29,,,,,
436442,South America,Japan,MacBook,3483242,407997,40%,Q1,11-11-2023,Offline,45,,,,,
876458,North America,France,Wearables,7008103,398325,35%,Q2,01-07-2025,Retail Partner,40,,,,,
198377,Africa,UK,Services,9919870,71799,40%,Q1,09-11-2020,E-Commerce,34,,,,,
383808,Africa,UK,Services,496530,371248,40%,Q4,13-07-2021,E-Commerce,31,,,,,
692865,South America,USA,iPad,5976212,7532,25%,Q3,28-10-2022,Online,26,,,,,
592906,Asia,Brazil,Wearables,3568045,155036,30%,Q3,16-08-2021,Retail Partner,45,,,,,
525147,Asia,Canada,Services,3083106,98760,40%,Q1,17-10-2021,E-Commerce,29,,,,,
638067,Europe,Brazil,Wearables,1829112,266666,20%,Q2,04-10-2023,Offline,21,,,,,
416605,Africa,USA,iPad,278169,262680,35%,Q4,30-05-2022,Offline,25,,,,,
226147,Africa,UK,MacBook,2284172,170382,20%,Q1,12-09-2020,Retail Partner,26,,,,,
536109,Asia,France,Services,701081,388540,20%,Q4,10-06-2022,Retail Partner,45,,,,,
826589,North America,China,Wearables,4400775,476370,40%,Q3,14-10-2020,Online,32,,,,,
515471,Oceania,France,iPhone,8892927,240603,20%,Q1,08-07-2024,Apple Store,34,,,,,
213553,North America,Germany,Services,3483114,346727,20%,Q3,10-01-2024,Retail Partner,46,,,,,
439418,Asia,UK,MacBook,2066983,350607,30%,Q2,22-09-2024,Apple Store,28,,,,,
332475,South America,France,MacBook,9749337,81269,30%,Q4,24-02-2024,Offline,25,,,,,
760636,North America,France,MacBook,1622637,14759,30%,Q4,03-08-2020,E-Commerce,22,,,,,
247621,Oceania,Japan,MacBook,2550393,413275,30%,Q2,22-01-2023,Retail Partner,41,,,,,
122253,South America,Germany,Wearables,6750265,18117,30%,Q2,18-05-2021,Apple Store,37,,,,,
711515,South America,India,Services,3378399,152726,30%,Q2,24-01-2021,Online,32,,,,,
748750,Africa,Japan,MacBook,9571378,233732,20%,Q2,19-09-2023,Online,30,,,,,
442782,Europe,China,Wearables,6370150,243735,40%,Q4,10-09-2024,Offline,37,,,,,
109150,Asia,Japan,iPad,7189801,325398,40%,Q4,12-08-2020,Online,34,,,,,
991506,South America,Brazil,iPhone,4070053,94439,40%,Q2,31-01-2020,Retail Partner,29,,,,,
684218,North America,Japan,iPhone,1970765,59392,30%,Q2,18-04-2022,Offline,26,,,,,
106409,Europe,France,iPhone,368080,257899,30%,Q3,06-01-2020,Offline,20,,,,,
525399,North America,Australia,MacBook,8617161,338451,40%,Q4,12-09-2024,Offline,36,,,,,
597209,South America,Canada,iPhone,7775680,253024,20%,Q4,23-10-2021,Apple Store,18,,,,,
174079,Africa,Brazil,iPhone,9138086,455301,20%,Q2,05-04-2022,Online,32,,,,,
497440,Oceania,Australia,iPad,3006576,204058,25%,Q4,01-09-2023,Offline,32,,,,,
827834,Africa,USA,iPad,6382015,474681,20%,Q1,07-05-2021,Offline,42,,,,,
400775,Oceania,Germany,Services,6468088,269557,30%,Q4,12-05-2021,Retail Partner,46,,,,,
657738,Oceania,Germany,Services,4602530,98347,40%,Q4,29-12-2024,Retail Partner,48,,,,,
618001,Asia,Canada,iPad,3051015,310683,35%,Q4,09-03-2024,Retail Partner,25,,,,,
468006,Africa,Canada,Wearables,868765,79982,20%,Q1,26-06-2021,Retail Partner,18,,,,,
523075,Africa,USA,Wearables,4597436,437196,30%,Q2,25-01-2023,Offline,25,,,,,
331978,North America,Japan,iPhone,5927682,459345,30%,Q2,06-10-2020,Offline,28,,,,,
203429,Oceania,France,Wearables,2574949,118226,30%,Q2,03-01-2022,Online,18,,,,,
198203,Oceania,Germany,MacBook,6758761,299425,40%,Q1,24-09-2020,Offline,41,,,,,
676152,North America,UK,iPad,3470741,445141,30%,Q3,28-09-2021,Offline,44,,,,,
633265,Asia,China,Services,644859,137759,35%,Q4,09-05-2021,Online,32,,,,,
555886,North America,Brazil,Wearables,808837,117061,20%,Q1,03-07-2021,E-Commerce,25,,,,,
558109,Asia,France,iPhone,9456212,466590,40%,Q3,04-09-2020,Offline,28,,,,,
342364,Africa,Germany,Wearables,1989535,2602,20%,Q3,14-08-2024,Online,18,,,,,
724222,Asia,France,iPad,6911518,269940,40%,Q1,03-12-2023,Retail Partner,28,,,,,
270513,North America,Canada,MacBook,8603163,302214,30%,Q3,27-07-2022,Apple Store,19,,,,,
182476,Africa,Germany,iPhone,1204143,100143,40%,Q3,11-07-2022,Online,29,,,,,
172057,Europe,Brazil,iPhone,6548653,79357,35%,Q2,23-10-2022,E-Commerce,25,,,,,
694422,Asia,UK,Services,9313164,188973,25%,Q3,13-10-2020,E-Commerce,34,,,,,
919358,North America,Canada,MacBook,5595070,211072,30%,Q2,24-03-2023,Offline,29,,,,,
530438,Africa,Japan,MacBook,2390336,78938,30%,Q4,30-01-2023,E-Commerce,25,,,,,
272401,South America,France,iPhone,5234832,393710,30%,Q1,27-02-2022,E-Commerce,26,,,,,
175980,South America,Australia,MacBook,6828709,400904,40%,Q1,25-11-2024,Retail Partner,18,,,,,
936287,Oceania,Japan,MacBook,5546049,188655,40%,Q3,03-11-2023,Offline,19,,,,,
110297,North America,UK,Wearables,4213752,130801,30%,Q4,23-05-2024,E-Commerce,19,,,,,
751831,Asia,USA,iPad,2224067,266575,35%,Q3,13-06-2023,Retail Partner,33,,,,,
552662,South America,France,iPhone,1691923,128402,30%,Q4,23-12-2020,Online,18,,,,,
634477,Africa,France,Wearables,3759939,295654,40%,Q1,14-01-2022,Offline,42,,,,,
104304,North America,UK,iPad,6991754,40063,40%,Q2,17-07-2023,E-Commerce,34,,,,,
988378,Oceania,USA,Services,416692,371148,40%,Q1,08-09-2021,Apple Store,29,,,,,
689922,Africa,USA,iPad,1766568,183094,30%,Q2,24-03-2022,Apple Store,34,,,,,
471486,Africa,India,Services,5785758,172793,25%,Q3,06-10-2023,Offline,28,,,,,
718861,Europe,UK,MacBook,1708126,224784,35%,Q3,27-11-2024,E-Commerce,26,,,,,
309352,Oceania,India,Wearables,7454215,453361,25%,Q3,30-10-2024,Offline,25,,,,,
752450,Asia,UK,iPhone,1467204,378417,25%,Q4,20-09-2022,Apple Store,29,,,,,
211079,North America,USA,iPhone,6584242,353900,40%,Q3,07-09-2023,Online,31,,,,,
605528,North America,China,Wearables,7868035,474714,40%,Q1,28-03-2020,Online,32,,,,,
957329,Oceania,Germany,iPhone,3430811,11496,40%,Q4,10-03-2021,Offline,19,,,,,
532332,Africa,Australia,Services,706923,167225,40%,Q4,28-06-2022,Retail Partner,34,,,,,
483215,South America,Canada,iPad,4541543,195049,25%,Q3,08-08-2023,E-Commerce,27,,,,,
465267,Europe,Australia,Services,5731377,27763,30%,Q2,09-11-2023,E-Commerce,33,,,,,
931016,Asia,Canada,Services,376248,28921,25%,Q4,04-04-2023,Apple Store,38,,,,,
247936,Oceania,Canada,iPad,3785591,476432,30%,Q2,25-06-2021,Apple Store,42,,,,,
926846,North America,Brazil,iPhone,1472979,61659,20%,Q3,23-09-2020,Online,27,,,,,
119582,Africa,France,Wearables,263871,180655,35%,Q1,11-07-2023,Offline,28,,,,,
226092,Europe,USA,iPad,7733222,398203,30%,Q3,27-07-2021,E-Commerce,29,,,,,
501062,Asia,Germany,Wearables,5629342,402708,20%,Q3,06-01-2024,Apple Store,43,,,,,
356952,South America,Australia,Wearables,7036004,377271,40%,Q3,30-06-2024,Apple Store,28,,,,,
315816,North America,China,iPhone,8567440,85487,40%,Q1,23-12-2023,Online,34,,,,,
636126,Africa,India,iPad,8640215,399433,40%,Q4,05-03-2020,E-Commerce,31,,,,,
323671,North America,Japan,MacBook,3310390,47229,35%,Q3,07-07-2024,Retail Partner,42,,,,,
610531,North America,USA,iPad,2735601,465602,25%,Q4,22-12-2022,E-Commerce,26,,,,,
933280,Africa,China,iPad,6317382,229976,30%,Q3,01-11-2021,Online,34,,,,,
997788,Europe,France,Services,3869074,214873,20%,Q3,24-06-2020,Online,28,,,,,
586561,Asia,China,Services,7772567,424956,40%,Q2,25-04-2022,E-Commerce,32,,,,,
198450,North America,UK,iPad,5134784,83300,35%,Q4,11-12-2021,Retail Partner,38,,,,,
371886,Africa,Brazil,iPad,5487627,223221,25%,Q2,19-07-2020,Apple Store,28,,,,,
830906,North America,Brazil,iPad,648244,15767,30%,Q2,10-06-2024,E-Commerce,33,,,,,
774511,North America,Canada,Services,409006,436833,30%,Q4,27-11-2024,E-Commerce,27,,,,,
609855,North America,Australia,MacBook,8220364,442008,40%,Q2,11-09-2021,E-Commerce,26,,,,,
998764,North America,USA,iPhone,2175962,11006,35%,Q3,03-07-2023,Apple Store,26,,,,,
651135,Oceania,Brazil,iPhone,2997712,253598,30%,Q4,14-05-2020,Online,30,,,,,
595434,North America,France,MacBook,2847350,314840,40%,Q2,04-10-2020,E-Commerce,28,,,,,
510181,Africa,Australia,Services,9909645,110440,35%,Q1,02-12-2024,Retail Partner,47,,,,,
795690,North America,UK,Services,9098051,99365,20%,Q1,09-03-2021,Online,28,,,,,
628685,Africa,India,iPad,9444549,201744,35%,Q3,16-11-2022,Online,28,,,,,
168498,Oceania,Canada,iPad,3276935,109926,35%,Q3,15-06-2020,Apple Store,26,,,,,
602313,South America,USA,Wearables,5625205,385457,30%,Q4,25-11-2024,Offline,20,,,,,
808045,Oceania,Germany,Wearables,7463756,101639,40%,Q2,26-07-2023,Offline,35,,,,,
696778,North America,Japan,Services,413992,412483,35%,Q4,23-04-2022,E-Commerce,25,,,,,
713236,Europe,Canada,MacBook,6835159,44079,40%,Q1,10-11-2020,Retail Partner,47,,,,,
552415,Africa,Australia,iPad,7298406,176790,20%,Q4,19-12-2024,Retail Partner,39,,,,,
156800,North America,Australia,Services,3869860,17276,40%,Q1,29-03-2022,Online,28,,,,,
195342,North America,France,iPad,1115366,265249,40%,Q3,24-09-2020,Online,34,,,,,
363094,Europe,Japan,Services,8107854,327178,35%,Q4,12-07-2022,Online,26,,,,,
691547,Oceania,Germany,iPad,5361201,97493,25%,Q1,19-06-2022,Offline,42,,,,,
693322,North America,UK,iPhone,6394730,229135,30%,Q1,20-07-2021,E-Commerce,19,,,,,
299881,Europe,Germany,Services,3693809,460597,40%,Q2,19-09-2022,Online,32,,,,,
182333,Africa,Brazil,MacBook,8119511,267890,30%,Q4,21-02-2020,E-Commerce,27,,,,,
929107,Africa,France,Wearables,4462534,324014,35%,Q4,11-03-2024,Apple Store,20,,,,,
879081,Asia,France,MacBook,2589041,244038,30%,Q1,14-05-2021,Retail Partner,34,,,,,
927177,Europe,USA,iPhone,7145639,310215,40%,Q2,06-07-2020,Apple Store,29,,,,,
776443,Europe,UK,MacBook,7348762,395174,35%,Q2,29-12-2023,Online,18,,,,,
405076,North America,Brazil,iPad,3833329,273827,30%,Q2,09-10-2022,Retail Partner,42,,,,,
411674,Asia,India,Services,8028147,269392,35%,Q1,26-07-2023,Online,32,,,,,
527666,North America,Brazil,iPhone,6038796,140663,20%,Q3,01-05-2022,Offline,26,,,,,
927957,North America,Brazil,MacBook,9804291,433935,20%,Q2,07-05-2023,Offline,34,,,,,
991368,Oceania,USA,MacBook,5363564,482104,20%,Q1,01-11-2025,Online,25,,,,,
517994,Asia,Australia,iPad,5424043,147455,20%,Q2,09-08-2020,Apple Store,38,,,,,
280209,Africa,Canada,iPhone,8915799,18864,40%,Q4,03-12-2024,Retail Partner,26,,,,,
268657,Africa,India,Wearables,9226314,188713,20%,Q2,08-03-2021,Apple Store,36,,,,,
242657,Africa,Germany,MacBook,5069191,219157,40%,Q1,04-12-2023,Retail Partner,36,,,,,
911415,North America,Japan,iPhone,6755035,497517,40%,Q1,17-08-2024,Retail Partner,19,,,,,
392071,Europe,Germany,iPad,5891503,388883,30%,Q1,08-05-2020,Offline,33,,,,,
558326,Oceania,Japan,iPad,8722406,49051,30%,Q3,04-01-2021,E-Commerce,32,,,,,
650810,Oceania,UK,Wearables,1277295,299621,35%,Q1,22-08-2021,Apple Store,22,,,,,
941475,Africa,Australia,Services,5240538,50530,40%,Q4,10-11-2023,Offline,38,,,,,
474794,Africa,Canada,MacBook,5788728,175328,20%,Q2,19-05-2020,Online,35,,,,,
236933,North America,Canada,iPhone,4144842,134257,20%,Q1,11-06-2023,Offline,31,,,,,
867126,South America,India,iPhone,1441678,378850,30%,Q3,17-08-2023,Offline,20,,,,,
192693,Africa,France,Wearables,855825,199388,20%,Q1,10-10-2023,Apple Store,29,,,,,
422966,Africa,Canada,iPhone,5893747,94343,20%,Q1,21-03-2024,E-Commerce,20,,,,,
664727,North America,Brazil,MacBook,6268289,362351,30%,Q1,16-02-2022,Apple Store,38,,,,,
388939,South America,Canada,Wearables,9854652,134588,30%,Q2,07-01-2020,E-Commerce,31,,,,,
397261,Africa,Germany,MacBook,9516740,222426,20%,Q3,05-05-2020,Online,21,,,,,
462094,Africa,France,Services,3764770,224201,25%,Q2,30-01-2023,Retail Partner,50,,,,,
622892,Oceania,USA,MacBook,9249167,434875,30%,Q1,05-06-2023,Apple Store,26,,,,,
852514,South America,India,Services,1409538,420545,30%,Q3,14-06-2024,Offline,38,,,,,
137365,Asia,France,iPhone,59736,109827,35%,Q1,18-10-2023,Retail Partner,28,,,,,
412022,Asia,China,MacBook,3588942,63430,20%,Q3,10-12-2024,Apple Store,29,,,,,
905085,Asia,Germany,MacBook,4433665,324303,20%,Q2,27-07-2024,E-Commerce,32,,,,,
302221,Europe,USA,iPad,2345971,441224,40%,Q2,28-07-2023,Retail Partner,25,,,,,
516679,Asia,USA,iPhone,1231724,154128,40%,Q1,24-10-2022,E-Commerce,34,,,,,
524212,Africa,Germany,Services,2382439,139311,30%,Q3,01-06-2023,E-Commerce,30,,,,,
387675,Europe,France,iPhone,9104591,483317,25%,Q1,17-01-2021,Retail Partner,33,,,,,
165462,South America,Canada,MacBook,8996963,24496,20%,Q3,22-05-2021,Online,23,,,,,
959195,North America,Germany,Wearables,2713436,433984,40%,Q1,07-09-2024,Online,31,,,,,
599360,South America,Japan,MacBook,7333385,104594,30%,Q1,29-12-2021,Online,22,,,,,
818767,Asia,Japan,Wearables,1641201,219926,40%,Q4,15-11-2024,Retail Partner,24,,,,,
966533,Asia,USA,iPad,2849132,30337,20%,Q3,22-07-2022,Retail Partner,29,,,,,
563415,Europe,Canada,Wearables,548326,377083,30%,Q4,18-07-2024,E-Commerce,20,,,,,
668211,South America,Australia,Services,7356262,240744,30%,Q2,29-05-2022,E-Commerce,30,,,,,
533963,Asia,Brazil,Services,4566931,388110,20%,Q1,10-06-2024,Apple Store,50,,,,,
902165,Africa,UK,Wearables,5621062,162667,30%,Q3,29-05-2022,Offline,41,,,,,
927436,Asia,China,MacBook,9610043,390863,30%,Q4,22-08-2020,E-Commerce,35,,,,,
173769,Africa,Japan,Services,7917355,447248,20%,Q4,25-11-2022,Online,25,,,,,
938534,Africa,USA,Services,7739169,429211,20%,Q4,06-09-2023,Online,34,,,,,
849668,Asia,Canada,Wearables,4362414,114948,20%,Q2,23-02-2020,Offline,39,,,,,
946832,Oceania,USA,iPad,337277,129206,25%,Q1,17-07-2021,Apple Store,41,,,,,
308669,Oceania,Brazil,iPhone,4310228,135524,25%,Q4,20-12-2024,Offline,28,,,,,
672778,North America,Japan,iPad,1156037,136237,20%,Q1,03-04-2022,E-Commerce,25,,,,,
962680,North America,Japan,iPhone,4151262,482764,20%,Q1,04-12-2021,Apple Store,22,,,,,
811571,Asia,UK,Services,99580,186767,20%,Q1,27-02-2024,Retail Partner,39,,,,,
443713,North America,UK,Services,1436977,380931,20%,Q2,19-03-2023,E-Commerce,27,,,,,
721694,Africa,Canada,Services,7441686,362315,35%,Q4,11-06-2023,Online,26,,,,,
777977,North America,Japan,Services,8366134,441351,40%,Q2,12-11-2020,Offline,36,,,,,
833114,Oceania,USA,iPhone,4001695,242685,30%,Q2,20-09-2023,Apple Store,25,,,,,
497478,North America,China,Wearables,8990524,422439,40%,Q4,26-07-2020,Retail Partner,19,,,,,
237552,Oceania,Australia,iPhone,3500077,226302,30%,Q1,28-07-2020,Retail Partner,32,,,,,
174207,South America,India,Services,6732757,245155,20%,Q3,07-05-2020,Retail Partner,39,,,,,
897186,Asia,Japan,iPhone,7115826,359459,20%,Q3,13-12-2020,Online,30,,,,,
215383,Africa,Brazil,Services,6533370,306142,35%,Q4,09-02-2020,E-Commerce,28,,,,,
608559,North America,USA,iPad,6499860,286752,20%,Q1,29-04-2021,Retail Partner,25,,,,,
680291,South America,Japan,iPad,7343385,31502,30%,Q2,29-04-2021,Apple Store,36,,,,,
214603,South America,Japan,iPad,4389075,423823,40%,Q2,12-01-2022,Apple Store,26,,,,,
370812,Africa,UK,iPad,3787578,91409,30%,Q4,08-03-2020,Retail Partner,25,,,,,
223112,Asia,France,MacBook,891197,17981,30%,Q4,03-09-2021,Apple Store,43,,,,,
479554,Africa,Australia,MacBook,4640918,423485,40%,Q1,14-05-2020,Retail Partner,37,,,,,
548049,Asia,Australia,iPhone,6331214,30048,40%,Q2,18-04-2022,Retail Partner,27,,,,,
404843,South America,UK,iPad,3026042,410185,40%,Q3,01-04-2022,Online,32,,,,,
173774,Europe,Canada,Wearables,6188652,313218,20%,Q2,23-12-2022,Online,33,,,,,
495688,North America,India,iPad,8140380,474917,40%,Q4,13-04-2024,E-Commerce,31,,,,,
882580,Europe,Brazil,iPhone,1456338,354422,35%,Q4,04-06-2022,Retail Partner,27,,,,,
299922,Africa,France,MacBook,3321614,493672,35%,Q1,12-07-2020,Retail Partner,25,,,,,
877531,Africa,Canada,MacBook,8079821,293680,30%,Q3,09-01-2023,Apple Store,50,,,,,
663858,Europe,Canada,MacBook,6824134,446695,40%,Q3,04-07-2024,Apple Store,45,,,,,
162308,North America,China,iPad,9315648,263190,20%,Q4,19-02-2020,E-Commerce,31,,,,,
603212,Oceania,France,Services,7666731,366931,30%,Q3,10-11-2022,E-Commerce,34,,,,,
246519,South America,Brazil,Wearables,6665080,483665,40%,Q2,25-11-2023,Online,24,,,,,
306591,South America,UK,iPad,9181884,448302,30%,Q1,24-12-2021,Retail Partner,41,,,,,
903271,Oceania,Australia,iPad,5837782,47978,30%,Q1,17-04-2024,Apple Store,32,,,,,
225187,North America,USA,MacBook,6233784,461836,40%,Q3,13-08-2024,Offline,25,,,,,
406703,South America,UK,iPad,2859672,9315,20%,Q4,26-03-2024,Offline,31,,,,,
856383,Europe,Canada,iPad,3528991,104043,20%,Q2,20-05-2021,E-Commerce,25,,,,,
946945,Asia,Brazil,Services,6652484,193358,40%,Q3,07-08-2021,E-Commerce,31,,,,,
947065,Europe,China,iPhone,1667620,270417,40%,Q4,27-11-2020,Retail Partner,18,,,,,
733786,Europe,Canada,Services,6755666,57961,25%,Q4,05-03-2023,Retail Partner,34,,,,,
961991,North America,Canada,MacBook,5990861,140536,20%,Q3,03-07-2022,Online,19,,,,,
987285,Oceania,USA,iPad,4562694,60161,40%,Q1,15-06-2023,Retail Partner,44,,,,,
187830,Africa,Japan,iPad,1554947,304116,20%,Q4,13-12-2023,Online,30,,,,,
498066,Oceania,USA,iPad,5130362,317398,25%,Q3,25-11-2022,Online,31,,,,,
796469,South America,UK,iPhone,1022414,181170,40%,Q3,11-10-2024,Apple Store,33,,,,,
968920,North America,India,iPad,9558057,165636,35%,Q2,14-12-2020,E-Commerce,25,,,,,
786036,North America,France,Services,1521438,323926,40%,Q3,29-12-2021,Offline,26,,,,,
910890,Africa,Brazil,iPhone,5245454,308811,35%,Q2,08-02-2023,Online,24,,,,,
708700,Oceania,Australia,Wearables,9911558,163600,20%,Q3,20-07-2024,Online,22,,,,,
616811,South America,India,iPhone,2036180,23783,20%,Q2,11-05-2023,E-Commerce,30,,,,,
119179,Oceania,USA,Services,6312133,194969,35%,Q4,01-12-2023,E-Commerce,35,,,,,
203799,Africa,Brazil,Services,8665643,244368,35%,Q1,21-04-2020,Offline,29,,,,,
673800,South America,Japan,Services,519014,310945,30%,Q3,03-08-2023,Offline,29,,,,,
237118,Africa,UK,iPad,3493805,367629,40%,Q3,10-12-2020,Online,31,,,,,
384847,Asia,UK,Wearables,5035815,387146,20%,Q2,27-04-2021,Apple Store,42,,,,,
308565,Europe,UK,iPhone,8787658,141104,30%,Q2,18-06-2024,Online,34,,,,,
107322,South America,Germany,iPhone,1792676,173337,40%,Q2,13-10-2023,Offline,25,,,,,
774091,Oceania,France,Wearables,227867,387076,30%,Q2,21-08-2024,Retail Partner,29,,,,,
130541,Europe,China,iPad,3341843,471858,30%,Q1,02-09-2023,Offline,27,,,,,
919636,Asia,Australia,iPhone,9126591,408429,20%,Q2,23-08-2020,Retail Partner,23,,,,,
356266,North America,Canada,MacBook,8758405,269574,30%,Q2,12-11-2022,Offline,18,,,,,
162027,Africa,Germany,Services,3151825,429480,40%,Q4,22-04-2020,Apple Store,33,,,,,
645949,Africa,France,iPad,7866561,269728,25%,Q2,07-10-2023,Online,25,,,,,
164350,North America,India,MacBook,5913880,307287,30%,Q2,07-03-2020,Online,30,,,,,
738888,North America,China,Wearables,2615371,358610,20%,Q2,05-01-2023,Online,28,,,,,
355843,Oceania,France,Wearables,8508539,167749,25%,Q3,20-04-2022,Retail Partner,44,,,,,
805122,Asia,Japan,iPhone,9369058,71714,25%,Q1,15-04-2021,Online,29,,,,,
220156,Asia,Canada,iPad,4636523,321445,20%,Q1,16-01-2021,Offline,33,,,,,
584372,North America,China,iPad,40180,260062,30%,Q4,28-12-2023,E-Commerce,28,,,,,
515569,Oceania,Japan,Services,5199298,176253,40%,Q4,18-04-2021,E-Commerce,26,,,,,
914672,Europe,Germany,iPhone,7095831,247703,30%,Q1,12-09-2021,Online,29,,,,,
999057,South America,UK,iPad,3842416,15150,30%,Q2,31-03-2023,Online,30,,,,,
505538,North America,USA,iPad,484331,165309,40%,Q4,13-01-2021,Apple Store,28,,,,,
898575,North America,France,MacBook,6505815,327639,20%,Q3,05-05-2020,E-Commerce,34,,,,,
112726,North America,USA,iPhone,4925273,105450,30%,Q2,19-01-2023,Online,19,,,,,
502357,Asia,Australia,iPhone,1453312,205543,20%,Q2,11-09-2022,Retail Partner,33,,,,,
687790,Oceania,Canada,iPad,2487060,440557,30%,Q4,24-06-2021,Online,32,,,,,
981099,Oceania,Canada,iPhone,229219,116650,30%,Q2,28-11-2021,Online,28,,,,,
781822,South America,Japan,iPhone,9753631,120131,40%,Q2,15-12-2022,Retail Partner,25,,,,,
309395,Oceania,USA,Wearables,7178885,408831,30%,Q1,27-04-2022,Offline,19,,,,,
785486,Oceania,UK,MacBook,8926832,154503,20%,Q4,10-12-2021,Offline,18,,,,,
927367,Africa,Japan,Services,4301113,41488,20%,Q2,10-09-2024,E-Commerce,35,,,,,
321801,Africa,China,iPad,3456888,172395,25%,Q2,18-06-2021,Retail Partner,41,,,,,
189102,South America,Brazil,iPad,1736348,490033,40%,Q2,13-08-2023,Apple Store,43,,,,,
904826,North America,China,iPhone,821107,111652,35%,Q2,27-07-2023,Offline,28,,,,,
640861,South America,Japan,Wearables,8158374,193574,40%,Q3,15-04-2022,Retail Partner,45,,,,,
524533,Asia,UK,Wearables,6852874,335376,35%,Q1,19-07-2020,Apple Store,35,,,,,
730294,North America,Canada,iPad,7607551,160520,30%,Q4,13-01-2024,Apple Store,43,,,,,
733562,North America,USA,iPhone,2268100,153104,30%,Q4,31-10-2020,Online,29,,,,,
446798,Oceania,UK,iPhone,5539508,254119,40%,Q2,11-11-2022,Apple Store,18,,,,,
716130,Europe,France,iPad,9807673,413663,30%,Q1,10-05-2024,Apple Store,37,,,,,
816467,Africa,Canada,Wearables,549305,102297,30%,Q4,19-01-2025,Retail Partner,23,,,,,
149494,North America,India,iPad,8695357,52572,35%,Q4,30-11-2023,Apple Store,41,,,,,
421612,North America,Canada,Wearables,8500134,172458,40%,Q2,27-05-2020,E-Commerce,23,,,,,
100631,North America,Brazil,iPhone,4789629,136584,40%,Q3,28-07-2020,Offline,24,,,,,
447913,Oceania,Australia,MacBook,2493110,384399,20%,Q3,06-12-2022,Apple Store,42,,,,,
235432,Europe,Japan,Wearables,2772362,323643,40%,Q3,01-07-2023,Online,18,,,,,
997265,Oceania,Japan,Services,2551453,113388,40%,Q4,20-05-2020,Retail Partner,28,,,,,
396352,Africa,France,iPhone,8269598,147346,30%,Q3,21-05-2021,Apple Store,25,,,,,
930969,Africa,France,Wearables,1553319,26248,20%,Q1,28-12-2022,E-Commerce,25,,,,,
469719,South America,Australia,MacBook,4791077,346914,30%,Q1,10-09-2022,Offline,36,,,,,
787883,North America,Canada,iPad,4618662,450741,25%,Q3,19-01-2025,Retail Partner,30,,,,,
754241,Asia,France,iPhone,9338860,50059,20%,Q2,24-06-2022,Apple Store,33,,,,,
114701,Africa,France,Wearables,8997631,424481,35%,Q2,27-01-2024,Retail Partner,20,,,,,
622277,Asia,Brazil,iPad,1056799,124053,40%,Q4,30-05-2021,Online,33,,,,,
857660,North America,China,Wearables,2440597,111439,25%,Q2,31-08-2022,Online,29,,,,,
471228,North America,Germany,iPad,3511512,277630,20%,Q4,06-04-2022,E-Commerce,30,,,,,
417494,North America,Australia,Services,130689,486174,30%,Q3,16-08-2023,Apple Store,46,,,,,
888795,Africa,Canada,Wearables,3090706,484920,35%,Q2,27-08-2024,Apple Store,21,,,,,
384723,North America,China,MacBook,5950497,96255,25%,Q4,11-08-2024,Offline,40,,,,,
684296,Asia,China,iPhone,3112955,307059,35%,Q1,22-09-2022,Retail Partner,20,,,,,
947062,Africa,Australia,iPhone,482523,466117,25%,Q2,04-11-2023,Retail Partner,21,,,,,
208311,Asia,China,iPad,1793879,432962,20%,Q4,31-08-2021,Apple Store,26,,,,,
951196,North America,UK,Wearables,7762736,235823,25%,Q3,05-01-2023,Offline,31,,,,,
107862,North America,France,iPhone,5133936,23692,40%,Q3,02-04-2022,Offline,18,,,,,
572884,South America,UK,Wearables,1618911,351431,25%,Q2,20-11-2022,Retail Partner,28,,,,,
962147,Africa,Brazil,Wearables,1716172,308123,20%,Q4,04-11-2022,Retail Partner,24,,,,,
858957,Oceania,Australia,iPhone,4564986,281376,25%,Q1,20-06-2020,Offline,32,,,,,
725285,North America,France,Services,4392768,92335,20%,Q1,24-07-2020,E-Commerce,25,,,,,
424789,Africa,China,iPad,4520153,292190,25%,Q3,08-04-2020,Online,29,,,,,
616868,Europe,Canada,iPad,112635,188259,20%,Q1,07-11-2022,Offline,33,,,,,
301372,Europe,UK,Services,5447682,345748,40%,Q1,13-12-2021,Retail Partner,26,,,,,
798300,South America,Germany,MacBook,9276304,199475,20%,Q1,10-08-2023,E-Commerce,27,,,,,
829199,Africa,Australia,Services,509010,386600,30%,Q3,18-05-2023,Apple Store,41,,,,,
239611,South America,China,iPhone,5289075,187104,30%,Q3,07-01-2021,E-Commerce,29,,,,,
941490,Europe,Brazil,iPhone,1540347,12031,20%,Q1,08-03-2021,Retail Partner,31,,,,,
940902,Asia,Japan,MacBook,6419799,165890,25%,Q3,20-08-2024,Offline,26,,,,,
180048,North America,UK,Services,1332828,41145,20%,Q3,18-02-2024,Online,25,,,,,
438087,North America,UK,Wearables,257689,384838,20%,Q1,13-09-2024,E-Commerce,34,,,,,
585319,Africa,Australia,Wearables,1434192,192179,30%,Q3,07-07-2023,Offline,26,,,,,
206300,North America,Germany,iPhone,4531606,287090,40%,Q1,03-05-2020,Apple Store,30,,,,,
595547,Europe,Canada,iPad,8542162,295112,25%,Q3,24-08-2021,Retail Partner,44,,,,,
717503,Europe,Japan,iPhone,6450304,165647,40%,Q3,09-05-2021,Offline,19,,,,,
941604,Asia,Japan,Wearables,3313333,119983,20%,Q1,25-03-2021,Retail Partner,20,,,,,
243507,North America,India,iPad,3955932,83170,20%,Q1,20-11-2020,Offline,29,,,,,
709660,North America,USA,Services,3327306,14375,25%,Q4,28-01-2023,Apple Store,39,,,,,
455415,Oceania,Germany,Wearables,5252002,48231,30%,Q1,20-10-2021,Apple Store,24,,,,,
566873,Africa,Germany,iPad,3196113,220164,35%,Q1,02-04-2024,Retail Partner,37,,,,,
616748,South America,Canada,MacBook,3666412,225351,35%,Q3,12-05-2024,Online,30,,,,,
841073,Oceania,UK,iPad,2292587,148407,40%,Q3,01-09-2022,Offline,28,,,,,
378829,Europe,Canada,Services,4880682,427848,20%,Q4,14-10-2022,E-Commerce,34,,,,,
494152,Asia,France,iPad,101443,93662,35%,Q2,04-04-2023,Online,28,,,,,
621124,Africa,Brazil,iPad,8302259,105181,25%,Q3,04-09-2023,Offline,29,,,,,
170416,Europe,Canada,iPhone,5253319,436703,20%,Q4,22-08-2022,Offline,34,,,,,
535383,South America,India,iPad,4731993,201092,35%,Q4,24-08-2024,Online,31,,,,,
564543,South America,China,Wearables,7909951,82343,20%,Q3,09-08-2021,Offline,34,,,,,
396191,Oceania,India,Wearables,8990886,183655,25%,Q3,02-05-2024,Retail Partner,38,,,,,
500470,Africa,Canada,MacBook,9947501,46470,40%,Q3,03-03-2024,Retail Partner,18,,,,,
332629,Europe,France,Services,6195183,224922,25%,Q4,01-06-2022,Retail Partner,35,,,,,
529537,Oceania,India,iPad,2102849,462387,30%,Q2,02-10-2024,E-Commerce,33,,,,,
658874,Asia,Japan,iPhone,2604756,260162,35%,Q2,19-05-2021,Retail Partner,34,,,,,
181639,Africa,Brazil,Wearables,4786906,174666,40%,Q4,15-02-2020,E-Commerce,18,,,,,
618955,South America,India,Wearables,7420536,169939,20%,Q2,28-07-2023,Retail Partner,34,,,,,
200546,North America,Australia,Services,3016632,242735,30%,Q2,14-04-2024,Retail Partner,34,,,,,
287406,Asia,Germany,Wearables,2373173,204995,40%,Q4,01-04-2021,E-Commerce,32,,,,,
806960,South America,China,iPhone,6883170,233979,20%,Q4,07-05-2023,Offline,21,,,,,
845383,Africa,India,iPhone,3853247,103808,30%,Q1,23-12-2022,Apple Store,33,,,,,
993249,Oceania,France,iPad,6975298,355221,25%,Q2,05-04-2020,Online,29,,,,,
843851,South America,China,MacBook,1073194,12618,20%,Q1,15-10-2022,Retail Partner,23,,,,,
725542,South America,France,iPhone,1325203,26550,40%,Q4,03-06-2020,Retail Partner,27,,,,,
582865,North America,Japan,iPad,4856426,395309,30%,Q4,17-09-2021,E-Commerce,32,,,,,
792739,Europe,Canada,Wearables,7742695,2863,20%,Q3,13-08-2022,E-Commerce,25,,,,,
497191,Africa,Japan,Services,874097,274482,30%,Q4,22-12-2023,E-Commerce,25,,,,,
755453,Oceania,Australia,MacBook,2949792,443579,30%,Q1,24-02-2023,Apple Store,29,,,,,
705825,Asia,Germany,iPhone,5718076,297641,40%,Q3,29-06-2021,Apple Store,34,,,,,
114150,North America,Germany,iPhone,1519459,35856,35%,Q2,11-06-2021,Offline,27,,,,,
614596,Oceania,USA,iPhone,9505931,454230,40%,Q2,10-03-2024,Online,25,,,,,
463574,Oceania,Brazil,iPhone,3438751,9321,20%,Q2,30-03-2022,Online,21,,,,,
257213,Asia,Japan,iPad,952613,448519,25%,Q4,06-09-2024,Apple Store,39,,,,,
917099,Oceania,France,Services,8973332,147371,35%,Q3,13-10-2024,Online,26,,,,,
160983,Europe,India,Wearables,3871358,326164,35%,Q1,18-11-2021,Offline,18,,,,,
657061,Europe,Canada,MacBook,2885319,54600,20%,Q3,01-12-2022,Offline,20,,,,,
794484,Africa,UK,iPad,9385133,75685,30%,Q4,21-12-2021,Online,27,,,,,
208688,Asia,Germany,MacBook,9662931,398012,30%,Q4,04-02-2024,Online,33,,,,,
354872,Asia,Brazil,Wearables,9889334,355984,20%,Q3,27-02-2022,Retail Partner,21,,,,,
150248,Africa,Australia,iPad,7823468,447837,25%,Q4,26-09-2022,E-Commerce,30,,,,,
171180,South America,Canada,iPad,6117129,88697,30%,Q1,02-12-2022,Online,28,,,,,
143870,Asia,Brazil,Services,4407201,217070,25%,Q3,05-11-2020,Apple Store,25,,,,,
700653,Oceania,Australia,iPhone,5674578,216659,35%,Q3,21-05-2022,Online,34,,,,,
790290,Africa,Brazil,Wearables,1898101,126601,40%,Q4,17-11-2024,E-Commerce,20,,,,,
442377,North America,China,Services,142599,223819,20%,Q3,28-10-2024,Retail Partner,25,,,,,
223274,North America,France,iPad,1703661,225068,40%,Q4,10-10-2023,E-Commerce,31,,,,,
570209,Asia,UK,MacBook,6666567,49654,20%,Q3,10-06-2021,E-Commerce,34,,,,,
547746,Europe,China,Wearables,988730,441008,35%,Q3,03-12-2022,E-Commerce,22,,,,,
319596,Africa,Germany,Services,7654097,194635,35%,Q3,21-08-2024,Online,32,,,,,
967522,Africa,Australia,Services,450995,84458,25%,Q3,19-08-2024,Apple Store,45,,,,,
741744,North America,China,MacBook,548176,450883,25%,Q4,20-01-2025,Retail Partner,41,,,,,
999943,Africa,France,iPhone,6682455,22799,40%,Q3,17-04-2023,Offline,30,,,,,
737492,North America,Brazil,Wearables,3653192,232648,25%,Q2,15-05-2020,Offline,18,,,,,
503311,Europe,Australia,iPhone,6865087,165403,20%,Q3,27-09-2020,E-Commerce,33,,,,,
709621,Asia,Japan,Services,7528626,19587,40%,Q2,05-12-2022,Online,27,,,,,
329531,Africa,China,iPhone,1037452,25561,35%,Q4,03-03-2022,Online,27,,,,,
649166,South America,UK,iPad,8476623,216660,30%,Q2,14-02-2020,Apple Store,28,,,,,
617684,South America,UK,iPhone,578472,144093,30%,Q4,03-08-2023,E-Commerce,33,,,,,
200919,South America,India,iPad,3498983,70776,30%,Q2,25-05-2022,Retail Partner,40,,,,,
182599,South America,UK,Wearables,811449,479069,40%,Q2,08-02-2023,E-Commerce,31,,,,,
380234,Oceania,France,Wearables,482514,192646,40%,Q3,23-11-2020,Apple Store,21,,,,,
406256,North America,USA,MacBook,9136346,358044,40%,Q3,20-06-2023,E-Commerce,33,,,,,
158297,North America,Japan,MacBook,2088809,60953,35%,Q4,13-01-2021,Apple Store,25,,,,,
610551,North America,India,Wearables,8875623,267529,40%,Q1,24-11-2024,Offline,40,,,,,
650132,South America,Australia,iPad,5009185,458187,30%,Q4,31-08-2020,E-Commerce,35,,,,,
332222,South America,UK,iPad,2418619,418536,20%,Q4,09-11-2022,Apple Store,31,,,,,
846783,North America,Brazil,iPhone,6258933,388123,35%,Q3,22-06-2021,E-Commerce,33,,,,,
816798,Asia,UK,iPhone,3838938,407906,30%,Q1,05-08-2021,Apple Store,29,,,,,
311079,Europe,India,Services,3582813,390777,25%,Q2,25-09-2022,Retail Partner,40,,,,,
839825,North America,Germany,Services,1934649,441285,40%,Q2,13-03-2020,Offline,32,,,,,
192553,South America,Brazil,MacBook,5796290,49012,35%,Q3,02-03-2020,Retail Partner,23,,,,,
275083,North America,India,Wearables,1915155,227417,40%,Q1,17-04-2023,E-Commerce,21,,,,,
442414,Africa,USA,MacBook,8310378,158349,20%,Q4,22-10-2024,Online,29,,,,,
406850,Europe,Canada,Wearables,944059,122662,20%,Q1,07-03-2024,Apple Store,34,,,,,
613997,North America,Japan,MacBook,9926308,395031,30%,Q3,02-06-2021,Offline,43,,,,,
399755,Asia,France,iPhone,5981355,80191,30%,Q4,13-12-2022,Online,26,,,,,
880202,Oceania,India,iPad,8128497,219631,20%,Q3,31-01-2021,E-Commerce,31,,,,,
890024,Europe,Brazil,MacBook,2814257,446744,20%,Q1,22-01-2024,Retail Partner,20,,,,,
790806,North America,Australia,iPhone,8681558,203483,35%,Q3,26-02-2023,E-Commerce,32,,,,,
916336,Europe,Brazil,Wearables,3495791,356049,35%,Q3,01-04-2020,Retail Partner,20,,,,,
634151,Oceania,Germany,MacBook,7406815,476264,30%,Q2,26-02-2021,Offline,32,,,,,
398619,North America,Germany,Wearables,9158288,481996,35%,Q3,10-06-2022,Online,33,,,,,
413823,South America,Australia,Services,5544384,483135,25%,Q3,20-12-2020,Offline,31,,,,,
368379,South America,India,MacBook,3266833,73953,35%,Q3,04-03-2020,E-Commerce,28,,,,,
564179,South America,Canada,Wearables,7934477,412198,40%,Q4,11-05-2024,Online,23,,,,,
636377,Oceania,China,iPhone,3932458,32859,40%,Q3,23-12-2022,Online,18,,,,,
526107,North America,France,Wearables,7928762,306486,40%,Q4,08-06-2022,Offline,42,,,,,
562162,North America,India,iPad,776476,315976,30%,Q4,25-09-2022,Online,35,,,,,
411064,Oceania,Canada,Wearables,1145851,152575,30%,Q2,10-01-2024,Offline,32,,,,,
584252,Europe,France,iPhone,3629155,301392,30%,Q4,31-10-2021,Retail Partner,18,,,,,
188693,North America,Canada,iPhone,7981617,212834,20%,Q3,19-05-2021,Offline,19,,,,,
764152,Europe,China,MacBook,8008899,192577,30%,Q4,04-05-2022,Offline,49,,,,,
300137,South America,UK,MacBook,5463771,240920,35%,Q1,27-06-2022,Apple Store,23,,,,,
627292,North America,Germany,Services,4312525,381660,30%,Q2,12-11-2021,Offline,25,,,,,
691489,Oceania,India,iPhone,6461747,449124,30%,Q4,25-12-2020,Online,27,,,,,
380724,Asia,Japan,iPhone,6570247,308044,40%,Q4,14-06-2023,Online,21,,,,,
973383,North America,Japan,MacBook,9175121,158408,20%,Q1,11-12-2021,E-Commerce,35,,,,,
174362,Africa,UK,iPad,6736293,323162,25%,Q3,16-05-2021,Offline,34,,,,,
816987,Oceania,UK,Wearables,5231416,386703,40%,Q4,16-04-2022,Retail Partner,39,,,,,
403821,Africa,Germany,Services,5592144,363200,20%,Q3,16-09-2023,E-Commerce,28,,,,,
348100,North America,India,iPhone,1065981,371618,40%,Q1,11-10-2023,Offline,23,,,,,
320743,Oceania,Canada,Wearables,7515203,457105,40%,Q4,31-12-2023,Online,27,,,,,
297908,Oceania,France,iPad,2046768,141730,20%,Q1,09-10-2023,Offline,37,,,,,
257486,Oceania,France,Services,484129,146085,25%,Q1,08-03-2020,Online,34,,,,,
645768,Europe,China,iPad,7630660,167318,20%,Q1,27-07-2022,Offline,36,,,,,
858079,North America,Germany,iPad,2572683,491066,30%,Q3,13-05-2024,Apple Store,39,,,,,
179471,Europe,India,iPhone,4574459,453861,30%,Q3,30-06-2024,Online,31,,,,,
455734,Asia,USA,MacBook,2951307,105739,25%,Q3,24-11-2021,Offline,35,,,,,
793958,Oceania,Canada,MacBook,4737590,354911,40%,Q1,05-06-2022,Offline,28,,,,,
104617,Asia,Germany,MacBook,4640607,77751,30%,Q3,23-11-2020,Offline,27,,,,,
203340,Asia,Australia,iPad,4071301,166940,35%,Q1,18-10-2022,Online,33,,,,,
196320,Asia,France,Wearables,6922793,53536,20%,Q1,09-07-2022,Retail Partner,40,,,,,
800140,Europe,China,MacBook,8675018,164445,20%,Q4,24-09-2024,Apple Store,50,,,,,
425015,North America,UK,iPad,9050813,335550,20%,Q1,28-09-2024,Online,26,,,,,
375885,Europe,France,iPhone,585494,143964,20%,Q1,19-03-2020,Offline,22,,,,,
694927,South America,Germany,Wearables,3468464,47666,40%,Q1,13-09-2022,Apple Store,31,,,,,
653327,South America,India,Wearables,8529982,412663,25%,Q4,27-08-2023,Apple Store,32,,,,,
205942,Africa,USA,MacBook,2188872,295695,35%,Q1,19-07-2024,Apple Store,48,,,,,
545407,Africa,Japan,Wearables,6357974,48895,20%,Q4,22-02-2023,E-Commerce,26,,,,,
607029,North America,Japan,Wearables,3825941,479918,25%,Q3,15-04-2020,E-Commerce,23,,,,,
886430,Asia,USA,iPhone,7890507,145523,25%,Q2,24-05-2022,Apple Store,32,,,,,
897027,Europe,Brazil,iPad,3694303,479973,40%,Q4,02-04-2022,Apple Store,43,,,,,
502884,Africa,USA,iPhone,8781220,107487,30%,Q1,17-11-2023,Online,31,,,,,
924437,Asia,USA,MacBook,3213864,150698,20%,Q1,22-01-2025,E-Commerce,32,,,,,
403188,North America,UK,iPhone,8942711,489361,25%,Q3,15-04-2021,E-Commerce,23,,,,,
654340,Oceania,USA,iPad,25854,101873,20%,Q3,04-01-2022,Offline,28,,,,,
970210,South America,Japan,Services,4096719,163729,20%,Q2,25-04-2024,Offline,35,,,,,
241958,Europe,Australia,iPhone,9956471,188863,25%,Q4,19-09-2020,Online,18,,,,,
632198,Oceania,France,Wearables,4573622,400187,35%,Q2,27-05-2024,Apple Store,32,,,,,
846246,Europe,India,Services,4895737,341674,30%,Q3,18-02-2020,Offline,42,,,,,
358139,Asia,Japan,Wearables,5358637,270812,20%,Q3,31-07-2020,E-Commerce,18,,,,,
777628,Asia,Canada,MacBook,9875632,314044,30%,Q4,04-06-2022,Online,32,,,,,
960709,Asia,China,iPhone,9648425,295120,25%,Q1,06-05-2021,Offline,25,,,,,
497587,Europe,France,iPhone,315843,34164,40%,Q2,22-02-2023,Retail Partner,33,,,,,
621216,Africa,Australia,Services,2478695,402757,20%,Q4,08-07-2023,Retail Partner,26,,,,,
340972,Asia,Canada,MacBook,4760732,426029,25%,Q1,11-02-2021,Retail Partner,21,,,,,
819157,North America,China,iPhone,8204533,264190,30%,Q3,24-06-2024,Offline,32,,,,,
689045,Europe,Australia,MacBook,6142310,423611,40%,Q2,06-12-2020,Offline,19,,,,,
248257,Oceania,UK,iPad,332556,107586,30%,Q4,19-06-2020,E-Commerce,25,,,,,
279146,Europe,France,Wearables,5642345,395873,20%,Q4,11-08-2020,Offline,30,,,,,
528124,North America,Brazil,iPhone,6274869,107715,30%,Q4,10-05-2020,Online,21,,,,,
934928,Asia,Germany,Wearables,4300009,349409,30%,Q2,07-10-2022,Offline,34,,,,,
577548,North America,India,Wearables,2703385,37611,40%,Q3,30-07-2022,E-Commerce,21,,,,,
172090,Oceania,Germany,Services,9271,33538,30%,Q4,30-12-2023,Offline,25,,,,,
792138,North America,Australia,Services,1492559,296883,20%,Q4,21-01-2025,E-Commerce,35,,,,,
598175,Africa,Brazil,MacBook,2014655,467007,40%,Q1,03-08-2024,Apple Store,47,,,,,
458270,South America,Germany,MacBook,8415152,187449,25%,Q4,17-09-2024,Online,20,,,,,
260223,North America,USA,iPhone,7099417,185131,35%,Q2,13-12-2024,Online,32,,,,,
353554,North America,India,MacBook,8060707,69173,25%,Q3,29-06-2021,Apple Store,20,,,,,
494020,North America,UK,iPad,8306621,56276,40%,Q3,23-09-2020,Offline,31,,,,,
646017,Europe,USA,iPad,7750160,158817,40%,Q2,26-10-2020,Retail Partner,36,,,,,
889844,North America,India,MacBook,4493272,90728,20%,Q3,09-04-2023,E-Commerce,32,,,,,
933456,North America,China,iPad,7812115,191955,20%,Q3,19-02-2021,Apple Store,39,,,,,
736261,Oceania,Canada,MacBook,8743253,259463,30%,Q1,08-04-2021,E-Commerce,32,,,,,
237546,Oceania,Brazil,Services,1403876,365858,35%,Q3,20-12-2023,Apple Store,31,,,,,
670553,South America,Canada,iPhone,3298798,189810,25%,Q2,08-05-2023,E-Commerce,24,,,,,
706111,Oceania,India,iPad,3793120,52003,35%,Q1,03-09-2024,Online,33,,,,,
343262,Oceania,Brazil,Wearables,9866339,323928,25%,Q2,22-12-2023,Offline,40,,,,,
464175,South America,UK,Wearables,8009681,142714,40%,Q1,06-04-2021,Apple Store,37,,,,,
119187,Oceania,Australia,iPhone,8465612,62299,30%,Q3,13-12-2022,Apple Store,19,,,,,
415047,North America,France,Services,1734915,108030,25%,Q3,09-06-2020,Retail Partner,42,,,,,
510260,South America,USA,Wearables,8721251,78691,30%,Q2,12-02-2020,Apple Store,36,,,,,
963681,South America,USA,iPhone,8116294,119624,25%,Q2,24-05-2022,Apple Store,27,,,,,
272500,North America,India,iPad,9839270,134350,20%,Q4,23-01-2023,Online,35,,,,,
233666,Oceania,USA,MacBook,1826832,258069,30%,Q3,06-04-2024,Offline,27,,,,,
416513,North America,Japan,iPhone,4215838,119429,30%,Q1,05-07-2020,Offline,26,,,,,
493206,North America,UK,iPad,131184,348161,30%,Q3,30-08-2022,Apple Store,30,,,,,
547796,North America,UK,iPad,9327244,60610,35%,Q2,29-07-2021,E-Commerce,31,,,,,
842402,South America,Canada,Services,450334,140400,40%,Q1,16-06-2024,Offline,29,,,,,
944169,North America,Japan,MacBook,7756009,326599,35%,Q1,17-12-2023,Retail Partner,39,,,,,
516772,South America,China,iPad,9527570,121362,25%,Q1,19-03-2022,Offline,43,,,,,
180966,Oceania,USA,Wearables,1429350,444909,25%,Q3,26-06-2021,Offline,34,,,,,
812687,Oceania,China,Services,1169801,352947,30%,Q1,07-05-2021,E-Commerce,26,,,,,
211724,Europe,China,iPad,6755725,441750,30%,Q1,29-01-2022,Online,29,,,,,
392108,North America,USA,iPad,6743277,455114,30%,Q4,28-12-2022,Online,26,,,,,
351146,Africa,Germany,iPhone,9891930,490668,30%,Q3,13-01-2021,Online,24,,,,,
322588,Asia,France,MacBook,8503994,19320,25%,Q1,30-12-2020,Apple Store,45,,,,,
383360,North America,Australia,Services,6403676,332137,40%,Q4,27-09-2023,E-Commerce,27,,,,,
500454,Asia,Japan,iPad,5707848,345953,20%,Q1,23-03-2022,Apple Store,34,,,,,
880619,Africa,China,iPad,1987271,80382,20%,Q2,04-12-2023,Online,32,,,,,
579252,North America,China,Wearables,2641108,145328,40%,Q3,13-08-2023,Apple Store,29,,,,,
159751,North America,Germany,MacBook,3734583,181216,25%,Q1,21-09-2023,Offline,44,,,,,
327628,South America,USA,iPad,7432276,361852,40%,Q3,25-08-2024,Offline,27,,,,,
222052,North America,India,iPhone,5111428,187314,20%,Q4,07-09-2020,Apple Store,34,,,,,
666213,Europe,Germany,iPhone,3037647,356871,30%,Q3,29-04-2024,Online,19,,,,,
807004,South America,USA,Services,1071745,136665,30%,Q2,20-05-2021,E-Commerce,33,,,,,
590112,Africa,Germany,MacBook,3116274,124622,20%,Q2,19-03-2023,Retail Partner,20,,,,,
487528,Africa,Japan,Wearables,35008,191126,40%,Q4,03-06-2022,Apple Store,28,,,,,
320001,Africa,Canada,iPad,5248558,284266,35%,Q3,15-05-2024,Retail Partner,43,,,,,
717575,Asia,UK,Services,3981731,141758,30%,Q3,11-04-2023,Retail Partner,32,,,,,
763626,Africa,China,iPad,69495,119581,20%,Q3,27-01-2023,Retail Partner,29,,,,,
753459,Europe,India,iPad,1601397,272638,40%,Q4,25-03-2024,E-Commerce,25,,,,,
281602,South America,USA,iPhone,1230275,170443,25%,Q1,22-07-2022,Apple Store,28,,,,,
200277,Asia,France,iPad,9388438,33666,25%,Q3,10-10-2020,Retail Partner,31,,,,,
159032,Africa,France,iPad,8617422,309924,40%,Q2,31-03-2022,Online,26,,,,,
960055,Africa,China,Wearables,9650101,385848,30%,Q4,21-02-2021,E-Commerce,28,,,,,
945107,North America,UK,Wearables,5435678,272409,40%,Q3,03-02-2022,Retail Partner,21,,,,,
986241,Europe,Australia,iPad,234052,436557,40%,Q2,10-10-2024,Retail Partner,44,,,,,
846171,Europe,Japan,iPad,9974210,262937,40%,Q3,17-09-2024,Retail Partner,31,,,,,
489480,South America,Germany,Services,4361482,96145,20%,Q4,15-12-2023,Online,25,,,,,
546962,Europe,Germany,iPad,6300317,205392,30%,Q1,23-11-2021,Offline,29,,,,,
573586,Europe,Canada,Services,496137,1039,35%,Q3,28-04-2024,Offline,27,,,,,
560848,North America,Australia,Services,5360126,165003,20%,Q3,29-09-2021,Offline,50,,,,,
608144,Africa,India,MacBook,5593836,469352,30%,Q1,27-03-2024,Online,27,,,,,
381329,North America,India,Services,1036779,59120,25%,Q3,03-05-2020,Apple Store,48,,,,,
714800,Europe,India,Services,166576,436574,20%,Q4,11-04-2022,Online,35,,,,,
318687,North America,Canada,iPhone,417317,377021,20%,Q4,23-12-2021,Retail Partner,23,,,,,
282086,North America,China,Wearables,4443899,313796,30%,Q1,09-11-2021,E-Commerce,23,,,,,
707497,Oceania,India,iPhone,296797,354365,30%,Q4,04-06-2020,E-Commerce,29,,,,,
683858,Oceania,Australia,iPad,2302023,267939,30%,Q1,17-08-2021,Retail Partner,25,,,,,
373834,North America,China,Services,9845717,373024,20%,Q3,12-02-2022,E-Commerce,30,,,,,
757562,Oceania,USA,Services,8041345,86495,30%,Q1,12-09-2021,E-Commerce,32,,,,,
128830,Asia,Brazil,Services,9035012,111053,35%,Q3,24-08-2022,Apple Store,34,,,,,
358147,North America,France,iPad,4898877,416446,30%,Q2,03-02-2022,Offline,34,,,,,
311698,Oceania,USA,iPhone,8255218,360768,30%,Q2,19-08-2022,Apple Store,18,,,,,
746994,Oceania,Germany,MacBook,7687037,436053,25%,Q1,13-08-2020,Apple Store,24,,,,,
657418,North America,Australia,iPad,7233912,167358,40%,Q1,02-04-2021,Apple Store,45,,,,,
556347,North America,UK,iPad,1937533,120452,40%,Q3,12-06-2020,Apple Store,26,,,,,
798672,Europe,UK,iPhone,2202353,112678,20%,Q2,05-07-2021,Retail Partner,28,,,,,
670656,Oceania,UK,MacBook,1940165,63597,35%,Q2,23-03-2021,Offline,43,,,,,
169606,South America,Brazil,iPhone,6202279,150628,30%,Q3,12-08-2021,E-Commerce,34,,,,,
925530,North America,UK,Services,4281357,238510,35%,Q2,29-12-2021,E-Commerce,31,,,,,
432488,South America,Canada,iPad,4229107,244877,20%,Q4,07-06-2022,E-Commerce,28,,,,,
921587,North America,Japan,Wearables,8612640,304256,20%,Q1,03-06-2022,Retail Partner,26,,,,,
917895,North America,USA,MacBook,3143922,24410,35%,Q4,04-02-2022,Online,28,,,,,
782353,Africa,Germany,MacBook,4894719,136762,40%,Q2,16-05-2021,Apple Store,37,,,,,
258220,Asia,Canada,iPhone,7407752,97135,20%,Q3,01-10-2021,Online,32,,,,,
308214,Asia,USA,iPhone,5685368,200425,30%,Q2,16-08-2020,Apple Store,33,,,,,
931877,North America,Canada,iPad,5032840,5114,40%,Q4,19-07-2020,E-Commerce,27,,,,,
447066,Africa,Australia,iPhone,570652,167245,20%,Q3,28-05-2023,Online,34,,,,,
210563,North America,Australia,Wearables,8602927,444869,40%,Q4,24-07-2022,E-Commerce,18,,,,,
317239,Africa,France,iPhone,518890,224986,30%,Q1,12-06-2024,Offline,21,,,,,
106916,Europe,France,MacBook,3439162,275706,30%,Q3,19-12-2023,E-Commerce,25,,,,,
757309,Oceania,Canada,Services,25923,136386,20%,Q1,13-06-2023,Online,28,,,,,
333524,North America,Japan,iPhone,3354660,419163,20%,Q1,12-04-2024,Retail Partner,18,,,,,
572090,Asia,China,Services,138229,77287,30%,Q4,01-02-2023,Apple Store,44,,,,,
163885,Europe,UK,MacBook,3616255,334326,40%,Q1,14-01-2021,Offline,39,,,,,
404488,North America,Japan,iPhone,4910382,456333,30%,Q3,13-03-2021,Apple Store,27,,,,,
221854,North America,China,Services,5261885,174903,20%,Q1,13-05-2021,Apple Store,38,,,,,
306018,Africa,India,iPhone,1882420,108240,40%,Q2,31-03-2024,Apple Store,25,,,,,
731531,Asia,France,MacBook,7034621,47856,20%,Q3,29-03-2024,Retail Partner,36,,,,,
669482,Europe,Brazil,iPad,9532221,234431,20%,Q4,25-12-2020,E-Commerce,30,,,,,
416225,North America,USA,Services,5139933,168108,20%,Q2,20-09-2024,Online,25,,,,,
917469,Africa,Canada,Wearables,2884766,188431,40%,Q1,09-09-2020,Apple Store,32,,,,,
131613,Europe,Brazil,MacBook,6497425,471295,40%,Q3,22-07-2023,Apple Store,21,,,,,
308385,Oceania,Brazil,iPad,4557493,459200,25%,Q2,16-04-2024,E-Commerce,32,,,,,
510267,North America,USA,iPad,4203670,10894,25%,Q1,09-12-2024,Retail Partner,26,,,,,
108797,North America,Japan,Wearables,4112315,69232,35%,Q1,20-03-2024,Apple Store,45,,,,,
792635,North America,Germany,iPad,6986613,170784,35%,Q3,27-10-2020,Offline,27,,,,,
135709,Oceania,China,iPhone,4238236,353333,20%,Q1,06-02-2021,Retail Partner,18,,,,,
538525,North America,Japan,iPad,2662453,412344,20%,Q3,03-07-2021,Retail Partner,27,,,,,
845748,Oceania,Japan,iPad,879032,31739,40%,Q1,22-05-2024,Retail Partner,41,,,,,
645296,Asia,India,MacBook,611324,40510,25%,Q2,20-12-2024,E-Commerce,20,,,,,
982972,North America,Brazil,Wearables,1540321,76350,30%,Q4,09-01-2021,Apple Store,29,,,,,
406503,North America,Canada,MacBook,9765178,153404,25%,Q2,02-08-2021,Offline,25,,,,,
166369,North America,China,Wearables,5049340,471517,25%,Q1,17-08-2023,E-Commerce,20,,,,,
911558,Europe,UK,MacBook,9666124,145534,30%,Q1,25-04-2022,Retail Partner,29,,,,,
809805,North America,Germany,Wearables,2914252,220159,20%,Q1,28-07-2021,Apple Store,21,,,,,
701628,Africa,Canada,Wearables,5725305,64750,25%,Q4,09-07-2022,Retail Partner,34,,,,,
797750,North America,Germany,Services,3505016,215326,40%,Q4,04-06-2023,Online,34,,,,,
406844,Africa,Canada,iPad,7900347,307747,20%,Q1,12-05-2023,Offline,29,,,,,
354480,Asia,China,Wearables,9486953,168988,20%,Q3,05-08-2023,E-Commerce,28,,,,,
665407,Africa,India,Services,757325,151556,40%,Q4,27-06-2020,Retail Partner,39,,,,,
869510,North America,China,iPad,428325,146350,30%,Q3,25-10-2022,E-Commerce,29,,,,,
614711,South America,Canada,iPad,250798,188180,25%,Q4,11-01-2024,Apple Store,35,,,,,
407182,Asia,China,MacBook,7653133,28152,20%,Q2,01-09-2022,Retail Partner,29,,,,,
233774,Asia,Australia,Services,2710381,82786,35%,Q4,02-07-2024,Offline,30,,,,,
741679,South America,Japan,iPad,1565904,421386,30%,Q1,18-10-2023,E-Commerce,31,,,,,
870820,Europe,Australia,iPhone,1228680,35080,40%,Q2,05-04-2023,Online,32,,,,,
230192,Africa,Brazil,MacBook,5531977,220731,20%,Q3,15-12-2020,Apple Store,49,,,,,
420022,South America,Japan,iPad,627215,211865,30%,Q3,08-01-2024,Offline,44,,,,,
647522,Africa,Japan,iPad,3930862,90182,35%,Q2,24-02-2021,Apple Store,34,,,,,
694900,Africa,Brazil,iPad,8857309,123911,30%,Q4,12-02-2024,Retail Partner,32,,,,,
736337,Asia,Canada,iPhone,8424689,185745,35%,Q2,25-03-2021,Retail Partner,30,,,,,
983735,South America,Australia,MacBook,1191537,351544,40%,Q4,18-01-2022,Apple Store,42,,,,,
502896,North America,USA,iPad,3039707,188928,30%,Q4,06-10-2023,Online,28,,,,,
801549,Europe,France,iPhone,6553041,260685,40%,Q3,27-05-2024,Online,18,,,,,
447426,Asia,Brazil,iPad,2612511,319004,40%,Q1,25-08-2021,Offline,28,,,,,
209430,North America,India,iPad,4858611,146118,40%,Q3,11-02-2024,Retail Partner,33,,,,,
373295,Africa,China,iPad,6343681,244562,40%,Q2,18-01-2024,Apple Store,43,,,,,
871428,Asia,USA,iPhone,1143098,269446,25%,Q1,15-09-2020,Offline,34,,,,,
735860,South America,Canada,Services,4961459,404213,40%,Q2,04-03-2021,Retail Partner,37,,,,,
620862,North America,China,Wearables,1379936,223834,20%,Q3,12-04-2022,E-Commerce,29,,,,,
318247,Africa,Australia,iPhone,5196351,380064,35%,Q3,11-10-2020,Apple Store,26,,,,,
884254,Europe,Brazil,Services,3947369,309546,25%,Q2,20-12-2021,Offline,25,,,,,
136616,Africa,China,Wearables,4612493,435965,40%,Q4,10-04-2022,Apple Store,25,,,,,
159754,Asia,USA,MacBook,2223351,94435,30%,Q4,17-11-2021,Apple Store,39,,,,,
828069,Europe,France,Services,2801571,327007,25%,Q1,29-09-2020,Online,26,,,,,
480379,North America,France,MacBook,5161976,425569,20%,Q3,19-01-2021,E-Commerce,34,,,,,
912480,South America,China,MacBook,3712928,455589,30%,Q4,03-05-2020,Offline,38,,,,,
879175,Europe,Japan,iPad,5499556,485222,20%,Q3,23-07-2023,Offline,25,,,,,
811140,Africa,Japan,Services,7254879,263731,40%,Q3,24-05-2020,Online,28,,,,,
794214,Asia,USA,iPad,55371,160646,20%,Q4,05-12-2022,Offline,39,,,,,
923966,Asia,France,Services,8424870,335204,25%,Q4,02-11-2022,Online,29,,,,,
585435,Europe,France,MacBook,3367955,220958,30%,Q1,31-08-2021,E-Commerce,19,,,,,
717749,Europe,USA,Wearables,7782938,85122,20%,Q4,03-10-2020,Apple Store,41,,,,,
705863,Asia,India,iPad,3985960,266536,25%,Q3,07-02-2021,Offline,28,,,,,
720300,North America,Brazil,Services,1136447,243468,25%,Q3,01-03-2020,Apple Store,48,,,,,
691714,Asia,India,Services,4920658,177993,30%,Q1,08-11-2020,Offline,34,,,,,
792777,Asia,Brazil,iPhone,7916045,319788,30%,Q1,12-02-2021,E-Commerce,31,,,,,
815612,South America,USA,MacBook,234123,51017,20%,Q1,15-05-2021,E-Commerce,29,,,,,
593192,South America,UK,Wearables,840330,118851,20%,Q1,04-02-2020,Apple Store,30,,,,,
262805,Africa,France,Services,1019574,223739,35%,Q3,12-08-2020,Offline,41,,,,,
237067,Asia,UK,Wearables,8597379,76821,40%,Q3,05-02-2020,E-Commerce,30,,,,,
817086,South America,Germany,iPhone,8036827,117372,25%,Q2,28-01-2021,E-Commerce,20,,,,,
845044,South America,Canada,Services,8197683,382312,40%,Q2,28-09-2020,Apple Store,45,,,,,
768576,Europe,Germany,iPhone,7210672,477521,40%,Q3,30-01-2023,E-Commerce,32,,,,,
168025,North America,France,iPhone,8624712,28272,30%,Q3,17-02-2020,Online,23,,,,,
388055,Europe,Japan,iPhone,6937015,419550,35%,Q3,14-02-2022,E-Commerce,23,,,,,
763012,Asia,Japan,Services,7536123,93551,30%,Q4,13-09-2022,Offline,37,,,,,
110965,South America,France,iPad,8488078,201972,40%,Q1,18-07-2024,Offline,32,,,,,
795873,Africa,Australia,iPad,8473824,393550,20%,Q2,07-06-2022,E-Commerce,34,,,,,
661039,Asia,Canada,iPhone,1880057,92223,20%,Q1,28-02-2022,E-Commerce,18,,,,,
639370,Oceania,UK,iPhone,7903845,299792,30%,Q4,03-08-2020,Apple Store,27,,,,,
594009,North America,Australia,Wearables,5571425,318508,20%,Q1,27-09-2024,Retail Partner,39,,,,,
216705,North America,UK,Wearables,6160024,254535,20%,Q2,01-11-2022,Apple Store,41,,,,,
184724,South America,USA,Wearables,1308392,265655,40%,Q2,17-01-2022,Online,34,,,,,
525700,Oceania,Australia,iPad,985223,234725,35%,Q4,16-05-2020,E-Commerce,33,,,,,
643939,Europe,UK,iPhone,5953040,194963,40%,Q2,22-02-2023,Online,24,,,,,
175186,North America,Japan,Services,8691115,315097,25%,Q4,04-10-2022,Offline,50,,,,,
946366,North America,USA,iPhone,6827338,57709,30%,Q2,10-02-2020,Apple Store,19,,,,,
392376,South America,Japan,Services,3503642,14605,35%,Q1,01-11-2023,Retail Partner,45,,,,,
717001,Africa,USA,iPad,6953615,150082,20%,Q3,19-12-2023,Retail Partner,35,,,,,
689711,North America,Canada,iPad,8648363,219009,30%,Q1,28-02-2023,E-Commerce,31,,,,,
945209,Europe,USA,Services,6417447,475297,20%,Q2,19-09-2024,Online,27,,,,,
223931,North America,Australia,iPad,3046750,473936,40%,Q4,24-05-2022,Retail Partner,28,,,,,
174179,Africa,China,iPhone,3135537,39683,25%,Q1,05-06-2024,Retail Partner,30,,,,,
676224,Europe,India,iPad,5127714,476231,30%,Q4,01-06-2022,Apple Store,44,,,,,
411320,Asia,India,MacBook,5520965,246161,20%,Q2,27-08-2020,Online,24,,,,,
634442,Oceania,Canada,iPhone,8291001,329386,30%,Q1,29-12-2021,Retail Partner,23,,,,,
251217,Africa,China,Services,3767621,491344,30%,Q1,04-09-2023,E-Commerce,35,,,,,
900392,North America,USA,iPhone,8776769,31416,20%,Q1,24-12-2022,Offline,27,,,,,
882991,Oceania,Brazil,iPad,1932126,319679,30%,Q4,09-12-2023,Offline,30,,,,,
230803,Asia,Australia,MacBook,3954492,189621,20%,Q2,10-03-2020,E-Commerce,27,,,,,
528221,Oceania,UK,iPhone,2463248,255619,20%,Q4,24-10-2021,Offline,34,,,,,
396275,Europe,France,Wearables,6109504,356061,40%,Q2,17-02-2022,E-Commerce,21,,,,,
315679,Africa,Canada,Wearables,5610793,339990,40%,Q4,25-12-2023,Retail Partner,42,,,,,
301784,North America,France,iPad,4917643,81665,30%,Q2,26-06-2023,Online,31,,,,,
138200,Asia,Australia,Wearables,1089180,85785,35%,Q4,18-04-2021,Apple Store,34,,,,,
395538,Oceania,Germany,iPad,8874091,176704,20%,Q4,25-02-2023,Online,25,,,,,
991387,North America,USA,iPad,9527491,44381,35%,Q3,28-05-2021,Apple Store,39,,,,,
694281,South America,Germany,Wearables,126842,382927,35%,Q1,20-05-2022,Apple Store,32,,,,,
255651,South America,Brazil,Services,9214854,398349,30%,Q3,20-04-2021,Online,26,,,,,
842904,North America,Germany,iPad,7639801,274902,35%,Q4,20-01-2023,Retail Partner,39,,,,,
732514,North America,Japan,iPad,3334804,97478,40%,Q2,16-07-2022,E-Commerce,32,,,,,
447037,Oceania,India,Wearables,779883,311467,30%,Q3,27-08-2020,E-Commerce,24,,,,,
990301,North America,UK,iPhone,8155647,133956,30%,Q1,25-07-2020,Online,25,,,,,
863581,Asia,Canada,Wearables,9488486,319660,40%,Q1,06-11-2022,Online,32,,,,,
853843,North America,Brazil,Wearables,2075681,1394,30%,Q3,25-10-2022,E-Commerce,23,,,,,
449378,North America,India,MacBook,9035066,463345,30%,Q1,23-02-2022,Offline,18,,,,,
965888,North America,Australia,MacBook,614083,249035,30%,Q1,28-05-2024,Online,21,,,,,
351841,Oceania,USA,iPhone,5011844,380770,30%,Q2,21-04-2022,Apple Store,18,,,,,
154305,Oceania,UK,Wearables,3702121,152119,20%,Q4,10-09-2021,E-Commerce,19,,,,,
287614,Asia,France,Wearables,6837569,131814,25%,Q3,25-11-2022,Offline,34,,,,,
841766,North America,Australia,iPad,4460721,408907,30%,Q3,16-07-2021,E-Commerce,35,,,,,
593971,South America,Germany,iPhone,476375,81215,20%,Q2,01-04-2022,Offline,18,,,,,
467646,North America,USA,Services,8626073,311574,30%,Q2,15-04-2023,Online,26,,,,,
683267,Asia,Germany,MacBook,8776291,24671,30%,Q2,03-08-2020,Apple Store,19,,,,,
824693,Oceania,Brazil,Services,4695619,95848,20%,Q2,03-08-2020,Retail Partner,28,,,,,
322624,Oceania,China,iPhone,2883437,387570,30%,Q1,12-09-2024,Apple Store,24,,,,,
429083,North America,India,Wearables,538041,125330,30%,Q2,16-08-2021,E-Commerce,33,,,,,
657780,Asia,UK,MacBook,5616394,215384,25%,Q2,16-03-2022,Retail Partner,20,,,,,
990744,Oceania,Germany,Services,6349841,180729,20%,Q2,06-10-2021,E-Commerce,28,,,,,
505316,North America,China,iPhone,9957991,204323,20%,Q1,22-01-2023,Online,23,,,,,
304143,Europe,Brazil,MacBook,2818954,197109,30%,Q1,02-01-2024,Offline,43,,,,,
936706,Oceania,France,Wearables,834508,183893,30%,Q2,05-03-2024,Offline,45,,,,,
208847,Africa,India,Wearables,9756782,322447,30%,Q2,31-10-2020,Apple Store,32,,,,,
401209,Asia,Japan,iPad,19094,265386,30%,Q1,18-04-2022,Retail Partner,42,,,,,
431432,South America,France,iPad,4515765,410745,20%,Q4,25-09-2020,Apple Store,26,,,,,
668133,South America,Japan,iPad,126381,376337,35%,Q1,20-01-2025,E-Commerce,31,,,,,
893415,Asia,China,iPhone,5323239,390119,40%,Q2,06-05-2022,Online,34,,,,,
962729,South America,India,iPad,747864,130657,20%,Q3,21-08-2022,E-Commerce,29,,,,,
504444,North America,Brazil,iPhone,9846801,195890,40%,Q3,04-03-2024,Retail Partner,21,,,,,
308158,Asia,Germany,Services,4327615,393334,35%,Q4,12-03-2020,Apple Store,49,,,,,
745151,South America,China,MacBook,2288228,385727,35%,Q1,13-11-2020,Online,18,,,,,
656617,South America,France,iPhone,589035,256002,30%,Q4,26-08-2023,Retail Partner,30,,,,,
459432,Oceania,France,iPad,9885351,148680,20%,Q3,08-06-2021,E-Commerce,33,,,,,
506561,Oceania,China,Wearables,819406,494655,30%,Q1,10-03-2023,E-Commerce,32,,,,,
196598,Africa,Brazil,Wearables,6774287,265612,30%,Q4,27-04-2023,Retail Partner,27,,,,,
245798,North America,India,MacBook,988821,59399,30%,Q1,14-06-2020,Apple Store,37,,,,,
524008,North America,Australia,iPad,3825619,376972,40%,Q4,22-08-2024,Online,28,,,,,
263340,Asia,India,MacBook,1236598,64753,20%,Q4,10-11-2024,Online,21,,,,,
872661,South America,Canada,iPhone,6490263,245599,35%,Q1,13-10-2024,Online,30,,,,,
536923,North America,Germany,Wearables,530418,490785,25%,Q3,08-04-2024,Retail Partner,26,,,,,
171644,Asia,USA,Services,3233123,491670,20%,Q2,14-02-2023,Online,27,,,,,
984177,North America,Brazil,iPhone,8158502,374075,40%,Q4,10-03-2022,Retail Partner,27,,,,,
956471,Africa,Germany,Services,2123878,354993,40%,Q3,10-01-2025,E-Commerce,26,,,,,
756078,Europe,India,iPhone,5820706,391524,20%,Q2,07-08-2024,E-Commerce,21,,,,,
720324,Europe,Canada,MacBook,6690900,403479,40%,Q2,21-06-2023,Retail Partner,30,,,,,
964656,South America,UK,iPad,2355242,378699,25%,Q1,22-09-2020,Offline,34,,,,,
881547,Africa,France,iPhone,9028586,127299,25%,Q1,19-11-2024,E-Commerce,31,,,,,
274659,South America,Germany,Services,9014359,97249,35%,Q4,27-08-2022,Apple Store,25,,,,,
688168,Africa,Germany,Wearables,1930789,461143,40%,Q4,16-01-2022,Offline,26,,,,,
650227,North America,France,Services,7941632,422734,20%,Q4,17-02-2022,Apple Store,33,,,,,
904837,Oceania,Japan,Services,4267811,193365,30%,Q1,26-07-2022,E-Commerce,26,,,,,
759485,North America,UK,iPad,8060185,18816,30%,Q1,04-11-2023,Online,31,,,,,
333287,Oceania,UK,MacBook,6428180,272241,40%,Q2,27-07-2021,Apple Store,23,,,,,
397903,South America,India,Services,4190426,374894,40%,Q1,13-01-2021,Online,30,,,,,
867389,Oceania,India,MacBook,7788515,316410,25%,Q3,08-11-2022,Apple Store,41,,,,,
905837,North America,Australia,iPhone,4381780,221865,30%,Q3,16-10-2023,E-Commerce,30,,,,,
969876,Africa,Australia,iPhone,4945747,27405,20%,Q1,07-01-2023,Apple Store,28,,,,,
317311,Europe,Australia,MacBook,7677196,319188,20%,Q3,14-03-2023,Online,31,,,,,
946315,Africa,UK,Services,1544228,295639,40%,Q3,18-05-2021,Online,34,,,,,
913785,Africa,China,MacBook,1344361,398740,40%,Q3,29-10-2024,Apple Store,33,,,,,
399221,North America,Canada,MacBook,9583550,391041,30%,Q1,19-11-2023,E-Commerce,28,,,,,
978544,Africa,China,Wearables,4246623,320275,20%,Q3,27-10-2022,Apple Store,28,,,,,
458692,North America,UK,MacBook,7876499,155428,30%,Q2,03-05-2024,Apple Store,29,,,,,
263822,Africa,China,iPhone,3146303,272960,35%,Q3,30-05-2021,Offline,32,,,,,
514548,South America,France,Wearables,8527597,451056,35%,Q3,07-09-2021,Online,21,,,,,
133730,South America,Australia,Services,3837911,359082,35%,Q4,30-10-2022,E-Commerce,31,,,,,
999561,Africa,USA,MacBook,1426742,142147,40%,Q1,08-06-2023,Online,29,,,,,
166299,Europe,USA,Wearables,8339294,170420,25%,Q4,20-07-2021,Offline,21,,,,,
423232,North America,China,Wearables,4401488,177101,30%,Q2,16-08-2024,E-Commerce,34,,,,,
357329,Oceania,Australia,Wearables,7862938,441565,20%,Q2,27-05-2021,Retail Partner,26,,,,,
990568,Asia,Australia,iPad,7515929,291990,40%,Q1,30-07-2024,E-Commerce,25,,,,,
779063,Oceania,Canada,MacBook,4710988,389758,20%,Q3,27-07-2021,Online,23,,,,,
671803,Africa,USA,MacBook,3446729,213050,40%,Q4,17-11-2021,Retail Partner,43,,,,,
339740,Asia,France,Services,9686447,59124,40%,Q1,18-08-2021,Offline,45,,,,,
277028,Europe,Japan,Services,4393816,243050,40%,Q3,20-04-2024,Offline,34,,,,,
628554,South America,Japan,iPad,869472,62321,40%,Q3,08-01-2022,E-Commerce,25,,,,,
702840,Europe,France,MacBook,137405,110749,30%,Q2,31-10-2022,Online,31,,,,,
303464,Asia,Japan,Services,332289,395718,20%,Q4,19-06-2021,Retail Partner,38,,,,,
361477,South America,Australia,Services,7476155,434899,25%,Q2,23-12-2021,E-Commerce,34,,,,,
752187,North America,Brazil,Services,856518,147022,40%,Q3,27-01-2024,Retail Partner,28,,,,,
186903,Asia,China,Wearables,3141050,100931,40%,Q1,13-02-2020,E-Commerce,24,,,,,
385763,Asia,France,iPhone,2325955,280249,30%,Q1,07-11-2020,Apple Store,23,,,,,
844593,South America,Australia,Services,3042196,403062,20%,Q4,24-11-2023,E-Commerce,34,,,,,
873399,North America,Japan,MacBook,910295,456737,20%,Q3,16-06-2020,E-Commerce,34,,,,,
407340,Europe,China,Wearables,9716374,378375,25%,Q1,21-06-2021,Apple Store,18,,,,,
908839,South America,Canada,iPhone,6902040,240367,35%,Q3,27-12-2020,E-Commerce,32,,,,,
554060,South America,Germany,MacBook,4717942,479054,40%,Q1,28-06-2023,Offline,31,,,,,
479674,North America,USA,Services,1551379,479603,20%,Q3,20-04-2024,Online,33,,,,,
696776,North America,Australia,Services,180427,260307,35%,Q2,14-12-2020,Online,31,,,,,
692060,North America,China,iPhone,8728062,125020,20%,Q3,04-09-2024,Offline,34,,,,,
848518,Oceania,Canada,iPad,7532879,74761,40%,Q4,02-04-2020,Retail Partner,35,,,,,
715820,Asia,India,MacBook,3319321,147257,20%,Q4,21-12-2023,Online,21,,,,,
125523,North America,Japan,MacBook,1938182,258927,20%,Q3,26-04-2022,Retail Partner,40,,,,,
300088,Europe,UK,Services,9484710,94738,25%,Q3,21-07-2021,Retail Partner,35,,,,,
367312,Africa,India,iPad,4756031,385132,40%,Q3,02-09-2022,Apple Store,41,,,,,
437510,Europe,France,MacBook,9667850,119640,20%,Q2,04-03-2021,Retail Partner,25,,,,,
933728,South America,India,iPad,8820207,381322,30%,Q4,18-04-2020,Offline,32,,,,,
938780,North America,China,Wearables,2167478,193743,20%,Q1,02-06-2020,E-Commerce,23,,,,,
596702,Oceania,Brazil,Services,3189515,478915,25%,Q2,26-07-2020,Retail Partner,36,,,,,
779903,North America,Australia,iPhone,187512,355878,35%,Q3,20-04-2022,Online,30,,,,,
453572,Europe,China,iPad,9523859,16884,20%,Q2,20-01-2021,E-Commerce,31,,,,,
894954,North America,Japan,Wearables,560745,267699,35%,Q4,09-08-2022,Apple Store,19,,,,,
750867,North America,Canada,Wearables,1353982,260768,20%,Q4,10-08-2023,E-Commerce,31,,,,,
558442,Europe,Japan,iPhone,447177,274453,20%,Q1,02-12-2024,E-Commerce,29,,,,,
696829,South America,Japan,iPhone,8475632,463670,30%,Q3,14-02-2023,E-Commerce,21,,,,,
135064,Africa,India,Wearables,3296553,301273,20%,Q4,30-10-2023,Apple Store,44,,,,,
595983,Asia,Canada,MacBook,8004413,78703,30%,Q4,01-04-2022,Apple Store,45,,,,,
599273,Africa,Australia,Wearables,6244350,178476,30%,Q1,22-10-2021,Retail Partner,35,,,,,
297113,South America,France,Services,7532566,118499,40%,Q3,10-03-2020,Apple Store,30,,,,,
201529,South America,Japan,iPad,2316321,179388,20%,Q1,01-05-2020,Offline,33,,,,,
316455,Oceania,Germany,Wearables,6180749,52843,40%,Q4,15-02-2021,Apple Store,21,,,,,
205030,Europe,Germany,Services,3811792,471019,30%,Q2,15-04-2020,Offline,47,,,,,
957921,Asia,Brazil,iPad,206423,222047,30%,Q4,20-03-2022,Online,31,,,,,
929906,North America,UK,Wearables,2474259,356537,20%,Q2,11-03-2020,Retail Partner,23,,,,,
353272,Oceania,Germany,iPad,3852742,374595,40%,Q3,29-07-2024,Offline,36,,,,,
618433,Oceania,Japan,iPad,3372736,125208,20%,Q4,22-02-2022,Offline,42,,,,,
589401,Oceania,Canada,iPhone,2323509,380635,20%,Q1,30-07-2022,E-Commerce,25,,,,,
686404,South America,Japan,MacBook,2215508,285683,35%,Q4,12-04-2022,Offline,45,,,,,
705657,North America,Germany,Wearables,2871718,169574,40%,Q2,12-12-2020,Apple Store,27,,,,,
580210,North America,Brazil,iPad,1536864,202065,20%,Q3,12-10-2021,Retail Partner,45,,,,,
164587,Oceania,India,iPad,966662,165594,25%,Q1,27-04-2021,E-Commerce,31,,,,,
292306,Asia,India,MacBook,5039477,225435,40%,Q4,04-12-2021,Online,22,,,,,
911917,Africa,India,iPhone,7945080,172292,30%,Q2,04-04-2022,Retail Partner,24,,,,,
422096,Europe,China,Wearables,4793735,66741,30%,Q4,11-12-2022,Online,32,,,,,
734581,South America,China,iPhone,5358204,250165,35%,Q1,07-02-2021,Retail Partner,32,,,,,
588659,North America,Canada,Services,1237150,443561,30%,Q3,03-07-2022,Retail Partner,40,,,,,
939672,Africa,Canada,iPad,1228519,170250,20%,Q1,17-04-2020,E-Commerce,26,,,,,
518577,Africa,France,Services,8459142,190441,30%,Q4,25-05-2021,Retail Partner,49,,,,,
571300,Europe,China,Services,5007461,103893,30%,Q3,27-07-2022,Apple Store,40,,,,,
314296,Asia,Australia,iPad,4138221,344739,20%,Q2,13-04-2024,Online,28,,,,,
511103,Europe,Germany,Wearables,2033202,327637,30%,Q1,28-10-2023,Online,18,,,,,
971382,North America,Australia,Services,3135110,93015,30%,Q3,29-10-2021,Apple Store,46,,,,,
345031,Africa,Brazil,Services,3801246,84578,20%,Q4,05-01-2022,Online,35,,,,,
541911,North America,UK,Services,8401723,355343,20%,Q1,24-02-2022,Retail Partner,36,,,,,
102799,North America,Germany,iPhone,3163430,271138,40%,Q1,25-02-2020,Online,19,,,,,
873842,North America,Canada,iPad,7413896,245739,20%,Q3,25-03-2023,Apple Store,40,,,,,
129912,North America,France,iPhone,4530863,128005,20%,Q1,06-07-2020,Apple Store,31,,,,,
280720,Europe,India,iPhone,9494512,205970,30%,Q4,02-08-2022,Online,22,,,,,
815490,North America,Brazil,iPad,8933824,97037,40%,Q3,02-06-2024,Online,25,,,,,
863497,North America,France,Wearables,3150988,471748,40%,Q4,17-11-2020,Online,23,,,,,
148319,Africa,France,MacBook,6771020,334970,20%,Q2,08-09-2023,Apple Store,23,,,,,
705250,South America,India,iPhone,7193189,13762,30%,Q4,30-05-2024,Offline,25,,,,,
106373,Oceania,UK,MacBook,9268404,228972,35%,Q1,24-01-2021,E-Commerce,35,,,,,
594137,Europe,UK,Wearables,4018988,186302,35%,Q3,23-08-2020,Retail Partner,27,,,,,
558690,Africa,Germany,Wearables,495767,21753,20%,Q1,15-07-2023,Apple Store,20,,,,,
638686,Asia,Canada,Services,1868869,137401,25%,Q4,09-06-2023,Apple Store,40,,,,,
294758,Asia,Canada,iPad,1388957,222584,40%,Q2,24-10-2023,Retail Partner,40,,,,,
142884,North America,Germany,MacBook,5387578,391736,25%,Q3,13-09-2020,Apple Store,38,,,,,
287718,Europe,India,Services,8756099,224419,20%,Q1,02-03-2024,Retail Partner,35,,,,,
492149,North America,France,iPhone,5606906,23197,20%,Q3,21-01-2021,E-Commerce,32,,,,,
805390,Europe,USA,iPad,8719134,31340,30%,Q4,17-02-2024,Offline,25,,,,,
299482,Europe,Australia,Wearables,5965512,434067,30%,Q4,04-07-2021,Apple Store,30,,,,,
316864,Europe,Canada,iPad,8479804,126340,30%,Q2,12-03-2023,E-Commerce,26,,,,,
758242,South America,France,iPhone,3643766,134031,20%,Q2,30-04-2024,Offline,30,,,,,
118290,South America,India,Wearables,5298291,303905,20%,Q2,22-02-2022,Apple Store,21,,,,,
949786,Africa,India,iPhone,6571032,189651,40%,Q1,24-05-2023,Retail Partner,31,,,,,
628329,Asia,China,Wearables,8371765,277148,30%,Q3,03-10-2024,Apple Store,29,,,,,
469981,North America,China,Services,3712778,480536,40%,Q2,11-04-2022,Retail Partner,25,,,,,
533627,South America,Japan,Wearables,1295566,249830,30%,Q3,08-05-2021,Retail Partner,21,,,,,
925560,North America,Japan,iPad,9014839,386127,30%,Q4,03-10-2022,Online,27,,,,,
309009,North America,China,iPad,7563423,378146,40%,Q4,29-09-2024,Retail Partner,41,,,,,
116989,Asia,France,Wearables,130205,198540,40%,Q2,08-02-2024,Apple Store,35,,,,,
965844,Africa,India,iPhone,7823883,420333,30%,Q3,06-02-2024,Apple Store,28,,,,,
309344,North America,Japan,iPhone,864908,94642,40%,Q4,06-02-2022,Retail Partner,19,,,,,
124793,Oceania,USA,MacBook,8291351,83152,40%,Q2,07-10-2021,E-Commerce,28,,,,,
859134,Asia,Germany,MacBook,1230054,235738,40%,Q3,26-08-2021,Online,23,,,,,
869494,North America,India,Wearables,5283909,26998,25%,Q1,08-05-2022,Apple Store,42,,,,,
166875,North America,UK,MacBook,7629127,3734,30%,Q4,17-04-2020,Online,34,,,,,
716664,Oceania,Australia,Wearables,2355294,481203,30%,Q2,23-02-2024,Offline,41,,,,,
369723,Africa,Australia,Wearables,1849388,458748,20%,Q1,19-05-2021,Retail Partner,25,,,,,
240737,South America,Australia,iPhone,7855,137846,35%,Q3,21-05-2021,E-Commerce,20,,,,,
711127,North America,Japan,iPhone,7121416,33216,25%,Q3,27-08-2024,Offline,30,,,,,
979578,Oceania,China,Wearables,4783342,454832,40%,Q4,10-04-2024,E-Commerce,24,,,,,
831552,North America,UK,Wearables,4231254,489660,30%,Q1,02-07-2022,Retail Partner,23,,,,,
179116,Europe,Japan,MacBook,3378000,350634,20%,Q1,10-05-2020,Apple Store,32,,,,,
778858,North America,Japan,iPad,2150898,70334,35%,Q3,03-11-2021,Retail Partner,29,,,,,
122927,Asia,Australia,MacBook,1862523,493802,20%,Q3,29-08-2020,Retail Partner,40,,,,,
638717,North America,Brazil,MacBook,2630149,433200,40%,Q1,16-04-2022,E-Commerce,24,,,,,
282179,Europe,Canada,iPad,7389366,185677,40%,Q4,05-08-2020,Online,35,,,,,
364924,North America,Japan,Wearables,5079000,312859,20%,Q2,13-06-2022,Online,27,,,,,
959117,Asia,France,MacBook,5863621,191197,30%,Q2,08-09-2023,Retail Partner,46,,,,,
256637,North America,Germany,iPhone,2578014,272880,20%,Q3,12-08-2022,Offline,23,,,,,
837649,North America,Australia,iPad,1122062,148145,30%,Q2,14-07-2020,Offline,34,,,,,
808630,North America,UK,iPhone,7643186,205291,30%,Q3,05-11-2023,Apple Store,18,,,,,
306035,South America,Germany,Wearables,2147544,460800,30%,Q2,04-09-2022,E-Commerce,35,,,,,
437191,Oceania,Brazil,iPad,5168323,493818,40%,Q2,01-04-2024,Offline,35,,,,,
702844,Europe,China,iPad,1758124,451175,30%,Q1,23-06-2021,Retail Partner,42,,,,,
411905,North America,India,MacBook,4828690,15979,40%,Q4,27-01-2021,Apple Store,50,,,,,
514802,Oceania,Australia,Services,7944710,29228,40%,Q3,05-05-2020,Online,28,,,,,
274127,Europe,Brazil,Services,9761198,328398,20%,Q4,11-04-2022,Retail Partner,28,,,,,
131948,Europe,France,MacBook,5831885,99255,35%,Q4,21-01-2021,Offline,41,,,,,
506011,Asia,Canada,MacBook,5545986,394876,40%,Q3,10-04-2020,Apple Store,21,,,,,
843606,South America,China,Wearables,6361085,281336,40%,Q1,01-02-2023,Offline,44,,,,,
301968,Oceania,USA,MacBook,655675,496720,30%,Q3,07-08-2020,Offline,28,,,,,
382623,North America,India,Wearables,1263317,51675,30%,Q3,01-01-2024,Retail Partner,26,,,,,
971339,Europe,Germany,Wearables,6595259,451202,40%,Q4,24-08-2020,Retail Partner,20,,,,,
445709,North America,France,Services,2221856,450181,40%,Q1,27-03-2021,Online,27,,,,,
551268,North America,France,Services,6163921,267546,35%,Q1,30-06-2023,E-Commerce,30,,,,,
866518,Europe,USA,Wearables,5401258,86947,20%,Q1,21-01-2021,Offline,30,,,,,
551680,Europe,India,Services,6534765,477689,35%,Q2,08-05-2021,E-Commerce,30,,,,,
568251,Oceania,France,Services,1269424,290431,20%,Q1,15-05-2022,Retail Partner,41,,,,,
774902,North America,China,Services,9173692,478293,30%,Q1,12-11-2024,E-Commerce,28,,,,,
973928,Oceania,USA,iPad,3006624,472179,30%,Q3,22-10-2024,Retail Partner,35,,,,,
611052,Africa,UK,iPhone,5783443,239608,40%,Q4,10-10-2024,Online,24,,,,,
818147,South America,China,iPhone,1496161,345649,25%,Q3,11-02-2020,Retail Partner,31,,,,,
480809,North America,France,iPhone,4937278,155759,20%,Q1,18-09-2023,Online,31,,,,,
247356,Europe,India,Services,2438040,142126,25%,Q1,19-01-2021,Apple Store,29,,,,,
720129,Asia,Japan,Services,4243148,117728,40%,Q4,04-06-2020,Offline,32,,,,,
441549,Africa,France,Wearables,2039043,107476,30%,Q4,02-10-2023,Offline,23,,,,,
260335,South America,UK,iPhone,8370589,470824,35%,Q4,20-10-2020,Retail Partner,31,,,,,
835090,Africa,France,iPad,8146564,27104,30%,Q2,09-09-2023,Online,27,,,,,
799173,South America,India,iPad,6276053,116904,40%,Q1,26-08-2024,Apple Store,41,,,,,
220671,Africa,Australia,Services,7295244,305239,20%,Q2,02-11-2021,Apple Store,39,,,,,
972491,Africa,Brazil,MacBook,3888947,190622,25%,Q1,07-11-2023,E-Commerce,19,,,,,
218905,Oceania,Japan,Services,6457660,326316,30%,Q3,10-04-2023,Retail Partner,33,,,,,
931958,North America,UK,Services,411002,365752,30%,Q1,16-03-2020,Apple Store,25,,,,,
710128,Europe,China,MacBook,8934523,497655,40%,Q2,15-01-2021,E-Commerce,25,,,,,
416916,North America,Australia,iPhone,2373962,14876,20%,Q1,30-07-2021,Apple Store,30,,,,,
528422,Oceania,Japan,MacBook,1654715,275096,40%,Q1,28-09-2024,Offline,29,,,,,
681612,Oceania,France,Services,8439858,149798,35%,Q2,19-04-2024,Offline,30,,,,,
498057,Europe,India,Services,4121074,148462,30%,Q1,23-04-2020,Offline,47,,,,,
114544,Europe,UK,MacBook,1167196,326596,30%,Q1,15-01-2023,E-Commerce,20,,,,,
194104,Oceania,Germany,Wearables,1844606,236029,35%,Q3,30-10-2023,Retail Partner,22,,,,,
696320,North America,China,MacBook,3996003,491420,25%,Q1,26-07-2023,Offline,25,,,,,
569701,Africa,China,iPhone,3295035,257941,30%,Q4,22-05-2024,Apple Store,33,,,,,
960308,Africa,Brazil,Wearables,1987265,115491,25%,Q1,30-01-2020,Retail Partner,37,,,,,
707144,Africa,UK,MacBook,4800003,300990,40%,Q2,19-03-2023,E-Commerce,35,,,,,
603629,North America,Brazil,Services,1271109,81198,30%,Q3,06-07-2021,Apple Store,50,,,,,
575279,Europe,France,Wearables,5161323,320415,30%,Q4,08-04-2024,Online,32,,,,,
799770,Europe,Australia,iPhone,6753323,159483,25%,Q1,10-01-2021,Offline,31,,,,,
161071,Africa,Japan,Wearables,1337921,221728,40%,Q1,08-10-2020,Retail Partner,28,,,,,
279614,Europe,Brazil,iPhone,513934,290728,30%,Q1,31-12-2023,Online,25,,,,,
397914,North America,Canada,Wearables,8259986,149057,25%,Q3,22-05-2020,E-Commerce,24,,,,,
796357,Asia,Japan,iPhone,990215,388763,20%,Q3,17-09-2022,Online,29,,,,,
426948,North America,Germany,iPad,4993505,466373,20%,Q1,24-01-2023,Online,34,,,,,
929859,North America,Japan,Services,1030610,131094,20%,Q4,07-01-2025,Offline,46,,,,,
953769,Africa,Brazil,Wearables,5379125,25763,40%,Q3,17-10-2022,Apple Store,25,,,,,
918984,Europe,Canada,MacBook,6358844,405836,20%,Q2,17-11-2022,Retail Partner,44,,,,,
582077,North America,UK,iPad,1535103,160955,20%,Q3,17-06-2024,Retail Partner,30,,,,,
981213,South America,USA,iPhone,4157091,295556,40%,Q2,10-09-2022,E-Commerce,28,,,,,
653407,Africa,China,MacBook,1326671,237140,20%,Q1,30-01-2023,Offline,21,,,,,
119206,North America,Brazil,iPhone,321285,13636,20%,Q4,07-08-2023,Apple Store,28,,,,,
785713,Asia,Brazil,iPad,3041356,90685,25%,Q1,29-07-2023,Online,30,,,,,
359256,Africa,Japan,MacBook,9407303,56417,20%,Q2,14-09-2021,Apple Store,29,,,,,
402352,Africa,China,Services,3139515,260735,20%,Q3,22-10-2022,E-Commerce,34,,,,,
887767,Europe,Canada,Services,133934,221239,40%,Q4,22-04-2022,Apple Store,32,,,,,
838530,North America,France,MacBook,8867019,94204,40%,Q4,13-06-2020,Retail Partner,26,,,,,
916801,Europe,Brazil,Services,2858643,159132,40%,Q2,23-04-2023,Online,33,,,,,
810481,Asia,India,iPhone,8065095,120158,40%,Q3,19-04-2023,Retail Partner,25,,,,,
912892,Oceania,France,MacBook,5981858,475207,30%,Q2,15-01-2023,E-Commerce,27,,,,,
511972,Oceania,China,Wearables,6583668,127006,25%,Q3,04-09-2020,Online,32,,,,,
597511,Europe,France,MacBook,9960132,259548,40%,Q3,29-04-2024,Online,35,,,,,
373013,North America,USA,iPad,2930761,373214,35%,Q4,08-11-2024,E-Commerce,35,,,,,
967110,South America,China,MacBook,4867544,104229,40%,Q1,30-06-2021,Online,27,,,,,
395260,Oceania,USA,Services,5378179,188756,20%,Q3,20-08-2020,Apple Store,39,,,,,
829505,Asia,Canada,iPad,1866255,264173,30%,Q3,01-12-2022,Retail Partner,38,,,,,
870509,Africa,Brazil,Wearables,1267673,112362,30%,Q3,08-11-2022,Offline,36,,,,,
187592,Oceania,Japan,iPad,8963954,269317,20%,Q4,29-10-2024,Online,30,,,,,
296034,North America,Brazil,Wearables,3323336,274874,20%,Q4,29-05-2022,Offline,28,,,,,
866373,Asia,Canada,MacBook,4132660,276931,40%,Q2,26-05-2020,E-Commerce,33,,,,,
660522,Oceania,Brazil,iPhone,1555486,33101,40%,Q1,21-08-2023,Online,29,,,,,
394999,Africa,China,iPad,366907,19502,40%,Q3,13-07-2023,Offline,44,,,,,
818239,Europe,Germany,Wearables,5733806,231639,30%,Q2,15-07-2024,Apple Store,18,,,,,
236333,South America,Canada,MacBook,1422716,142183,40%,Q3,05-12-2020,Offline,40,,,,,
482424,Europe,France,Services,5551308,260443,20%,Q4,23-02-2020,Offline,32,,,,,
165626,Africa,UK,iPad,1466080,320975,35%,Q3,26-05-2021,Offline,35,,,,,
206378,Oceania,Australia,iPhone,2634767,375917,35%,Q4,29-02-2020,Retail Partner,32,,,,,
586183,South America,Germany,MacBook,4822178,139430,25%,Q1,19-12-2022,Retail Partner,25,,,,,
106349,North America,Brazil,iPhone,7317807,447953,20%,Q2,01-06-2021,Offline,27,,,,,
480434,North America,USA,iPhone,9971297,482797,30%,Q2,28-04-2024,Online,24,,,,,
390932,North America,India,Services,9018222,232612,20%,Q3,15-10-2024,Offline,37,,,,,
105154,North America,France,MacBook,1843670,190080,20%,Q4,03-02-2023,Retail Partner,31,,,,,
154367,North America,USA,iPad,6228330,346493,20%,Q2,23-06-2020,Retail Partner,35,,,,,
614395,North America,Australia,iPhone,5443266,493674,25%,Q3,07-03-2021,Offline,30,,,,,
766337,North America,Brazil,Services,4495440,440909,35%,Q3,25-05-2024,Retail Partner,25,,,,,
942236,Africa,Australia,Services,106807,117571,40%,Q4,20-11-2020,E-Commerce,34,,,,,
117568,Oceania,Brazil,iPad,6612822,227329,35%,Q4,07-01-2022,Offline,37,,,,,
587854,Africa,Canada,iPhone,6461725,356995,30%,Q4,01-07-2021,Offline,19,,,,,
591285,Africa,Canada,MacBook,9244267,214593,20%,Q2,15-05-2024,Offline,46,,,,,
638007,North America,UK,Wearables,4039679,362495,25%,Q1,09-10-2022,Retail Partner,40,,,,,
484160,North America,China,Services,8100533,255684,25%,Q4,27-10-2022,E-Commerce,34,,,,,
792497,Asia,France,Wearables,9881102,68891,25%,Q3,10-01-2023,E-Commerce,24,,,,,
573401,Asia,Brazil,iPad,1443125,417742,30%,Q3,25-01-2024,Offline,37,,,,,
161325,Oceania,Japan,iPhone,6524754,85513,30%,Q4,22-12-2022,Retail Partner,32,,,,,
172722,Oceania,China,iPad,4007390,474009,35%,Q1,28-07-2021,Offline,36,,,,,
635497,Africa,China,Wearables,111767,294922,40%,Q4,28-12-2021,Offline,33,,,,,
557804,South America,Australia,Wearables,9418627,35935,20%,Q3,05-12-2022,Online,32,,,,,
334286,North America,India,Wearables,8125915,167531,20%,Q4,04-07-2023,E-Commerce,32,,,,,
607478,North America,USA,Wearables,7671658,279872,20%,Q1,30-11-2024,Retail Partner,45,,,,,
325673,Africa,Germany,iPad,875534,123423,30%,Q1,27-06-2021,Retail Partner,43,,,,,
194958,Asia,Canada,iPad,6632633,224488,25%,Q4,02-07-2020,Offline,36,,,,,
654504,South America,France,iPhone,4504564,497688,35%,Q2,10-03-2020,Apple Store,21,,,,,
323047,North America,Canada,iPad,196277,351351,20%,Q1,29-11-2022,Retail Partner,34,,,,,
212940,North America,Germany,MacBook,8876286,407565,35%,Q2,23-11-2021,Offline,44,,,,,
136649,North America,China,iPhone,2082304,383086,30%,Q3,22-12-2020,Offline,25,,,,,
924485,Europe,Australia,Services,9629248,20691,20%,Q1,13-05-2023,Offline,50,,,,,
961106,North America,Canada,iPhone,4919770,166256,35%,Q2,24-02-2023,Apple Store,24,,,,,
975728,Europe,UK,iPad,5216553,279628,20%,Q2,28-12-2020,E-Commerce,35,,,,,
586500,Africa,Australia,iPad,8100747,50791,40%,Q2,20-10-2022,Online,25,,,,,
714966,Europe,France,iPad,2791286,16098,40%,Q4,08-09-2023,Apple Store,40,,,,,
211213,Africa,China,Services,9855227,365352,30%,Q2,05-05-2021,Online,31,,,,,
829588,North America,India,iPad,3455691,47468,30%,Q4,05-12-2023,Retail Partner,45,,,,,
582906,North America,China,Services,1259629,466316,25%,Q4,04-06-2023,Online,27,,,,,
836492,Africa,China,iPad,8326238,23500,35%,Q4,10-02-2021,Apple Store,32,,,,,
798346,Oceania,UK,Services,3193847,244360,30%,Q2,29-01-2022,Retail Partner,35,,,,,
758107,Africa,USA,iPhone,2861886,85862,20%,Q3,02-04-2024,Retail Partner,29,,,,,
711203,Africa,Canada,Services,4984922,481702,40%,Q3,23-10-2024,Apple Store,26,,,,,
521099,Asia,Japan,MacBook,4953724,335070,25%,Q2,12-11-2022,Online,25,,,,,
836492,South America,China,Wearables,929307,460957,40%,Q1,17-01-2021,E-Commerce,24,,,,,
503063,Africa,USA,Services,4132881,407744,35%,Q4,26-11-2021,Apple Store,32,,,,,
246672,North America,Canada,iPhone,8635390,321781,25%,Q4,01-12-2023,Retail Partner,26,,,,,
589421,South America,Japan,Services,8255824,459321,35%,Q3,03-05-2022,Apple Store,25,,,,,
592630,Europe,India,Wearables,8575116,109720,30%,Q4,30-11-2024,Offline,35,,,,,
637524,South America,Brazil,MacBook,505638,307934,20%,Q1,29-03-2020,Apple Store,45,,,,,
840322,Africa,Japan,MacBook,3434983,393727,35%,Q3,30-05-2020,Apple Store,45,,,,,
562631,Africa,Canada,MacBook,7662511,463217,25%,Q2,18-08-2021,Retail Partner,25,,,,,
917595,North America,India,MacBook,9042438,180187,20%,Q1,02-04-2024,Apple Store,28,,,,,
948250,Europe,Japan,Wearables,232895,73224,40%,Q2,10-06-2022,E-Commerce,18,,,,,
233496,North America,France,Wearables,3791083,19437,25%,Q1,01-03-2021,Online,21,,,,,
379669,South America,USA,iPhone,7431759,405389,40%,Q1,24-05-2021,Apple Store,29,,,,,
544446,Oceania,Japan,MacBook,5579484,276765,20%,Q3,09-01-2020,E-Commerce,34,,,,,
604729,Oceania,Brazil,MacBook,4443081,453103,30%,Q3,17-03-2023,Offline,18,,,,,
424759,Asia,Brazil,Services,9726171,390172,30%,Q3,03-12-2024,Online,29,,,,,
521633,South America,Canada,iPhone,3776659,302392,30%,Q4,28-11-2024,E-Commerce,33,,,,,
496277,Africa,Australia,Wearables,3431985,180564,20%,Q4,16-03-2023,E-Commerce,30,,,,,
303877,Oceania,India,iPhone,9375567,8625,20%,Q4,08-01-2025,Apple Store,26,,,,,
183871,Europe,Japan,iPhone,7358458,317908,30%,Q2,19-06-2022,Retail Partner,32,,,,,
957356,North America,Germany,MacBook,6846306,295304,40%,Q4,08-03-2021,Online,32,,,,,
563337,Asia,France,Wearables,4025914,486333,40%,Q4,16-11-2022,Retail Partner,38,,,,,
274708,Africa,Germany,iPad,6363995,8120,30%,Q1,06-06-2024,Apple Store,29,,,,,
427272,North America,Brazil,iPad,3435216,354784,20%,Q1,20-09-2022,Retail Partner,38,,,,,
451981,North America,Canada,MacBook,3084164,484854,20%,Q1,19-10-2024,Apple Store,22,,,,,
859446,North America,Brazil,Services,9690427,66665,40%,Q1,30-06-2023,Offline,49,,,,,
601612,Africa,India,Services,5978009,243741,20%,Q2,06-11-2024,E-Commerce,35,,,,,
250594,North America,Australia,Services,3255084,230092,20%,Q3,03-06-2022,Online,26,,,,,
656248,Africa,Germany,iPad,1457002,124139,40%,Q1,09-02-2023,Retail Partner,45,,,,,
779360,North America,Australia,Wearables,6624082,424908,20%,Q4,21-12-2022,Retail Partner,42,,,,,
570374,South America,Germany,MacBook,7612947,465791,30%,Q3,25-06-2021,Online,19,,,,,
180679,South America,Japan,iPad,9479125,434308,35%,Q2,12-05-2023,Retail Partner,28,,,,,
351757,North America,India,iPad,5067714,204946,40%,Q2,15-01-2024,Offline,27,,,,,
363353,Asia,China,MacBook,3483683,8204,25%,Q3,11-10-2021,Offline,36,,,,,
435022,North America,India,Services,1211911,207564,30%,Q2,17-12-2021,Offline,47,,,,,
280739,Asia,France,iPad,7549614,487765,20%,Q4,18-03-2023,E-Commerce,35,,,,,
916105,South America,Brazil,Services,8342907,1556,30%,Q4,09-07-2020,Offline,31,,,,,
862424,South America,Japan,MacBook,3553522,311530,20%,Q3,19-02-2020,Retail Partner,18,,,,,
972357,Oceania,UK,iPad,8820150,356626,30%,Q2,25-12-2024,Apple Store,44,,,,,
620729,Asia,Canada,MacBook,1693356,151721,25%,Q4,21-01-2022,Online,23,,,,,
819803,Asia,Canada,MacBook,8101369,168995,25%,Q2,30-04-2021,Retail Partner,36,,,,,
225324,Asia,Japan,Services,8247629,243417,40%,Q3,08-01-2023,Retail Partner,36,,,,,
461666,South America,UK,Wearables,9380699,267264,40%,Q3,25-03-2020,Apple Store,22,,,,,
729397,Asia,Japan,iPad,6614631,100652,40%,Q2,02-08-2024,Apple Store,25,,,,,
178466,Asia,Australia,iPad,7857877,99887,20%,Q3,14-06-2022,Online,35,,,,,
684066,North America,UK,MacBook,7003408,275126,20%,Q3,27-01-2023,Online,31,,,,,
474782,Africa,Australia,MacBook,7692854,423919,25%,Q2,22-03-2020,Online,33,,,,,
541961,Oceania,USA,iPad,4631168,116441,20%,Q1,22-04-2020,Apple Store,25,,,,,
726212,Europe,UK,iPad,6050878,24774,30%,Q1,21-06-2022,Apple Store,40,,,,,
101492,Asia,China,iPhone,4627775,112709,30%,Q1,26-12-2022,Retail Partner,22,,,,,
632771,North America,USA,Services,4214098,139880,35%,Q3,26-11-2021,Offline,45,,,,,
537717,Europe,USA,Wearables,839719,474453,25%,Q4,23-08-2022,E-Commerce,33,,,,,
140035,Oceania,India,iPhone,5153123,381662,30%,Q3,23-11-2024,Online,29,,,,,
833341,North America,China,MacBook,4967546,370543,40%,Q3,25-06-2024,Online,18,,,,,
986714,North America,Japan,Services,5471725,443859,25%,Q4,25-10-2021,E-Commerce,29,,,,,
512359,Oceania,France,MacBook,4176551,387073,30%,Q1,10-05-2023,Apple Store,21,,,,,
330629,North America,China,Services,3125188,340156,30%,Q1,04-06-2022,Offline,26,,,,,
528640,North America,China,MacBook,1901420,439401,40%,Q1,14-11-2020,Apple Store,32,,,,,
663461,Asia,UK,Services,4393279,122099,35%,Q1,03-08-2021,Retail Partner,25,,,,,
649779,North America,UK,Services,4450161,213319,20%,Q3,17-12-2021,E-Commerce,32,,,,,
762943,Oceania,Japan,MacBook,139783,321054,35%,Q2,16-04-2021,Offline,36,,,,,
530664,Europe,China,MacBook,3438822,247047,25%,Q3,18-06-2023,Offline,24,,,,,
120427,Africa,Australia,Services,3625447,178710,35%,Q2,13-10-2020,Offline,25,,,,,
891456,South America,Canada,iPad,4629842,33589,40%,Q2,12-05-2023,Apple Store,38,,,,,
407137,Africa,UK,MacBook,8931042,25218,40%,Q3,12-09-2022,Retail Partner,19,,,,,
980721,North America,Australia,iPad,2911322,135057,40%,Q2,28-02-2022,Online,31,,,,,
271290,Europe,India,iPad,8865380,476718,25%,Q2,24-02-2022,Apple Store,34,,,,,
320458,Africa,Germany,MacBook,8482554,16895,20%,Q3,18-02-2022,E-Commerce,26,,,,,
158538,Asia,Japan,iPad,1108052,392880,40%,Q4,25-09-2024,Apple Store,39,,,,,
537200,Asia,India,MacBook,9409996,388931,35%,Q4,10-06-2022,Offline,30,,,,,
261424,Oceania,India,iPad,832203,464271,30%,Q4,01-01-2024,Offline,44,,,,,
713355,North America,Japan,MacBook,1463734,300072,30%,Q3,29-07-2020,E-Commerce,29,,,,,
661937,Asia,USA,MacBook,819472,425091,40%,Q4,04-01-2024,E-Commerce,27,,,,,
370844,Asia,Japan,iPad,4573864,110870,25%,Q1,08-04-2023,E-Commerce,27,,,,,
445370,North America,UK,Wearables,601595,33611,40%,Q3,28-02-2023,Online,19,,,,,
427633,Oceania,Brazil,Services,966190,301860,20%,Q1,29-02-2020,Retail Partner,35,,,,,
194739,Europe,Brazil,MacBook,716276,334465,40%,Q4,26-06-2021,Online,20,,,,,
809259,Oceania,UK,iPhone,1937316,245686,40%,Q2,26-05-2021,Offline,22,,,,,
947985,South America,Germany,Wearables,9611694,7284,20%,Q2,11-12-2024,Offline,19,,,,,
553347,Europe,USA,iPad,2208208,162069,30%,Q3,10-10-2023,Online,32,,,,,
978926,South America,China,MacBook,5030313,252516,30%,Q2,16-07-2022,E-Commerce,29,,,,,
759781,Africa,Germany,MacBook,2472029,389069,35%,Q4,26-12-2022,Online,30,,,,,
464271,South America,Canada,MacBook,2379790,480048,35%,Q2,17-08-2024,Apple Store,48,,,,,
226948,Oceania,USA,Services,5941386,343731,20%,Q2,02-09-2020,Offline,26,,,,,
347044,North America,Canada,Wearables,5705559,480365,30%,Q4,28-05-2022,E-Commerce,23,,,,,
949856,Asia,China,MacBook,4700902,453383,30%,Q3,20-06-2021,Online,24,,,,,
478818,South America,Brazil,MacBook,898251,91121,20%,Q3,30-08-2024,Apple Store,34,,,,,
786063,North America,France,iPhone,2532991,276090,40%,Q1,30-10-2022,Retail Partner,18,,,,,
492988,North America,USA,Services,6193214,185609,30%,Q2,23-02-2024,Apple Store,41,,,,,
381396,Oceania,France,iPad,2220677,132898,40%,Q4,12-12-2022,Retail Partner,31,,,,,
237960,Africa,Canada,iPhone,2077602,483301,25%,Q2,12-12-2021,Apple Store,20,,,,,
491204,North America,UK,iPhone,7452674,258919,30%,Q4,20-03-2024,Apple Store,22,,,,,
168613,North America,Australia,MacBook,6319373,25811,40%,Q4,15-02-2023,E-Commerce,31,,,,,
958763,Africa,Australia,Wearables,120247,70719,35%,Q2,13-04-2020,E-Commerce,19,,,,,
232289,Asia,Canada,iPad,7055387,447323,30%,Q4,31-12-2021,Apple Store,29,,,,,
619944,North America,Australia,MacBook,3302968,222162,30%,Q2,25-08-2023,E-Commerce,18,,,,,
604522,Oceania,China,Wearables,4761228,445357,30%,Q2,24-11-2022,Online,31,,,,,
576825,Africa,Japan,iPad,8246134,139773,25%,Q1,30-12-2023,Online,29,,,,,
514373,Europe,UK,iPad,1697835,2697,35%,Q3,02-01-2024,Apple Store,37,,,,,
422549,North America,France,MacBook,2442580,36989,20%,Q4,02-09-2022,Offline,32,,,,,
513065,North America,USA,Services,2618076,377090,40%,Q4,18-04-2022,Retail Partner,49,,,,,
542331,Africa,China,Wearables,290257,378943,40%,Q1,02-04-2022,Retail Partner,38,,,,,
427643,North America,Brazil,iPhone,2196712,439778,30%,Q1,11-10-2020,E-Commerce,28,,,,,
803771,North America,France,Services,6240097,364078,25%,Q4,10-07-2023,E-Commerce,31,,,,,
972000,Oceania,Japan,Services,4013673,103389,30%,Q4,30-05-2023,Offline,33,,,,,
423888,South America,USA,Wearables,7076693,453731,30%,Q2,25-01-2021,Retail Partner,42,,,,,
157957,North America,India,MacBook,6781995,145046,40%,Q1,08-08-2023,Online,34,,,,,
199521,North America,India,MacBook,9755704,486049,35%,Q3,06-02-2020,Offline,32,,,,,
789117,Asia,China,Wearables,5649800,330851,30%,Q1,20-05-2024,Apple Store,45,,,,,
452870,Africa,France,iPad,5745927,287785,20%,Q2,05-05-2020,Offline,43,,,,,
510757,North America,UK,MacBook,1448425,338588,20%,Q4,22-06-2023,Retail Partner,43,,,,,
421127,Oceania,Brazil,iPhone,2782004,358009,20%,Q2,23-07-2022,Offline,25,,,,,
284862,Oceania,France,Services,8068925,448136,30%,Q3,08-05-2022,Retail Partner,40,,,,,
157865,Oceania,France,iPhone,9106228,51324,35%,Q1,27-08-2023,Retail Partner,20,,,,,
803365,North America,France,Wearables,9750814,261122,40%,Q3,01-07-2022,Online,25,,,,,
713830,Oceania,India,iPad,4332600,167876,35%,Q2,22-12-2023,Apple Store,30,,,,,
179757,Asia,Canada,iPhone,5209353,290574,30%,Q4,23-07-2023,Apple Store,31,,,,,
151901,Asia,Brazil,Services,3967553,401397,20%,Q1,12-09-2021,Apple Store,33,,,,,
489069,Asia,USA,Services,5682944,353881,30%,Q2,28-02-2021,Apple Store,26,,,,,
524571,South America,Australia,MacBook,9721464,172309,40%,Q1,28-07-2023,Online,34,,,,,
672559,North America,Australia,iPad,3287658,97208,20%,Q1,20-04-2023,Offline,44,,,,,
497585,North America,USA,iPhone,1571030,315386,20%,Q2,08-03-2024,E-Commerce,21,,,,,
694060,North America,Germany,MacBook,8181020,216783,25%,Q2,16-02-2021,Apple Store,24,,,,,
462180,Oceania,Brazil,Services,674134,484590,40%,Q4,15-04-2024,Apple Store,44,,,,,
960746,North America,China,Services,7230245,13957,20%,Q1,02-07-2020,Offline,27,,,,,
472613,North America,France,iPad,9233365,147762,40%,Q4,02-07-2021,Offline,32,,,,,
424346,Africa,China,MacBook,8983139,172455,20%,Q1,26-02-2020,Apple Store,23,,,,,
540081,South America,China,MacBook,544264,18394,20%,Q2,10-02-2023,Apple Store,29,,,,,
214405,South America,Germany,Services,8132256,424638,20%,Q4,18-03-2023,Offline,30,,,,,
885855,Oceania,Brazil,Wearables,2825875,68575,25%,Q1,18-03-2020,Apple Store,24,,,,,
264143,Oceania,Australia,Services,4011521,413814,30%,Q2,19-02-2020,Apple Store,43,,,,,
270057,North America,France,Wearables,5352825,51565,40%,Q3,31-01-2021,Offline,30,,,,,
490511,Oceania,Australia,MacBook,2064492,5715,40%,Q1,21-01-2021,Online,25,,,,,
458039,Africa,Australia,iPad,5014154,457412,30%,Q2,13-01-2024,Offline,44,,,,,
583645,Oceania,UK,iPad,399609,222100,40%,Q3,08-05-2021,Apple Store,42,,,,,
895109,North America,Canada,MacBook,6180605,393694,20%,Q4,23-12-2024,Online,25,,,,,
590541,South America,Canada,iPad,2185662,138237,30%,Q1,26-06-2021,E-Commerce,31,,,,,
902712,Europe,Australia,iPad,8477328,264576,20%,Q3,28-07-2024,Retail Partner,28,,,,,
484488,Europe,France,MacBook,6651009,253483,25%,Q1,31-03-2021,E-Commerce,22,,,,,
945635,Asia,India,Services,5815844,447941,25%,Q1,10-12-2023,E-Commerce,34,,,,,
100737,North America,Canada,Wearables,1130273,25989,40%,Q2,20-02-2024,Offline,39,,,,,
446413,North America,USA,iPhone,9075049,340401,20%,Q1,08-04-2022,Offline,28,,,,,
887196,North America,UK,Wearables,3913951,234265,35%,Q2,07-03-2021,Offline,42,,,,,
231861,North America,China,iPad,1559304,11530,20%,Q2,22-12-2020,Offline,44,,,,,
656100,South America,India,iPad,9807559,380759,25%,Q1,04-09-2023,Online,30,,,,,
208911,Africa,Brazil,Wearables,104692,78039,20%,Q2,07-10-2020,Apple Store,29,,,,,
889441,Asia,Canada,iPhone,1497085,454088,40%,Q2,31-07-2023,Apple Store,34,,,,,
966200,North America,Brazil,Services,5452804,94637,40%,Q2,21-07-2024,Online,34,,,,,
230139,Oceania,Japan,iPad,8901752,7031,20%,Q1,02-01-2025,Online,31,,,,,
535914,Europe,Australia,Services,8928563,90300,30%,Q2,09-03-2024,E-Commerce,34,,,,,
581300,Oceania,Canada,Wearables,4968197,355438,40%,Q2,14-01-2021,Offline,22,,,,,
664656,South America,UK,MacBook,8749936,452663,20%,Q1,25-01-2023,Apple Store,29,,,,,
117934,North America,India,MacBook,4918287,207707,20%,Q3,28-09-2020,Offline,24,,,,,
456574,Europe,Japan,MacBook,155256,26647,30%,Q2,27-03-2021,Apple Store,37,,,,,
871118,Oceania,India,Services,8971668,206991,35%,Q2,11-01-2024,Retail Partner,41,,,,,
873819,Asia,Japan,Services,3178797,5402,25%,Q4,20-12-2020,Online,33,,,,,
346246,Oceania,Brazil,MacBook,3222638,305002,20%,Q2,27-05-2020,E-Commerce,26,,,,,
615578,Asia,Australia,iPad,2504616,317770,25%,Q2,07-07-2022,E-Commerce,34,,,,,
956799,Asia,USA,iPad,7433235,330732,35%,Q1,19-06-2024,Apple Store,35,,,,,
649622,Oceania,Canada,Wearables,4316287,284911,40%,Q4,14-09-2022,Online,19,,,,,
214240,South America,India,iPad,3168886,448162,20%,Q2,14-09-2020,Apple Store,35,,,,,
447666,Asia,India,MacBook,8851488,384025,20%,Q2,27-02-2022,Retail Partner,34,,,,,
242514,North America,France,MacBook,1529981,206836,35%,Q1,19-04-2024,Retail Partner,33,,,,,
497645,Oceania,China,Services,6992682,456419,40%,Q1,01-12-2022,E-Commerce,26,,,,,
325895,South America,USA,Services,2985821,183302,30%,Q3,05-01-2022,Online,31,,,,,
492855,Europe,Japan,iPad,5600539,235361,25%,Q4,18-12-2024,Apple Store,36,,,,,
728841,Europe,Brazil,MacBook,1648721,176590,35%,Q1,17-05-2021,Retail Partner,28,,,,,
180649,Asia,France,iPhone,5187491,165019,30%,Q1,17-08-2024,Offline,21,,,,,
485581,North America,India,Services,5150810,257261,20%,Q2,15-05-2022,E-Commerce,25,,,,,
295604,North America,Canada,MacBook,8606959,225667,30%,Q1,14-06-2024,Retail Partner,26,,,,,
697226,Oceania,USA,Services,5556734,18304,25%,Q3,29-01-2023,Online,30,,,,,
171000,South America,Canada,Wearables,1575928,247904,30%,Q4,09-07-2022,Online,27,,,,,
637819,South America,Canada,iPad,2250410,215539,20%,Q2,12-08-2020,Online,31,,,,,
443280,North America,India,iPad,4947184,128946,25%,Q3,07-03-2021,Apple Store,39,,,,,
708194,Oceania,China,MacBook,2870499,264561,40%,Q2,09-07-2023,Retail Partner,43,,,,,
972538,Africa,China,Services,6205911,471809,40%,Q3,23-07-2023,Online,29,,,,,
752992,Africa,Germany,Wearables,3965469,289143,20%,Q4,07-03-2021,Apple Store,26,,,,,
647035,Africa,Australia,iPhone,9138272,362257,35%,Q4,02-10-2020,Online,19,,,,,
642511,Africa,Germany,iPad,2054009,144240,40%,Q2,25-01-2021,Retail Partner,42,,,,,
550429,Africa,France,Services,9273023,201763,20%,Q2,30-08-2024,Retail Partner,42,,,,,
639541,Asia,Australia,iPhone,6877012,493103,40%,Q2,11-11-2024,Offline,21,,,,,
977825,South America,Germany,iPhone,6737824,257244,35%,Q2,03-12-2023,Apple Store,33,,,,,
128478,North America,Canada,Services,1182298,37502,40%,Q4,06-02-2022,Retail Partner,33,,,,,
915051,Europe,Brazil,iPad,9408046,174789,40%,Q4,25-09-2023,Apple Store,42,,,,,
973780,North America,Australia,iPhone,7840815,410192,40%,Q2,10-08-2024,Apple Store,28,,,,,
728613,Europe,Australia,Services,4977004,416892,20%,Q2,12-03-2022,Retail Partner,29,,,,,
171183,Africa,Canada,Services,6081920,371901,25%,Q3,05-11-2021,E-Commerce,29,,,,,
635521,North America,UK,Wearables,7492303,236581,30%,Q3,13-09-2020,Online,27,,,,,
993964,South America,China,Wearables,6304238,328818,35%,Q4,18-01-2021,Retail Partner,32,,,,,
477460,Oceania,Japan,Wearables,4183331,29834,35%,Q1,20-03-2023,Online,25,,,,,
836970,South America,USA,iPhone,4584367,468420,30%,Q3,23-07-2024,Offline,27,,,,,
561004,Oceania,China,MacBook,4687990,65264,20%,Q2,11-12-2023,Online,27,,,,,
581884,South America,Canada,iPhone,354357,11452,30%,Q3,16-01-2025,Retail Partner,22,,,,,
999118,South America,Canada,Services,9410838,287002,20%,Q4,21-12-2020,Online,29,,,,,
882865,Asia,France,MacBook,2191597,315212,25%,Q1,06-07-2021,Online,33,,,,,
118956,Asia,Brazil,iPad,3269056,31845,20%,Q4,21-02-2020,Online,31,,,,,
771637,Europe,Brazil,iPad,5225219,492340,35%,Q3,26-08-2024,Apple Store,39,,,,,
680714,South America,France,Wearables,1739206,302661,25%,Q2,17-08-2021,Apple Store,45,,,,,
968411,Europe,Japan,MacBook,4404782,197118,25%,Q4,17-07-2022,Online,22,,,,,
999248,South America,USA,iPhone,1461525,156913,40%,Q2,23-10-2020,Offline,34,,,,,
441198,South America,UK,MacBook,3409419,429754,25%,Q2,14-11-2020,Retail Partner,45,,,,,
211611,North America,Germany,MacBook,8199690,259701,25%,Q1,14-01-2025,Online,19,,,,,
203207,North America,Japan,Wearables,7752194,333704,20%,Q2,30-06-2022,Offline,37,,,,,
645079,Europe,Australia,Services,3627537,344542,35%,Q2,08-12-2021,E-Commerce,35,,,,,
825413,North America,UK,MacBook,5059966,259937,40%,Q3,30-05-2022,Apple Store,33,,,,,
901947,South America,China,iPhone,5140551,175480,35%,Q2,16-08-2020,E-Commerce,21,,,,,
735439,Oceania,Germany,Wearables,881942,349070,25%,Q1,18-07-2023,Offline,19,,,,,
174760,Asia,Brazil,MacBook,1677979,155020,20%,Q1,01-10-2023,Offline,43,,,,,
992762,North America,Germany,Wearables,5728093,329120,20%,Q2,23-11-2021,Apple Store,22,,,,,
546882,North America,Germany,Services,4189547,425539,30%,Q4,06-01-2023,Apple Store,31,,,,,
982184,North America,China,Wearables,3115239,488311,30%,Q4,28-02-2022,E-Commerce,26,,,,,
597925,North America,China,iPad,8813305,256112,25%,Q2,10-01-2021,Retail Partner,42,,,,,
987263,Oceania,China,iPad,5876046,202535,40%,Q4,16-12-2022,E-Commerce,25,,,,,
977838,North America,China,Wearables,7395992,210550,35%,Q1,14-03-2022,Retail Partner,25,,,,,
170966,North America,Brazil,Wearables,2584041,438310,30%,Q4,11-09-2023,Retail Partner,35,,,,,
645671,Europe,Brazil,iPad,5602825,355108,40%,Q1,14-08-2021,Retail Partner,27,,,,,
254749,Oceania,UK,iPhone,6375791,15044,40%,Q3,27-10-2021,Offline,26,,,,,
407594,Europe,Germany,iPhone,9103308,334972,25%,Q1,07-03-2023,Online,33,,,,,
179966,Europe,Canada,MacBook,6069245,450061,35%,Q3,15-05-2022,E-Commerce,22,,,,,
612363,Europe,Canada,Wearables,7682005,455333,40%,Q3,17-05-2024,Retail Partner,32,,,,,
873383,Europe,Brazil,Services,5703878,183098,20%,Q1,12-12-2020,Offline,50,,,,,
714455,South America,Germany,iPhone,4090565,62902,30%,Q2,05-12-2022,Online,24,,,,,
777893,Asia,UK,Services,1653740,487117,25%,Q1,09-01-2022,Retail Partner,50,,,,,
732095,North America,Germany,iPhone,7733434,115899,30%,Q2,20-09-2023,Offline,33,,,,,
281706,North America,UK,Services,4506668,453133,30%,Q1,03-04-2024,Online,25,,,,,
857540,Europe,USA,MacBook,2280859,224266,40%,Q2,04-05-2021,Retail Partner,50,,,,,
572837,Asia,UK,Wearables,5945537,153000,35%,Q4,15-09-2021,Retail Partner,37,,,,,
203989,South America,China,iPad,6498139,97833,25%,Q2,18-02-2022,Online,34,,,,,
732122,Asia,Japan,Wearables,7473736,147471,25%,Q2,03-11-2022,Retail Partner,33,,,,,
613005,North America,UK,MacBook,6159676,499080,20%,Q2,11-04-2024,Retail Partner,29,,,,,
795789,Europe,China,iPhone,6609819,23701,30%,Q3,22-05-2022,Offline,34,,,,,
137742,North America,UK,Services,3158055,202747,40%,Q2,10-02-2020,Online,33,,,,,
294649,Africa,Canada,Wearables,7985819,64312,20%,Q3,02-12-2023,Retail Partner,39,,,,,
463491,North America,India,iPhone,1305220,29063,40%,Q3,05-02-2022,Offline,34,,,,,
561592,Asia,Brazil,Wearables,1238737,285430,30%,Q2,20-05-2024,Online,22,,,,,
263785,Oceania,Brazil,MacBook,8449762,131487,30%,Q4,28-12-2024,E-Commerce,32,,,,,
201774,North America,Australia,Wearables,7530793,328436,30%,Q2,19-08-2020,Retail Partner,26,,,,,
172194,Europe,Japan,MacBook,6428353,128709,40%,Q1,07-02-2024,E-Commerce,22,,,,,
552788,Oceania,Canada,MacBook,2829693,201350,20%,Q4,03-10-2024,Retail Partner,19,,,,,
137817,North America,Australia,Services,3006288,2704,35%,Q1,19-01-2022,Offline,35,,,,,
495072,North America,France,Wearables,522922,157254,35%,Q1,12-03-2021,E-Commerce,21,,,,,
711758,Asia,UK,Wearables,741006,31898,30%,Q4,16-07-2021,Online,30,,,,,
771933,North America,USA,iPad,2215551,498495,20%,Q4,17-11-2023,Retail Partner,28,,,,,
502437,South America,Canada,iPad,5390777,187035,30%,Q2,27-04-2024,Offline,31,,,,,
729631,Africa,Japan,MacBook,1701894,323409,30%,Q2,26-04-2023,E-Commerce,19,,,,,
728614,Africa,Canada,iPad,2990065,129351,30%,Q2,30-09-2023,E-Commerce,35,,,,,
466041,Asia,Japan,MacBook,3339925,156826,30%,Q2,05-02-2023,Online,33,,,,,
851008,Africa,Brazil,Wearables,4852388,206251,25%,Q1,18-07-2020,Apple Store,29,,,,,
891345,Oceania,India,iPad,4379034,319535,20%,Q2,18-09-2024,Offline,44,,,,,
790833,Oceania,Australia,iPhone,1024143,107465,30%,Q4,04-06-2024,Offline,26,,,,,
152474,Oceania,UK,iPhone,1574306,157671,40%,Q3,31-03-2023,Offline,29,,,,,
935779,Europe,Australia,Wearables,9985597,346601,20%,Q2,17-05-2023,E-Commerce,29,,,,,
149686,Asia,UK,MacBook,6407631,480724,35%,Q2,09-04-2020,Apple Store,20,,,,,
602428,Africa,UK,Services,7500604,457328,30%,Q4,26-05-2023,Online,34,,,,,
764564,Asia,China,iPad,4523555,403454,35%,Q1,15-06-2023,Retail Partner,40,,,,,
629311,Oceania,China,iPhone,8986502,297438,20%,Q4,28-04-2022,Offline,34,,,,,
424742,Europe,India,Wearables,4869171,317682,40%,Q3,05-09-2022,Retail Partner,18,,,,,
181100,South America,France,Services,5791128,303298,30%,Q4,04-10-2021,Retail Partner,28,,,,,
363241,Asia,China,iPad,6761599,434033,40%,Q1,08-11-2020,Online,31,,,,,
950620,Oceania,France,Services,9475065,171897,40%,Q3,22-06-2023,E-Commerce,28,,,,,
437462,North America,France,Wearables,6519415,154934,20%,Q2,05-05-2023,Retail Partner,20,,,,,
999806,North America,Canada,Wearables,9912472,247856,30%,Q1,05-02-2023,Retail Partner,37,,,,,
143122,North America,USA,iPhone,3677652,450789,30%,Q3,03-12-2024,Online,25,,,,,
200036,Oceania,China,iPhone,3924034,196248,40%,Q4,29-01-2023,Online,32,,,,,
924760,Asia,China,Wearables,6906734,68259,30%,Q2,02-08-2021,Online,26,,,,,
257090,Asia,Germany,Services,4187552,439716,40%,Q3,20-09-2021,Retail Partner,32,,,,,
786292,Europe,Brazil,Services,2220615,149089,25%,Q1,25-07-2023,E-Commerce,26,,,,,
348472,Africa,Germany,MacBook,7721981,378059,20%,Q3,26-03-2022,Online,32,,,,,
722155,Oceania,China,iPhone,2868291,376632,25%,Q1,05-05-2022,Retail Partner,25,,,,,
662159,South America,UK,Wearables,8669800,92785,30%,Q2,03-07-2020,E-Commerce,27,,,,,
302254,South America,Brazil,Services,1477265,92633,40%,Q2,27-05-2024,Offline,29,,,,,
770772,Africa,UK,iPad,7525425,136537,30%,Q3,19-07-2024,Online,26,,,,,
517995,Asia,Australia,Wearables,1961657,231454,30%,Q3,04-07-2023,Apple Store,45,,,,,
983191,Asia,Canada,MacBook,354387,26611,20%,Q2,14-01-2025,Apple Store,45,,,,,
895957,South America,Germany,MacBook,9017842,83128,30%,Q2,15-04-2020,Apple Store,50,,,,,
596707,South America,UK,MacBook,6169241,211122,20%,Q4,28-05-2024,Offline,26,,,,,
655997,South America,Germany,Wearables,1514028,337731,30%,Q1,20-03-2021,Online,34,,,,,
345850,North America,Brazil,Services,6407190,85754,35%,Q1,22-08-2021,Online,34,,,,,
954078,South America,Brazil,iPad,2286726,3179,30%,Q1,01-06-2024,Retail Partner,25,,,,,
267223,Oceania,Japan,Services,5425293,206367,20%,Q4,04-06-2023,Offline,30,,,,,
289661,North America,India,iPad,6476974,22682,30%,Q2,24-02-2020,Online,26,,,,,
444746,South America,Australia,iPad,2984664,68587,20%,Q2,18-11-2021,Online,31,,,,,
486812,North America,UK,Services,4301103,398911,30%,Q4,03-07-2023,Online,28,,,,,
721801,Africa,China,iPad,7732838,67619,40%,Q2,04-12-2022,Retail Partner,25,,,,,
627199,Oceania,USA,MacBook,180747,472063,25%,Q1,29-11-2021,Apple Store,23,,,,,
916372,South America,Canada,MacBook,8998063,106296,40%,Q3,17-10-2022,Offline,24,,,,,
402495,South America,Canada,MacBook,2806102,417243,20%,Q3,20-05-2023,Retail Partner,36,,,,,
824410,Asia,Brazil,MacBook,8259562,240004,30%,Q3,05-01-2022,E-Commerce,22,,,,,
956311,South America,China,iPhone,6499787,294455,30%,Q2,26-06-2022,Offline,33,,,,,
681803,Africa,USA,iPhone,2247834,208027,40%,Q3,27-08-2024,E-Commerce,30,,,,,
452751,North America,Canada,iPhone,8514203,281662,30%,Q4,11-06-2022,E-Commerce,32,,,,,
269474,North America,UK,iPhone,3430656,282963,30%,Q1,04-05-2022,Online,30,,,,,
434947,South America,Japan,MacBook,3084769,119836,20%,Q3,04-09-2022,Offline,42,,,,,
652105,Asia,USA,iPad,1140489,37118,20%,Q1,28-08-2022,Offline,44,,,,,
842743,North America,India,iPhone,9248760,263290,20%,Q3,01-09-2022,Online,21,,,,,
661390,Africa,UK,Wearables,4206836,337553,40%,Q3,15-02-2020,Online,30,,,,,
693613,North America,Australia,Services,2865185,423526,40%,Q2,03-01-2025,Online,31,,,,,
678359,Asia,USA,Wearables,6226296,161695,40%,Q3,19-10-2024,Online,29,,,,,
990600,North America,Canada,iPhone,2442251,301491,30%,Q1,24-06-2021,Retail Partner,31,,,,,
485540,Europe,France,iPad,3268906,222515,35%,Q1,05-01-2023,E-Commerce,29,,,,,
289821,Europe,Japan,iPad,6561284,365655,40%,Q2,26-12-2020,Retail Partner,31,,,,,
974631,North America,Australia,MacBook,7116760,87559,20%,Q1,24-09-2023,Retail Partner,27,,,,,
649736,Asia,China,iPad,4521297,9845,20%,Q3,22-12-2020,Online,30,,,,,
957055,North America,USA,MacBook,1361550,1037,30%,Q2,05-02-2023,Offline,32,,,,,
810007,North America,China,iPhone,3674444,127536,30%,Q4,05-04-2021,Offline,33,,,,,
695221,North America,Brazil,MacBook,451841,41805,20%,Q1,27-09-2020,Offline,38,,,,,
526103,Oceania,Canada,Wearables,8070287,145440,30%,Q3,12-11-2021,Offline,30,,,,,
891706,Africa,France,Wearables,1637648,52560,30%,Q4,18-10-2024,Apple Store,32,,,,,
263313,Asia,Germany,iPad,8976875,352046,20%,Q3,05-04-2020,Online,25,,,,,
511672,Oceania,USA,Wearables,4763840,63492,30%,Q1,20-06-2021,Online,26,,,,,
263633,South America,Brazil,iPad,3052921,76539,35%,Q1,14-06-2021,Online,34,,,,,
560076,North America,Brazil,iPhone,1378537,306085,35%,Q4,11-10-2023,Apple Store,28,,,,,
925384,North America,China,MacBook,3651402,14547,35%,Q1,09-04-2021,Retail Partner,21,,,,,
922301,South America,UK,MacBook,7722222,445208,40%,Q2,19-09-2023,Online,27,,,,,
997460,Oceania,Brazil,MacBook,4201557,338417,20%,Q2,05-05-2024,Offline,20,,,,,
244028,Europe,Canada,MacBook,4659818,63300,30%,Q1,24-12-2023,Offline,23,,,,,
117109,Oceania,Brazil,Services,107430,232702,20%,Q4,21-02-2022,Offline,25,,,,,
940123,Africa,Brazil,iPad,4601928,119497,20%,Q3,09-06-2022,Apple Store,31,,,,,
824480,North America,UK,Wearables,3460620,10213,30%,Q3,07-05-2023,Online,24,,,,,
655858,North America,Brazil,MacBook,637783,218084,40%,Q1,02-05-2020,Offline,30,,,,,
290792,Europe,France,Services,4446730,179303,30%,Q2,14-07-2021,Retail Partner,40,,,,,
861249,Asia,France,MacBook,1144325,22298,25%,Q4,14-02-2021,Apple Store,34,,,,,
163624,Oceania,Australia,Wearables,1419706,413702,35%,Q4,10-09-2022,Apple Store,43,,,,,
684945,North America,USA,Services,4598682,132214,35%,Q2,27-03-2023,Apple Store,42,,,,,
410383,Oceania,India,Wearables,6275701,304747,30%,Q2,24-04-2023,Online,34,,,,,
545724,Europe,Germany,iPhone,4068954,99743,20%,Q2,05-02-2021,E-Commerce,32,,,,,
260990,Asia,Canada,iPhone,2154337,453350,20%,Q3,30-01-2020,Apple Store,30,,,,,
467422,North America,USA,iPad,349818,199879,40%,Q4,22-02-2021,Retail Partner,26,,,,,
438819,North America,China,MacBook,7967103,322879,20%,Q4,27-09-2022,Online,20,,,,,
472145,North America,France,iPhone,5055956,182978,30%,Q1,11-11-2021,E-Commerce,26,,,,,
121205,South America,UK,Wearables,3828959,493247,20%,Q3,07-07-2021,Apple Store,30,,,,,
293167,Africa,Canada,Services,305499,216011,35%,Q2,06-06-2020,Retail Partner,41,,,,,
505743,Africa,France,iPhone,5298938,351945,25%,Q4,04-09-2021,E-Commerce,20,,,,,
359934,Oceania,Brazil,iPhone,1040265,288700,20%,Q2,14-04-2020,Offline,19,,,,,
614593,South America,China,iPad,5707800,91520,40%,Q4,12-11-2024,E-Commerce,29,,,,,
688911,Africa,China,Services,6321015,409498,40%,Q1,11-01-2022,Apple Store,35,,,,,
351776,Oceania,Germany,Services,4116689,50709,20%,Q4,16-11-2021,E-Commerce,26,,,,,
394122,South America,Canada,MacBook,1570082,173948,40%,Q4,01-08-2023,Retail Partner,26,,,,,
216736,North America,France,iPad,4321508,209114,25%,Q3,05-09-2020,Offline,45,,,,,
301404,Oceania,Brazil,iPhone,8400874,14671,30%,Q4,02-06-2023,Online,34,,,,,
996897,Europe,France,Services,7806725,416551,40%,Q3,07-01-2023,Apple Store,30,,,,,
560809,South America,Germany,iPad,7353649,297109,35%,Q4,13-11-2021,Offline,44,,,,,
570667,Europe,Brazil,Wearables,7658695,379160,20%,Q3,20-12-2022,E-Commerce,22,,,,,
732422,Africa,Australia,iPad,614685,393780,20%,Q2,20-12-2022,E-Commerce,27,,,,,
452118,Oceania,Australia,iPhone,9902094,76063,25%,Q2,19-04-2021,Offline,32,,,,,
774911,North America,France,iPad,1006281,178652,40%,Q4,07-06-2022,Apple Store,33,,,,,
194561,Oceania,USA,MacBook,2968859,355024,20%,Q2,06-09-2022,Online,26,,,,,
187336,South America,China,Wearables,5265841,39775,20%,Q1,29-06-2024,Apple Store,30,,,,,
538437,Africa,India,MacBook,959780,395805,30%,Q2,10-06-2024,Retail Partner,18,,,,,
811953,North America,USA,Wearables,5593803,344588,30%,Q1,28-04-2021,Offline,40,,,,,
434396,North America,Australia,MacBook,2083156,346333,20%,Q2,26-07-2020,Online,19,,,,,
938416,North America,France,MacBook,687979,280806,25%,Q1,18-08-2022,Apple Store,27,,,,,
502687,South America,Australia,Services,3902966,247506,25%,Q3,21-03-2024,Apple Store,26,,,,,
946746,North America,China,MacBook,9132189,82466,30%,Q3,04-03-2024,Online,19,,,,,
157287,Asia,Japan,iPhone,599800,180322,30%,Q2,25-01-2022,Offline,30,,,,,
777837,North America,Brazil,iPad,7732464,76191,30%,Q4,15-11-2024,Retail Partner,30,,,,,
991785,South America,Australia,MacBook,1597109,20231,20%,Q2,02-04-2022,Apple Store,40,,,,,
792370,South America,Australia,Wearables,2871588,294404,40%,Q4,29-09-2023,Offline,27,,,,,
455854,North America,Japan,Wearables,9207261,421762,20%,Q4,26-12-2022,Offline,27,,,,,
704239,North America,UK,MacBook,8869585,104845,35%,Q1,03-08-2023,Apple Store,36,,,,,
415429,North America,Australia,Services,9422102,242244,20%,Q1,28-09-2020,Offline,26,,,,,
259697,South America,Canada,iPad,1469932,62229,20%,Q3,30-04-2020,Retail Partner,44,,,,,
405820,Africa,Japan,iPad,6390850,228275,40%,Q3,27-09-2020,Retail Partner,33,,,,,
640445,Europe,UK,MacBook,6885731,420764,20%,Q1,03-12-2021,Online,35,,,,,
279711,North America,Australia,Services,8056852,324258,25%,Q1,20-03-2020,E-Commerce,31,,,,,
728399,South America,Canada,iPhone,9721411,221132,30%,Q2,22-04-2020,E-Commerce,32,,,,,
532622,Europe,France,iPad,1476219,320434,40%,Q2,28-02-2020,Online,27,,,,,
593801,North America,Canada,iPad,8846324,110419,30%,Q1,21-06-2020,Retail Partner,44,,,,,
949798,Africa,India,Services,3090487,61277,20%,Q4,22-09-2023,Retail Partner,50,,,,,
938918,Oceania,UK,MacBook,6048826,419809,35%,Q3,03-10-2023,Retail Partner,46,,,,,
451595,Oceania,Canada,iPhone,9353881,127761,20%,Q2,05-11-2022,Online,23,,,,,
370961,Oceania,France,iPhone,211701,269729,25%,Q3,27-12-2021,Apple Store,20,,,,,
434160,North America,Australia,Wearables,4049549,306149,35%,Q2,29-10-2024,Online,21,,,,,
372402,Europe,Brazil,iPad,2881200,275583,25%,Q1,23-05-2021,Retail Partner,27,,,,,
741607,Asia,UK,Wearables,6203862,81529,20%,Q3,14-06-2020,Offline,34,,,,,
171007,North America,Brazil,iPad,9583174,346488,40%,Q2,25-01-2023,E-Commerce,26,,,,,
267005,North America,USA,Services,3282807,472634,30%,Q3,19-03-2021,Retail Partner,28,,,,,
766057,South America,Japan,MacBook,6281318,290334,35%,Q2,27-07-2020,Retail Partner,31,,,,,
463778,Asia,India,iPhone,1218552,332226,25%,Q2,19-03-2020,Online,27,,,,,
704680,South America,UK,iPhone,9504837,432265,20%,Q1,20-07-2020,Offline,28,,,,,
644554,North America,France,Services,7984445,224233,20%,Q2,30-10-2024,Online,25,,,,,
139835,North America,UK,Services,2791548,180778,35%,Q4,28-09-2021,E-Commerce,32,,,,,
173800,Oceania,France,MacBook,1019025,399938,35%,Q4,20-05-2022,Apple Store,31,,,,,
358044,North America,India,Services,9324317,186210,40%,Q1,14-11-2022,Retail Partner,29,,,,,
729627,Europe,Canada,iPad,8561342,188573,20%,Q3,07-06-2020,Retail Partner,26,,,,,
773944,Asia,India,Services,377141,313219,30%,Q3,28-03-2023,Offline,25,,,,,
567070,Africa,China,iPhone,3860210,74166,25%,Q3,02-01-2021,Offline,34,,,,,
218157,Asia,Brazil,iPad,6826054,393237,40%,Q4,24-01-2023,Apple Store,44,,,,,
345755,North America,USA,Wearables,7394678,388471,30%,Q2,12-06-2020,E-Commerce,31,,,,,
249758,Oceania,Japan,Services,3248214,9816,40%,Q3,11-09-2020,Retail Partner,49,,,,,
809071,Asia,Australia,Wearables,9050907,118722,30%,Q4,26-02-2022,Retail Partner,43,,,,,
785241,North America,France,Wearables,7131604,136164,25%,Q4,25-02-2021,Apple Store,26,,,,,
633827,North America,Canada,iPhone,6157314,298782,35%,Q3,06-02-2022,Apple Store,28,,,,,
110669,North America,Germany,MacBook,7279164,173109,20%,Q3,21-01-2022,Apple Store,48,,,,,
250045,Africa,Brazil,Wearables,8154179,49325,35%,Q1,11-11-2023,Online,34,,,,,
722613,North America,Brazil,iPhone,2933297,124871,30%,Q3,03-04-2024,Online,23,,,,,
654898,South America,Japan,iPad,8735416,427226,30%,Q1,29-07-2023,Offline,41,,,,,
762612,Africa,Japan,MacBook,6343003,195679,25%,Q2,01-12-2022,Online,26,,,,,
883756,South America,China,iPhone,681843,219024,40%,Q4,17-12-2023,Online,25,,,,,
505587,North America,USA,MacBook,201070,252445,20%,Q3,13-04-2020,Offline,25,,,,,
351518,North America,USA,iPad,7678706,18600,20%,Q3,10-08-2024,Retail Partner,35,,,,,
131059,North America,China,iPhone,8412253,306067,40%,Q4,23-10-2021,E-Commerce,24,,,,,
808445,Africa,India,iPad,1299079,294134,35%,Q4,02-03-2023,Retail Partner,31,,,,,
567096,North America,USA,iPhone,6672710,483853,25%,Q4,23-06-2022,Apple Store,24,,,,,
560560,North America,Canada,MacBook,7092543,27968,20%,Q2,16-12-2023,Offline,43,,,,,
163653,Europe,UK,MacBook,3748395,345759,30%,Q3,13-02-2021,Retail Partner,25,,,,,
591970,Europe,France,Services,4403960,37942,30%,Q1,21-12-2024,Online,25,,,,,
707641,Asia,India,iPad,6421831,415080,20%,Q1,10-09-2022,Apple Store,45,,,,,
527406,Oceania,Canada,iPhone,8318008,359706,35%,Q4,23-08-2020,E-Commerce,19,,,,,
301724,Asia,India,iPhone,6544129,207760,30%,Q2,03-03-2020,Retail Partner,34,,,,,
973919,Oceania,Australia,Wearables,4689109,180460,40%,Q1,17-01-2024,E-Commerce,27,,,,,
965814,Oceania,Australia,iPad,8104911,83816,40%,Q1,15-09-2022,E-Commerce,32,,,,,
650982,South America,USA,Wearables,8194288,181982,20%,Q2,23-08-2020,Online,26,,,,,
422855,North America,France,Wearables,9202496,211334,25%,Q2,01-12-2021,Online,21,,,,,
846288,Asia,Japan,MacBook,9012550,58987,40%,Q1,01-10-2021,E-Commerce,27,,,,,
857623,Asia,Brazil,MacBook,5836109,158364,40%,Q2,08-02-2022,Retail Partner,32,,,,,
813853,North America,UK,iPhone,473377,277798,30%,Q1,07-08-2024,Retail Partner,23,,,,,
639468,Oceania,France,iPhone,6946890,108846,20%,Q3,21-03-2022,Apple Store,19,,,,,
408833,Africa,Australia,MacBook,4935788,192961,25%,Q3,20-11-2022,E-Commerce,28,,,,,
961337,North America,Canada,iPad,2877176,423832,20%,Q1,23-01-2021,Offline,25,,,,,
521330,Europe,Japan,iPhone,6714278,449147,30%,Q4,19-12-2021,Offline,27,,,,,
857690,North America,Canada,iPhone,5343193,449806,25%,Q1,14-08-2023,Online,27,,,,,
262240,Africa,India,Wearables,9114961,372905,40%,Q2,27-02-2021,E-Commerce,28,,,,,
229774,Africa,UK,MacBook,7083328,202045,40%,Q2,12-10-2020,Apple Store,32,,,,,
397923,Oceania,Australia,Wearables,5129211,394544,40%,Q4,19-11-2024,Retail Partner,44,,,,,
402443,North America,UK,Services,8740319,230212,20%,Q4,13-02-2020,Online,30,,,,,
450276,North America,China,MacBook,8467910,346738,20%,Q1,28-12-2022,Apple Store,48,,,,,
794272,Africa,USA,Services,8968894,496894,40%,Q1,22-09-2024,Apple Store,48,,,,,
860747,Europe,Australia,Wearables,2117294,115664,30%,Q2,12-12-2021,Online,34,,,,,
176546,North America,India,Services,3696289,193815,25%,Q3,18-02-2021,Retail Partner,40,,,,,
707664,South America,Brazil,MacBook,7677613,295271,30%,Q1,05-05-2024,E-Commerce,28,,,,,
923572,South America,Germany,Services,7667097,139158,30%,Q1,18-12-2024,Offline,35,,,,,
238817,Africa,Japan,iPhone,8941099,213188,35%,Q2,07-01-2023,Apple Store,23,,,,,
281953,South America,Japan,iPad,3393799,449818,30%,Q1,11-05-2024,Online,30,,,,,
203820,South America,Japan,iPad,4415307,218591,40%,Q3,15-08-2022,Retail Partner,40,,,,,
623927,South America,UK,Wearables,7491002,109868,25%,Q1,09-08-2023,Online,29,,,,,
543571,Asia,Brazil,Services,7050898,272892,20%,Q1,10-01-2025,Online,30,,,,,
603406,Asia,China,Wearables,6128984,231493,30%,Q4,23-08-2024,E-Commerce,25,,,,,
973801,Africa,China,iPad,6807560,252133,40%,Q4,20-01-2023,Online,33,,,,,
954136,North America,France,iPad,6468506,371359,40%,Q2,29-09-2020,Retail Partner,35,,,,,
535826,North America,Germany,iPad,3809305,399276,30%,Q4,23-05-2024,E-Commerce,28,,,,,
785883,Asia,Canada,MacBook,1526253,118871,40%,Q4,07-01-2021,Retail Partner,21,,,,,
780010,North America,Australia,iPad,7076827,300306,30%,Q1,08-01-2022,Offline,43,,,,,
958366,Oceania,USA,iPhone,8407020,273513,30%,Q1,09-04-2021,Offline,32,,,,,
342506,South America,India,MacBook,5503926,21556,40%,Q3,04-05-2021,Online,30,,,,,
315115,North America,Brazil,iPad,3646265,99987,20%,Q3,30-05-2020,Online,28,,,,,
766959,Africa,India,Wearables,4101025,235552,25%,Q3,03-03-2020,Online,21,,,,,
551236,Africa,USA,Services,7969894,69012,20%,Q2,20-11-2020,Offline,34,,,,,
529805,North America,China,iPhone,7489119,467752,20%,Q2,23-07-2021,E-Commerce,34,,,,,
683038,North America,UK,Wearables,3834419,215844,20%,Q4,08-08-2022,Online,21,,,,,
709734,North America,USA,iPad,2361746,132090,30%,Q4,11-01-2023,Online,31,,,,,
379948,South America,China,MacBook,2296529,243530,30%,Q3,03-11-2021,Online,18,,,,,
484155,Oceania,Canada,iPad,4489456,460995,40%,Q2,21-11-2020,E-Commerce,34,,,,,
984937,Asia,USA,Services,9844206,461530,20%,Q3,29-10-2021,E-Commerce,29,,,,,
594346,North America,UK,Services,9298919,393008,40%,Q4,06-05-2023,Offline,32,,,,,
268114,South America,China,iPhone,3207006,187115,20%,Q1,05-02-2023,E-Commerce,30,,,,,
603411,North America,Japan,Wearables,71002,58835,35%,Q4,06-11-2020,Retail Partner,23,,,,,
438697,Oceania,Canada,Services,7706995,120178,20%,Q3,28-05-2021,Online,33,,,,,
310061,North America,Brazil,Services,6534850,44792,40%,Q4,14-05-2023,E-Commerce,26,,,,,
852513,Asia,Brazil,iPad,8576579,348657,35%,Q4,27-09-2023,E-Commerce,28,,,,,
637118,Africa,Canada,MacBook,3266465,95465,20%,Q2,12-06-2021,Apple Store,33,,,,,
913865,Europe,Australia,Wearables,4189645,309799,25%,Q3,20-07-2021,Online,32,,,,,
949767,Asia,China,Services,8218484,466354,25%,Q4,31-12-2021,Online,27,,,,,
608700,Oceania,China,Services,9320917,64939,35%,Q1,28-11-2024,Online,33,,,,,
476556,Africa,Brazil,iPhone,3615332,164476,20%,Q2,11-01-2025,Retail Partner,19,,,,,
421618,Africa,China,iPhone,7815130,126599,25%,Q2,12-12-2023,E-Commerce,25,,,,,
349622,Asia,Canada,iPhone,1237589,190811,30%,Q4,15-07-2020,Online,31,,,,,
465438,Europe,Australia,Wearables,4879350,439162,35%,Q1,29-09-2022,Offline,39,,,,,
219705,Europe,Brazil,iPhone,289668,376299,30%,Q2,13-01-2024,E-Commerce,21,,,,,
774036,South America,China,iPad,6059533,307065,35%,Q1,20-05-2023,Online,35,,,,,
197504,Europe,China,MacBook,3684158,394370,25%,Q3,04-08-2024,Retail Partner,43,,,,,
564637,Asia,Brazil,iPad,6801257,9060,40%,Q4,14-12-2022,Apple Store,45,,,,,
347319,North America,Brazil,Services,2842329,208715,20%,Q2,06-09-2023,Apple Store,29,,,,,
911604,North America,Brazil,iPad,6340040,290647,35%,Q3,11-01-2023,Offline,28,,,,,
642189,South America,Canada,Wearables,4904184,63780,30%,Q4,28-12-2022,Offline,23,,,,,
493171,Africa,Australia,Wearables,2351432,354915,20%,Q4,15-12-2024,Apple Store,32,,,,,
818039,Asia,Canada,MacBook,4539373,149892,40%,Q4,08-04-2022,E-Commerce,35,,,,,
581315,North America,USA,MacBook,5933027,253338,40%,Q1,17-05-2024,Apple Store,46,,,,,
187454,North America,Australia,MacBook,4629513,118546,20%,Q2,22-12-2022,E-Commerce,20,,,,,
312259,Africa,Brazil,MacBook,2935877,11353,30%,Q4,17-07-2021,Online,22,,,,,
965940,North America,Japan,iPhone,5766846,67158,30%,Q2,16-02-2021,Retail Partner,19,,,,,
109062,South America,Germany,Wearables,5250243,269076,25%,Q2,30-04-2020,Online,22,,,,,
923952,Asia,UK,MacBook,5652599,364838,40%,Q2,29-11-2024,Apple Store,28,,,,,
800016,North America,Brazil,Services,3578156,17761,25%,Q2,10-12-2023,Offline,33,,,,,
519639,North America,Germany,Wearables,9423195,462779,30%,Q2,09-01-2022,Apple Store,23,,,,,
128712,Asia,Australia,Services,3415172,84103,30%,Q3,15-04-2022,Apple Store,28,,,,,
216185,Oceania,Canada,MacBook,2634612,288000,20%,Q4,10-02-2023,Apple Store,45,,,,,
585067,South America,India,MacBook,9709474,161391,25%,Q2,22-09-2023,Online,33,,,,,
616834,South America,Japan,iPad,4549470,267412,35%,Q3,17-11-2021,Online,29,,,,,
702160,Oceania,Australia,iPhone,8853641,61320,40%,Q2,04-11-2020,Offline,30,,,,,
243312,South America,UK,Wearables,1371306,382118,40%,Q1,09-01-2024,Retail Partner,31,,,,,
277742,North America,China,Services,1203635,207927,30%,Q3,06-10-2021,Offline,26,,,,,
585247,Africa,China,Services,6176840,422522,40%,Q1,26-10-2022,Retail Partner,31,,,,,
966043,Europe,Canada,Wearables,2938195,141766,30%,Q3,13-08-2021,E-Commerce,32,,,,,
634090,North America,India,iPhone,8366813,94981,40%,Q1,14-11-2020,Online,28,,,,,
243772,Asia,Brazil,Wearables,3233643,98012,30%,Q2,08-06-2023,Online,23,,,,,
427088,South America,Germany,iPhone,8198736,447034,30%,Q1,21-05-2024,Apple Store,27,,,,,
627934,North America,USA,Services,5823663,159442,20%,Q1,03-06-2023,Retail Partner,47,,,,,
220809,South America,France,MacBook,6960742,490181,30%,Q2,09-07-2020,Retail Partner,34,,,,,
319619,Africa,India,iPad,6037181,82015,20%,Q1,10-02-2023,Offline,30,,,,,
273877,Oceania,Japan,Wearables,5639093,258437,30%,Q3,21-01-2024,Offline,43,,,,,
210324,Asia,Japan,Wearables,6883071,304142,25%,Q4,16-03-2021,Retail Partner,30,,,,,
542850,Africa,USA,Wearables,8759220,123487,20%,Q3,18-02-2023,E-Commerce,33,,,,,
735642,North America,India,iPad,6663584,104315,30%,Q1,10-02-2021,Apple Store,33,,,,,
609048,North America,India,Wearables,9564648,18015,35%,Q2,09-10-2023,Apple Store,23,,,,,
378666,Africa,USA,Services,4706064,479492,25%,Q1,14-01-2025,E-Commerce,35,,,,,
385453,Europe,Brazil,Wearables,5560187,202210,40%,Q3,12-05-2022,Offline,39,,,,,
253672,North America,Canada,MacBook,4981279,185050,30%,Q3,28-03-2023,Retail Partner,46,,,,,
846649,North America,Japan,iPad,6931937,405613,30%,Q3,11-12-2024,Apple Store,43,,,,,
864945,Asia,Germany,Wearables,9074849,442867,25%,Q3,11-12-2020,Offline,39,,,,,
791071,South America,Japan,Services,5390331,195654,30%,Q2,28-10-2020,Apple Store,32,,,,,
725567,Oceania,USA,MacBook,374275,419330,40%,Q3,23-08-2024,Online,22,,,,,
333115,North America,Germany,Wearables,552454,406461,40%,Q2,29-12-2022,Retail Partner,30,,,,,
767360,North America,UK,iPad,5234419,367139,20%,Q3,28-08-2020,E-Commerce,28,,,,,
245715,Asia,UK,iPad,5450143,268423,20%,Q1,25-01-2022,Apple Store,31,,,,,
719282,Europe,Brazil,Services,8140195,60529,40%,Q2,04-06-2022,Apple Store,29,,,,,
160684,Asia,India,iPhone,1072184,88177,20%,Q3,05-11-2021,Online,33,,,,,
329713,Oceania,Germany,iPhone,8581172,148669,35%,Q3,20-09-2021,Apple Store,26,,,,,
188246,Oceania,India,Services,269593,43897,20%,Q4,21-04-2020,Apple Store,31,,,,,
371568,North America,Japan,Services,4523270,150003,40%,Q2,03-05-2020,Retail Partner,25,,,,,
187933,North America,India,MacBook,5492134,28557,30%,Q1,02-07-2022,E-Commerce,23,,,,,
259185,Oceania,India,Services,842680,256594,20%,Q4,04-08-2020,Online,29,,,,,
780496,North America,Australia,MacBook,5616077,6035,40%,Q4,03-08-2020,E-Commerce,35,,,,,
794355,North America,India,Services,7605542,311526,30%,Q3,29-09-2021,Offline,45,,,,,
643615,North America,India,iPad,4619239,139017,20%,Q4,11-04-2024,E-Commerce,26,,,,,
314114,Asia,China,Wearables,9768541,212452,20%,Q4,01-01-2021,Retail Partner,33,,,,,
660248,North America,Brazil,iPhone,843122,259243,20%,Q1,11-09-2024,E-Commerce,18,,,,,
521700,Asia,Japan,MacBook,2613972,142625,25%,Q1,30-12-2024,Offline,23,,,,,
532801,Europe,India,iPad,8704802,23239,20%,Q2,13-11-2024,Offline,30,,,,,
707277,Europe,Brazil,iPhone,7558962,149378,35%,Q3,08-08-2024,E-Commerce,29,,,,,
212114,North America,France,iPhone,3613380,1618,25%,Q1,13-04-2020,Offline,21,,,,,
934007,South America,Brazil,MacBook,2795722,195926,30%,Q1,23-12-2024,Offline,18,,,,,
603650,North America,Canada,Services,6578151,96889,40%,Q4,24-07-2024,Online,35,,,,,
484759,Asia,Germany,Wearables,3968882,395792,20%,Q3,30-05-2022,Retail Partner,41,,,,,
449163,Europe,UK,iPhone,8633615,494517,35%,Q4,10-05-2024,Apple Store,29,,,,,
749420,South America,Japan,iPad,7396321,124329,40%,Q2,04-01-2025,Online,34,,,,,
290791,Oceania,France,MacBook,5501709,56409,20%,Q3,22-04-2021,E-Commerce,26,,,,,
655638,North America,UK,MacBook,365702,460817,25%,Q1,20-05-2023,Offline,35,,,,,
320558,Europe,Germany,Services,4071951,97327,25%,Q3,25-06-2023,Online,26,,,,,
882350,South America,Canada,MacBook,965882,290647,40%,Q1,18-06-2022,Retail Partner,37,,,,,
635298,Africa,Japan,Wearables,1890403,29318,25%,Q3,06-10-2022,Apple Store,42,,,,,
648235,Oceania,Australia,Wearables,6880690,166616,30%,Q4,28-01-2021,Offline,18,,,,,
150569,North America,Canada,MacBook,7651709,100088,40%,Q2,02-03-2022,Apple Store,48,,,,,
552166,North America,Canada,iPhone,1563813,200844,40%,Q3,14-08-2022,Online,31,,,,,
644042,South America,Australia,iPhone,804084,419204,30%,Q3,18-01-2022,Offline,25,,,,,
738630,Asia,USA,MacBook,3507952,185435,30%,Q1,31-01-2023,Retail Partner,47,,,,,
325937,Asia,France,iPhone,7364958,252050,40%,Q3,06-02-2022,Apple Store,33,,,,,
679902,Oceania,India,Services,8188533,348833,35%,Q2,03-08-2022,Online,33,,,,,
749786,Oceania,USA,Services,1542441,498831,35%,Q4,13-05-2023,Offline,30,,,,,
592197,Oceania,Australia,Wearables,6921187,251173,20%,Q1,16-09-2024,Retail Partner,43,,,,,
530635,South America,China,Services,9685936,374439,20%,Q3,27-12-2022,Online,28,,,,,
703044,Oceania,France,Services,7147014,315605,30%,Q4,18-12-2024,Online,27,,,,,
641122,North America,Japan,Wearables,941342,361098,25%,Q1,14-08-2020,Apple Store,26,,,,,
965115,Asia,Australia,MacBook,5936792,77747,20%,Q1,30-06-2020,Apple Store,33,,,,,
841290,Europe,France,MacBook,132181,32324,30%,Q1,28-09-2024,Offline,24,,,,,
143661,North America,China,Wearables,1143550,329714,20%,Q3,12-10-2023,Online,32,,,,,
852798,Asia,India,MacBook,5661606,269917,20%,Q3,08-04-2020,E-Commerce,31,,,,,
412511,South America,Canada,iPhone,2013083,495510,40%,Q2,22-01-2022,Online,33,,,,,
668248,Europe,Germany,iPad,8445581,176477,35%,Q3,14-03-2022,Apple Store,43,,,,,
718043,Europe,USA,Wearables,3188710,152416,40%,Q4,07-04-2021,Apple Store,34,,,,,
919767,Asia,India,Services,9071349,390887,20%,Q4,16-09-2023,Apple Store,46,,,,,
485424,Asia,China,iPad,9028502,253658,30%,Q1,31-10-2022,Retail Partner,38,,,,,
471388,Oceania,Brazil,Wearables,4948491,485940,40%,Q3,20-12-2020,Apple Store,26,,,,,
723554,Oceania,France,iPad,677529,420149,30%,Q1,04-05-2023,Online,25,,,,,
940804,Asia,China,MacBook,2729736,212752,30%,Q1,02-09-2021,Apple Store,35,,,,,
102546,North America,Germany,iPad,2524215,241152,25%,Q1,09-11-2022,Retail Partner,26,,,,,
582554,North America,Australia,Services,3343800,296069,40%,Q2,06-11-2020,Offline,37,,,,,
919070,North America,Canada,iPhone,5047286,96538,40%,Q1,29-06-2020,Apple Store,21,,,,,
988844,South America,USA,iPad,2212790,14532,25%,Q4,23-01-2023,Retail Partner,27,,,,,
137472,North America,Germany,iPad,575710,430498,20%,Q2,18-07-2020,Retail Partner,31,,,,,
627904,Oceania,USA,iPhone,5380834,478845,30%,Q3,06-05-2023,Apple Store,29,,,,,
928328,North America,USA,Wearables,2336237,69724,20%,Q4,24-11-2021,Retail Partner,44,,,,,
267434,Africa,Japan,iPad,8798535,145718,25%,Q1,21-02-2021,Offline,28,,,,,
655605,South America,Germany,Wearables,5481348,411363,40%,Q1,31-08-2021,E-Commerce,24,,,,,
511760,Oceania,Brazil,iPad,4954690,237905,20%,Q2,25-04-2021,Apple Store,44,,,,,
831979,Asia,Germany,Wearables,2649891,168861,30%,Q2,13-11-2020,Retail Partner,31,,,,,
137408,Europe,UK,Services,4076843,176678,25%,Q4,23-11-2022,Offline,46,,,,,
460033,Asia,France,Wearables,6568065,314745,30%,Q1,14-09-2024,Online,32,,,,,
228156,Oceania,China,MacBook,9744608,348867,40%,Q1,01-08-2021,E-Commerce,23,,,,,
191540,Europe,France,MacBook,5554772,115707,30%,Q2,30-10-2020,Offline,24,,,,,
252295,South America,UK,Wearables,4056698,240841,20%,Q1,29-01-2020,E-Commerce,18,,,,,
532020,South America,UK,Services,1633654,88286,40%,Q1,25-01-2021,E-Commerce,28,,,,,
124363,North America,UK,MacBook,6431593,135803,30%,Q1,29-09-2020,Offline,30,,,,,
807032,North America,Australia,Services,3529152,340373,20%,Q1,12-07-2024,E-Commerce,31,,,,,
671368,Africa,Australia,MacBook,297309,9895,35%,Q1,31-05-2021,Offline,32,,,,,
903338,Oceania,UK,Services,517038,202551,40%,Q2,26-08-2023,Apple Store,38,,,,,
277301,Europe,USA,Services,8492399,349290,20%,Q3,14-04-2023,Offline,25,,,,,
992932,Asia,Germany,Services,204000,11247,40%,Q2,01-01-2022,Online,35,,,,,
402085,Africa,France,MacBook,9032186,339085,40%,Q4,25-05-2020,Offline,27,,,,,
268831,Asia,Australia,Services,6893924,439801,25%,Q2,26-06-2022,Retail Partner,45,,,,,
517555,Africa,India,MacBook,3856628,498036,20%,Q1,01-11-2023,Online,22,,,,,
274464,Oceania,India,MacBook,7365689,141176,40%,Q4,31-08-2020,Online,30,,,,,
298071,Africa,Brazil,iPhone,9497349,128402,20%,Q1,02-02-2023,Online,32,,,,,
427113,Europe,Germany,MacBook,8100069,228260,35%,Q1,15-11-2024,Retail Partner,19,,,,,
379737,North America,Germany,MacBook,9843818,87403,20%,Q1,12-11-2021,E-Commerce,30,,,,,
714795,Oceania,Germany,iPad,4176905,138751,20%,Q2,28-08-2021,Apple Store,44,,,,,
649453,South America,Canada,Wearables,3103286,25681,30%,Q1,21-11-2020,Online,35,,,,,
804197,North America,China,iPad,8749485,258068,25%,Q2,28-07-2022,Apple Store,44,,,,,
921326,Oceania,Germany,Wearables,8204269,48923,40%,Q3,03-04-2022,Online,27,,,,,
171195,Asia,Germany,Services,2841011,9045,30%,Q2,13-08-2024,Retail Partner,45,,,,,
156590,Oceania,India,iPhone,7417855,120292,40%,Q3,27-08-2022,Retail Partner,34,,,,,
919011,Oceania,Brazil,Wearables,2612710,333143,25%,Q2,16-11-2020,Online,31,,,,,
458113,South America,France,MacBook,3622454,318582,20%,Q1,26-07-2021,Retail Partner,33,,,,,
885327,Oceania,Canada,Wearables,7541800,165073,40%,Q3,18-02-2020,Retail Partner,26,,,,,
991259,South America,Canada,Services,8248579,1722,35%,Q3,07-04-2022,Offline,31,,,,,
807088,Asia,France,MacBook,2376199,369502,30%,Q3,13-04-2021,Retail Partner,30,,,,,
266174,North America,India,iPhone,6220523,415251,35%,Q4,09-04-2020,Online,18,,,,,
873479,Europe,France,iPhone,8318538,393807,30%,Q2,25-10-2021,Online,24,,,,,
454915,Africa,Japan,Wearables,2362191,169671,25%,Q4,17-12-2024,Retail Partner,37,,,,,
786561,Oceania,China,MacBook,6021494,137780,25%,Q1,16-06-2020,Offline,34,,,,,
408325,Asia,Germany,iPad,3921065,394134,25%,Q3,29-07-2022,Online,34,,,,,
578678,Africa,France,iPhone,5160700,248028,25%,Q2,15-12-2021,E-Commerce,22,,,,,
606598,Oceania,Brazil,MacBook,6872140,58503,40%,Q2,19-09-2022,Apple Store,29,,,,,
255621,North America,Canada,MacBook,8933734,485998,40%,Q4,11-09-2020,Retail Partner,27,,,,,
288650,Oceania,USA,iPad,5452118,130577,30%,Q1,02-01-2024,Offline,42,,,,,
174123,Africa,UK,iPhone,4062483,458263,20%,Q2,02-11-2021,Offline,29,,,,,
494557,Oceania,Brazil,MacBook,9545722,89472,30%,Q3,18-12-2023,Apple Store,39,,,,,
885098,North America,China,iPad,4819194,472657,30%,Q2,01-09-2024,Apple Store,37,,,,,
359191,Europe,France,Services,8975694,89604,40%,Q4,27-07-2023,Online,28,,,,,
561592,Asia,Japan,Services,7764902,305883,20%,Q1,24-08-2024,E-Commerce,32,,,,,
856921,Oceania,Brazil,Services,7711233,427471,20%,Q4,12-08-2020,Online,29,,,,,
755270,Europe,Brazil,Services,9415071,382449,35%,Q3,10-04-2020,Online,35,,,,,
502244,Asia,France,iPad,479068,324447,20%,Q4,27-10-2024,Online,33,,,,,
802348,South America,Japan,MacBook,6716637,24052,20%,Q4,07-07-2023,Apple Store,21,,,,,
180875,Asia,India,MacBook,297982,387414,25%,Q4,03-07-2021,Retail Partner,35,,,,,
377299,South America,Germany,iPhone,2756927,232123,35%,Q4,07-11-2020,Online,22,,,,,
363629,North America,Brazil,MacBook,8463601,138277,30%,Q1,28-06-2024,Offline,23,,,,,
683676,North America,Germany,iPhone,2255790,259888,25%,Q4,14-08-2020,Retail Partner,18,,,,,
660092,Oceania,France,Wearables,4407292,354724,30%,Q3,27-09-2020,Offline,21,,,,,
762729,North America,Brazil,MacBook,4324167,14356,20%,Q2,31-08-2022,E-Commerce,18,,,,,
510708,Europe,UK,iPad,752491,145881,40%,Q4,04-08-2024,Online,33,,,,,
655017,Oceania,USA,iPad,4308853,164067,30%,Q1,20-10-2021,Online,31,,,,,
412307,Oceania,Brazil,Services,8331278,326068,20%,Q3,18-08-2024,Retail Partner,39,,,,,
908550,Africa,China,iPhone,6676074,12024,35%,Q4,30-11-2021,Online,24,,,,,
976166,North America,Germany,iPad,8344173,374073,40%,Q2,21-09-2023,Apple Store,39,,,,,
859201,Africa,Canada,MacBook,6283247,326869,20%,Q4,19-07-2024,Apple Store,50,,,,,
962305,Oceania,China,Wearables,1078221,215300,40%,Q4,05-04-2021,Apple Store,18,,,,,
840667,Asia,USA,Services,4983693,68500,30%,Q3,16-10-2023,Offline,41,,,,,
751241,South America,Japan,iPhone,8391444,91802,20%,Q4,15-11-2024,Apple Store,32,,,,,
343849,North America,Japan,Services,922035,266054,20%,Q2,29-07-2024,Retail Partner,40,,,,,
914869,Europe,China,Services,622050,305586,25%,Q4,04-06-2020,Offline,35,,,,,
661433,North America,USA,Services,5505432,345265,30%,Q2,19-10-2024,Offline,49,,,,,
461458,North America,France,Services,8583205,78713,30%,Q3,03-09-2022,Apple Store,48,,,,,
949074,Asia,Australia,Services,4221492,314052,30%,Q1,21-12-2021,Apple Store,39,,,,,
110767,Oceania,Japan,iPad,1397839,177771,20%,Q4,06-02-2022,Online,26,,,,,
492155,North America,Brazil,Wearables,4430850,302887,40%,Q3,28-05-2020,Retail Partner,23,,,,,
234164,Asia,UK,Services,7601092,229616,30%,Q1,04-01-2025,Retail Partner,44,,,,,
423953,Africa,France,iPad,3804965,69855,30%,Q2,23-02-2023,E-Commerce,30,,,,,
796228,South America,UK,Wearables,8463556,404629,30%,Q1,11-12-2021,Retail Partner,27,,,,,
208535,Africa,UK,iPhone,4890710,140446,40%,Q2,16-05-2022,Offline,25,,,,,
581660,North America,Brazil,MacBook,840736,339760,30%,Q3,21-05-2021,Apple Store,29,,,,,
795996,North America,Brazil,Wearables,7948314,283476,40%,Q2,18-01-2021,Online,31,,,,,
220241,North America,China,iPhone,3175972,98642,30%,Q4,11-11-2023,Online,27,,,,,
297461,North America,Japan,iPad,9312035,412613,30%,Q4,31-03-2023,Offline,43,,,,,
220424,North America,UK,Services,8377604,16011,30%,Q2,12-05-2024,Offline,44,,,,,
498315,South America,Brazil,Services,8298717,271041,20%,Q3,28-02-2022,Retail Partner,28,,,,,
855329,North America,India,MacBook,7781591,165761,20%,Q4,13-10-2020,Retail Partner,38,,,,,
912828,Europe,Australia,iPhone,337684,354529,30%,Q2,03-05-2021,Offline,30,,,,,
646415,North America,UK,MacBook,9575368,123282,40%,Q3,11-07-2020,Retail Partner,48,,,,,
143967,Asia,Australia,MacBook,2830283,190199,30%,Q3,26-02-2021,Offline,42,,,,,
122224,Europe,Australia,Wearables,582448,306128,20%,Q4,19-06-2024,Apple Store,42,,,,,
565153,North America,USA,MacBook,3570369,420348,20%,Q3,17-05-2020,Offline,49,,,,,
349534,Asia,USA,MacBook,9425833,155078,30%,Q1,10-02-2024,Online,20,,,,,
788495,Asia,Canada,iPhone,6247578,441699,30%,Q3,12-03-2023,Online,34,,,,,
561144,South America,Australia,Wearables,300466,455378,40%,Q2,09-09-2020,Apple Store,43,,,,,
970698,Africa,Germany,iPhone,8254844,143734,35%,Q2,06-12-2022,Retail Partner,28,,,,,
693697,Asia,Canada,Wearables,3902578,291502,30%,Q4,03-01-2025,Online,33,,,,,
325287,Africa,Canada,iPad,2673227,213140,20%,Q3,16-04-2021,Apple Store,45,,,,,
628531,North America,USA,MacBook,2204155,196211,20%,Q1,10-04-2023,Online,20,,,,,
294635,Oceania,USA,iPhone,2399009,142123,30%,Q3,08-07-2022,Retail Partner,21,,,,,
988073,South America,China,MacBook,3820947,189820,35%,Q2,13-05-2020,Retail Partner,24,,,,,
797758,Asia,Germany,MacBook,8120461,317861,20%,Q3,09-10-2020,Retail Partner,26,,,,,
512276,North America,India,MacBook,1887517,301419,40%,Q2,17-11-2021,E-Commerce,28,,,,,
616494,Europe,Japan,iPhone,6267458,355761,30%,Q3,02-12-2022,Retail Partner,27,,,,,
299204,Africa,Brazil,iPhone,3374746,59914,20%,Q1,14-03-2023,Online,24,,,,,
453521,Africa,USA,iPhone,6983063,147865,35%,Q4,11-01-2022,Offline,20,,,,,
311821,South America,Japan,Services,7977501,400832,30%,Q4,07-11-2021,Online,30,,,,,
564839,Oceania,Australia,MacBook,4420257,52127,30%,Q2,10-01-2020,E-Commerce,19,,,,,
177843,South America,UK,Services,4276689,429311,25%,Q4,30-06-2023,E-Commerce,33,,,,,
415865,North America,Canada,iPhone,1525929,303753,20%,Q1,27-07-2022,Retail Partner,24,,,,,
767047,Africa,Canada,iPhone,4565943,339222,35%,Q1,09-10-2021,Online,30,,,,,
409421,North America,Japan,Services,103134,481598,35%,Q3,12-03-2020,Online,32,,,,,
369979,Africa,UK,iPad,559264,351194,25%,Q1,09-10-2023,Offline,45,,,,,
959367,South America,France,Wearables,7495022,359414,35%,Q2,09-07-2021,Apple Store,41,,,,,
489142,North America,UK,iPhone,330515,329917,30%,Q2,22-10-2020,Offline,34,,,,,
994231,North America,India,Wearables,9406231,306568,40%,Q4,17-11-2024,Retail Partner,18,,,,,
289978,Asia,Japan,Services,1777172,206691,30%,Q2,23-06-2020,Apple Store,41,,,,,
898314,Europe,Germany,iPhone,8826294,119826,40%,Q3,06-05-2022,Apple Store,25,,,,,
788503,South America,China,MacBook,810451,300850,20%,Q1,23-06-2023,E-Commerce,35,,,,,
580688,South America,UK,Services,3161677,50228,35%,Q4,27-07-2024,E-Commerce,35,,,,,
865317,North America,USA,Services,1859514,129921,40%,Q2,29-07-2024,E-Commerce,31,,,,,
672925,Oceania,China,Wearables,7721366,334341,20%,Q1,19-03-2023,Apple Store,20,,,,,
588355,Oceania,Brazil,Wearables,8550584,95468,40%,Q4,11-05-2020,Online,21,,,,,
967144,Asia,Australia,Wearables,6255119,60970,30%,Q4,27-08-2020,Online,19,,,,,
836862,Asia,France,iPad,9964384,415549,30%,Q1,25-06-2020,Apple Store,37,,,,,
527706,North America,China,iPad,7732089,91038,30%,Q1,07-04-2021,Apple Store,40,,,,,
211179,Europe,UK,iPad,8244898,101969,40%,Q1,22-06-2021,Apple Store,42,,,,,
673952,Europe,Brazil,iPad,6691398,406763,40%,Q1,06-04-2020,E-Commerce,31,,,,,
178490,Oceania,Germany,MacBook,9447744,430214,40%,Q2,02-09-2020,Apple Store,46,,,,,
346972,South America,Canada,Wearables,6368135,141585,40%,Q1,24-02-2021,Online,18,,,,,
799272,Oceania,France,Services,7044349,405764,35%,Q1,04-09-2020,Apple Store,49,,,,,
271561,Oceania,China,Services,3413182,260278,35%,Q2,20-02-2020,E-Commerce,27,,,,,
569856,North America,France,iPhone,9877094,216509,40%,Q1,30-10-2023,Retail Partner,21,,,,,
571880,North America,USA,Services,1955276,161050,25%,Q4,09-11-2022,Online,27,,,,,
827055,Africa,Germany,iPad,2875116,98250,20%,Q3,14-08-2023,Offline,35,,,,,
187912,Africa,Japan,Wearables,8446214,392770,35%,Q3,05-07-2021,E-Commerce,18,,,,,
205764,South America,China,iPad,3828507,185527,20%,Q3,25-05-2022,Retail Partner,31,,,,,
450729,Asia,Canada,Services,9603957,235075,40%,Q1,17-04-2024,Retail Partner,31,,,,,
591048,South America,UK,Services,1850052,470047,20%,Q2,16-02-2024,Online,26,,,,,
244795,North America,Australia,iPhone,9449717,110127,30%,Q1,02-02-2021,Online,22,,,,,
986477,Africa,Germany,Services,240213,131169,30%,Q1,19-12-2023,Apple Store,43,,,,,
239049,South America,Australia,iPhone,8388225,233755,25%,Q3,22-09-2020,Apple Store,21,,,,,
105600,South America,France,Wearables,3425747,364561,20%,Q4,27-08-2020,Offline,31,,,,,
199553,South America,France,iPhone,1842307,439079,20%,Q2,10-09-2022,Offline,34,,,,,
589485,South America,Canada,Services,777791,438982,40%,Q4,07-03-2022,Apple Store,49,,,,,
819059,North America,China,iPhone,658594,35620,30%,Q1,27-12-2024,Apple Store,29,,,,,
403628,North America,India,iPhone,3192026,143551,35%,Q2,26-09-2022,Retail Partner,25,,,,,
560705,North America,Japan,Wearables,242549,218971,25%,Q1,13-08-2023,Online,28,,,,,
721672,Europe,Brazil,iPad,5737034,31671,30%,Q4,28-11-2022,Retail Partner,25,,,,,
329915,Europe,Germany,MacBook,3566014,334725,20%,Q3,15-09-2023,E-Commerce,22,,,,,
996647,Asia,India,MacBook,4468312,62946,40%,Q2,02-08-2023,Offline,39,,,,,
938969,North America,Australia,MacBook,9387845,130794,35%,Q3,21-02-2023,Online,29,,,,,
912212,Oceania,India,iPhone,2307223,287480,40%,Q2,29-03-2020,Retail Partner,30,,,,,
753889,Africa,Canada,iPhone,1126333,275885,35%,Q2,14-07-2024,Offline,18,,,,,
607204,Asia,UK,iPhone,8148869,224429,35%,Q1,28-01-2024,Retail Partner,18,,,,,
453130,Europe,China,Wearables,9742484,278060,25%,Q4,16-05-2022,Apple Store,36,,,,,
298042,Asia,France,iPhone,8549799,279760,35%,Q3,07-08-2020,Apple Store,31,,,,,
284209,Europe,Japan,iPhone,3248669,287524,35%,Q4,01-11-2023,Offline,33,,,,,
109041,North America,Canada,iPad,8904733,327600,20%,Q4,16-05-2021,Online,33,,,,,
596596,Europe,Japan,MacBook,4760865,75369,20%,Q3,22-07-2023,Offline,33,,,,,
809252,Europe,China,iPhone,7166685,269078,30%,Q3,29-03-2023,Retail Partner,32,,,,,
790199,Europe,Australia,Services,344854,105864,25%,Q1,15-10-2024,Online,26,,,,,
174625,North America,China,iPhone,1825472,415542,40%,Q3,09-08-2023,Apple Store,29,,,,,
911962,Oceania,France,iPad,6881183,309360,40%,Q2,24-07-2021,Apple Store,41,,,,,
631047,Oceania,Brazil,Services,6068490,111772,30%,Q3,13-04-2022,Retail Partner,34,,,,,
565443,Europe,Japan,iPad,5504980,303016,20%,Q3,30-07-2021,Retail Partner,31,,,,,
379427,North America,Brazil,iPad,9493427,132323,40%,Q2,30-12-2020,Apple Store,26,,,,,
932967,Oceania,UK,iPhone,8500269,27300,20%,Q3,23-04-2021,E-Commerce,25,,,,,
622708,Africa,Germany,Wearables,8682320,330151,20%,Q1,04-06-2020,Retail Partner,44,,,,,
687581,Oceania,USA,MacBook,8043561,479213,30%,Q1,14-11-2022,Online,24,,,,,
944076,Africa,USA,Wearables,9247706,471512,25%,Q2,25-12-2022,Retail Partner,20,,,,,
496277,Europe,India,iPhone,1435657,285637,30%,Q4,17-01-2024,Apple Store,25,,,,,
539110,Oceania,Germany,iPad,5279243,191273,35%,Q2,01-08-2024,Online,35,,,,,
993655,North America,China,Services,2490323,22448,35%,Q4,28-06-2020,Retail Partner,49,,,,,
661361,South America,Canada,iPhone,3526546,106866,35%,Q1,13-02-2021,Offline,27,,,,,
998261,Asia,India,Wearables,4844379,234425,25%,Q4,06-11-2020,Online,21,,,,,
893635,Europe,Canada,MacBook,6692955,25315,30%,Q2,12-07-2024,Apple Store,35,,,,,
237958,North America,UK,iPhone,6650413,231833,30%,Q2,15-12-2024,Offline,32,,,,,
543816,Africa,USA,Services,8619763,10739,30%,Q1,18-03-2023,E-Commerce,29,,,,,
228543,Europe,Australia,MacBook,4112231,497920,40%,Q4,12-05-2023,E-Commerce,31,,,,,
700154,Europe,UK,Services,3556783,451553,40%,Q4,22-11-2024,E-Commerce,30,,,,,
105370,Africa,USA,Wearables,8364359,117443,20%,Q1,07-10-2021,Online,23,,,,,
825880,Europe,Brazil,iPad,2517145,406545,25%,Q4,26-11-2024,Online,35,,,,,
958583,North America,UK,Services,2561766,357022,40%,Q2,11-07-2020,Apple Store,36,,,,,
232564,North America,Japan,iPad,1892761,382150,30%,Q1,11-09-2022,Apple Store,43,,,,,
451853,South America,USA,Services,7235240,381960,20%,Q3,19-05-2023,Apple Store,44,,,,,
410191,Europe,USA,MacBook,3641742,447337,40%,Q1,26-04-2022,E-Commerce,33,,,,,
866057,Europe,India,iPad,90709,129584,20%,Q1,03-08-2021,Retail Partner,37,,,,,
800975,North America,UK,Services,1557485,465168,25%,Q1,22-05-2024,E-Commerce,25,,,,,
849922,Europe,France,iPhone,3792740,131558,20%,Q1,24-09-2020,Apple Store,28,,,,,
240684,Asia,Australia,MacBook,6418248,229655,40%,Q4,18-09-2020,Retail Partner,48,,,,,
532313,North America,Japan,Wearables,7216873,181561,20%,Q4,30-12-2023,Retail Partner,23,,,,,
475702,Europe,Australia,iPad,9318230,82143,35%,Q3,05-01-2021,Apple Store,39,,,,,
781203,Asia,China,iPad,8371680,71247,35%,Q2,03-09-2023,Retail Partner,41,,,,,
602146,North America,UK,Services,4049545,156049,20%,Q2,23-08-2024,Retail Partner,41,,,,,
532223,North America,France,Wearables,5355299,168173,30%,Q4,07-02-2024,E-Commerce,26,,,,,
182418,Africa,Australia,Wearables,5360232,148226,35%,Q2,20-05-2023,E-Commerce,33,,,,,
498428,North America,USA,Services,6820408,79043,25%,Q4,03-03-2024,Offline,25,,,,,
375626,South America,Canada,iPad,6261678,50328,40%,Q2,19-09-2021,Apple Store,42,,,,,
579810,Asia,USA,Services,1395746,411910,30%,Q1,30-08-2021,Offline,31,,,,,
450964,North America,Germany,Wearables,7568858,472368,25%,Q3,02-02-2022,Apple Store,40,,,,,
653561,Oceania,China,Wearables,4617555,455020,40%,Q4,23-01-2022,Online,31,,,,,
737888,South America,USA,MacBook,1380614,416230,30%,Q3,12-04-2022,Retail Partner,43,,,,,
607465,South America,Brazil,Services,9381708,494998,20%,Q3,01-10-2021,Offline,46,,,,,
333344,North America,Germany,Services,1243025,379157,20%,Q1,11-08-2022,E-Commerce,33,,,,,
889281,South America,UK,Services,2512300,168470,40%,Q3,10-09-2020,Online,34,,,,,
965113,North America,Canada,Services,1101484,425588,40%,Q4,27-08-2022,Apple Store,27,,,,,
214167,North America,Germany,iPad,4599221,16592,30%,Q4,21-08-2023,Apple Store,29,,,,,
809017,North America,Australia,iPhone,7555679,377809,30%,Q4,13-03-2020,E-Commerce,34,,,,,
431147,Asia,China,MacBook,6707545,317769,30%,Q2,27-12-2021,Retail Partner,36,,,,,
942191,Asia,UK,iPad,1737384,202654,25%,Q3,02-03-2023,Apple Store,41,,,,,
309173,Asia,Canada,Services,1670497,314848,40%,Q2,10-11-2021,Retail Partner,45,,,,,
658338,North America,Japan,iPad,3119763,193545,35%,Q2,27-09-2024,Apple Store,37,,,,,
637703,North America,Brazil,Services,6054849,471304,20%,Q1,11-09-2022,Retail Partner,37,,,,,
520029,Africa,Germany,iPad,3048768,167899,20%,Q2,14-10-2024,Offline,41,,,,,
713550,Oceania,Germany,iPhone,1824861,165061,30%,Q3,22-02-2020,Online,32,,,,,
212941,South America,Canada,Services,6005870,74272,30%,Q3,27-05-2024,E-Commerce,25,,,,,
787859,Oceania,Canada,Services,3197322,452178,20%,Q2,28-04-2021,Offline,49,,,,,
549785,South America,USA,iPhone,9566371,442785,25%,Q3,06-08-2021,Online,27,,,,,
304090,Europe,Canada,Wearables,1178156,89381,30%,Q4,07-07-2024,E-Commerce,21,,,,,
455395,Oceania,UK,Wearables,274070,162169,30%,Q2,22-11-2023,E-Commerce,18,,,,,
942588,Europe,Australia,Wearables,3509572,396348,40%,Q4,11-05-2020,Apple Store,25,,,,,
753636,Oceania,Germany,iPad,7632387,291709,25%,Q1,01-10-2021,Retail Partner,32,,,,,
634627,Africa,Japan,Services,9717202,206705,30%,Q2,07-03-2022,Retail Partner,34,,,,,
282976,North America,France,iPhone,7225537,113744,40%,Q4,26-02-2020,Apple Store,31,,,,,
815700,Africa,UK,Services,7053850,475981,40%,Q4,22-11-2023,E-Commerce,32,,,,,
249211,Oceania,France,iPhone,8480596,409302,20%,Q4,02-10-2024,Apple Store,21,,,,,
375005,Asia,India,iPhone,3999696,56597,35%,Q1,29-01-2024,Offline,31,,,,,
931607,North America,USA,Wearables,924830,364445,30%,Q4,28-09-2022,Online,31,,,,,
423132,Africa,Brazil,MacBook,8237740,91994,40%,Q1,10-03-2022,Online,20,,,,,
294964,South America,UK,iPhone,9384996,388269,20%,Q3,28-10-2024,Online,20,,,,,
212824,Europe,India,MacBook,8457199,332161,25%,Q1,14-04-2021,Offline,24,,,,,
701074,Africa,Canada,MacBook,4064131,174795,40%,Q3,10-11-2021,E-Commerce,20,,,,,
711652,North America,France,Wearables,9608778,89754,20%,Q2,08-09-2023,E-Commerce,31,,,,,
496097,Asia,Germany,MacBook,371854,419803,25%,Q3,19-07-2024,Retail Partner,45,,,,,
774931,Asia,USA,iPhone,7266674,228873,20%,Q4,30-12-2024,E-Commerce,34,,,,,
818224,Asia,Japan,iPad,8423766,194528,20%,Q4,01-09-2022,Apple Store,45,,,,,
368388,South America,Germany,Wearables,2931039,189240,40%,Q3,22-11-2020,Online,20,,,,,
219781,Oceania,Brazil,MacBook,322161,489439,40%,Q3,15-07-2024,Apple Store,32,,,,,
560420,Oceania,USA,iPhone,2861792,486697,35%,Q1,02-02-2022,Offline,30,,,,,
648034,Oceania,USA,Wearables,9348042,210421,20%,Q2,03-08-2023,Retail Partner,22,,,,,
962384,North America,USA,Wearables,6799314,35755,20%,Q3,07-07-2022,E-Commerce,33,,,,,
731737,Oceania,UK,Wearables,8409864,469428,25%,Q2,14-05-2024,Offline,42,,,,,
799321,Europe,India,iPad,8633897,355624,40%,Q2,28-01-2022,Apple Store,43,,,,,
570649,Oceania,Canada,Services,7616639,421059,40%,Q3,24-05-2022,Offline,30,,,,,
592552,Oceania,China,Services,6293689,142088,20%,Q1,04-11-2020,Apple Store,34,,,,,
977563,Asia,Brazil,Wearables,2151248,470964,40%,Q4,28-02-2021,Apple Store,37,,,,,
614886,Oceania,Australia,iPad,1297607,380633,25%,Q3,21-06-2024,Online,31,,,,,
582377,Africa,Japan,MacBook,1990832,201946,40%,Q3,06-06-2021,Apple Store,35,,,,,
351897,Oceania,India,MacBook,521487,475676,30%,Q1,28-10-2022,Apple Store,25,,,,,
433842,South America,Japan,iPad,1420330,402980,30%,Q3,15-11-2020,Retail Partner,34,,,,,
321232,Oceania,UK,iPhone,3978679,21649,30%,Q4,30-08-2022,E-Commerce,21,,,,,
439636,Asia,Australia,iPad,9624756,36587,25%,Q1,24-07-2024,E-Commerce,25,,,,,
983994,South America,Germany,Services,1045927,135707,40%,Q4,28-12-2020,Retail Partner,25,,,,,
304256,Africa,France,Wearables,5816307,230422,40%,Q1,07-08-2021,Retail Partner,34,,,,,
130416,North America,Australia,iPad,1279302,176189,20%,Q1,16-04-2020,Online,34,,,,,
485202,Africa,Japan,Wearables,3742227,478316,25%,Q4,10-06-2023,Online,27,,,,,
536212,Asia,France,iPhone,1453689,219599,25%,Q1,07-03-2020,Offline,31,,,,,
730607,South America,Germany,iPad,9249101,243968,40%,Q4,23-10-2021,Offline,31,,,,,
106955,North America,Germany,iPad,8104340,199641,25%,Q1,19-06-2023,Retail Partner,43,,,,,
667428,North America,Germany,iPhone,402737,64629,35%,Q3,07-11-2023,E-Commerce,30,,,,,
819591,Oceania,UK,Wearables,4694755,98720,40%,Q2,22-05-2024,Offline,32,,,,,
663652,South America,Germany,MacBook,8173847,388654,20%,Q3,19-10-2022,Apple Store,27,,,,,
581327,Asia,India,Wearables,748772,287741,25%,Q3,08-08-2021,E-Commerce,35,,,,,
252567,Europe,Japan,iPad,540743,208474,40%,Q1,09-01-2021,Online,32,,,,,
888774,Oceania,Canada,iPhone,200994,166660,30%,Q1,18-01-2025,Retail Partner,19,,,,,
523335,South America,Canada,iPad,7781516,124146,35%,Q1,09-08-2021,Apple Store,30,,,,,
382146,Oceania,Australia,Services,3103289,184397,40%,Q3,10-07-2022,Online,34,,,,,
254863,South America,Canada,Wearables,4988018,216197,40%,Q1,28-04-2021,Online,23,,,,,
446664,Europe,Canada,Wearables,4834316,218930,40%,Q1,20-03-2020,Retail Partner,21,,,,,
132818,North America,Australia,iPhone,8032546,187640,20%,Q1,04-04-2020,Online,26,,,,,
111617,North America,China,Services,59897,492071,40%,Q1,31-10-2022,Offline,32,,,,,
481900,Asia,Japan,iPhone,7845003,450239,25%,Q4,08-08-2020,Retail Partner,18,,,,,
375258,Europe,China,Wearables,5278717,257744,35%,Q4,28-04-2021,Online,27,,,,,
842823,Europe,China,Wearables,2328697,163335,40%,Q3,17-08-2024,Apple Store,36,,,,,
909601,North America,Brazil,Services,4890957,409695,25%,Q4,13-09-2020,Retail Partner,42,,,,,
675254,Oceania,France,MacBook,4383861,156938,20%,Q1,26-04-2024,Online,18,,,,,
111385,Asia,Canada,MacBook,5605351,28176,30%,Q1,26-12-2020,Online,18,,,,,
943579,South America,UK,iPad,9329470,336686,30%,Q2,26-08-2023,E-Commerce,29,,,,,
318555,Asia,Canada,iPhone,8089521,150178,20%,Q1,17-10-2023,Online,22,,,,,
780552,Asia,UK,Services,9910466,276075,25%,Q4,13-04-2023,Apple Store,42,,,,,
879185,Oceania,Brazil,Wearables,5400701,112121,20%,Q4,14-12-2022,Offline,36,,,,,
226959,South America,Australia,iPad,9149908,248625,40%,Q2,01-12-2021,Offline,29,,,,,
273994,North America,Japan,Wearables,6846915,497114,30%,Q4,19-09-2021,Retail Partner,38,,,,,
451642,Africa,Brazil,Wearables,6521055,258215,20%,Q2,10-06-2020,Offline,44,,,,,
416683,Oceania,Australia,iPad,1287969,299412,30%,Q3,29-07-2023,Apple Store,29,,,,,
823485,Africa,USA,iPad,3782158,429260,40%,Q1,22-02-2021,Apple Store,25,,,,,
697828,Oceania,Canada,iPad,1460230,34642,40%,Q2,30-08-2022,Online,27,,,,,
404916,North America,Japan,Services,11208,231140,20%,Q2,05-03-2023,Offline,26,,,,,
890804,Europe,Germany,iPad,1664623,226291,30%,Q1,08-09-2021,Online,35,,,,,
638997,North America,UK,MacBook,2826242,31051,40%,Q1,28-06-2024,Online,25,,,,,
508020,South America,Canada,MacBook,7634635,474577,30%,Q4,22-05-2024,Retail Partner,49,,,,,
546835,North America,India,iPhone,4613132,270655,25%,Q4,06-09-2021,E-Commerce,31,,,,,
243137,North America,USA,iPad,8770759,204009,35%,Q3,27-09-2024,Apple Store,30,,,,,
819121,Asia,Canada,Services,5786908,414054,35%,Q4,23-04-2022,Apple Store,40,,,,,
327212,North America,India,iPhone,3492555,203569,35%,Q4,20-07-2024,Offline,34,,,,,
245133,Asia,UK,Services,6802753,85759,35%,Q1,01-02-2023,Online,29,,,,,
362292,South America,Australia,Wearables,8987486,213089,40%,Q3,22-12-2020,Online,24,,,,,
440436,South America,Australia,MacBook,5258813,156999,20%,Q2,05-08-2021,Online,25,,,,,
367937,Asia,USA,iPhone,103739,425006,40%,Q1,29-01-2023,Offline,27,,,,,
624465,Asia,Brazil,Services,240512,365978,40%,Q1,27-12-2020,Online,30,,,,,
127954,Europe,Germany,Wearables,8119387,435520,20%,Q3,10-06-2022,Apple Store,40,,,,,
837522,South America,Canada,Wearables,4205953,341906,40%,Q2,06-02-2023,Offline,19,,,,,
755507,North America,Germany,iPad,7651718,433813,30%,Q3,27-06-2020,E-Commerce,30,,,,,
728167,Africa,USA,iPad,4207747,170268,35%,Q4,02-05-2020,Retail Partner,28,,,,,
468725,Europe,Japan,iPhone,5335958,19428,20%,Q2,26-03-2020,E-Commerce,18,,,,,
640178,North America,China,iPhone,8463947,442185,40%,Q4,23-01-2024,Retail Partner,31,,,,,
421510,Europe,Australia,Wearables,3258577,352529,40%,Q3,13-02-2021,Offline,25,,,,,
421068,North America,UK,iPad,629364,395860,20%,Q1,19-04-2023,Online,35,,,,,
929577,North America,UK,Wearables,4488998,20949,20%,Q1,04-03-2024,Offline,38,,,,,
145248,Africa,UK,Services,9167298,32214,40%,Q3,05-02-2021,Apple Store,30,,,,,
837142,Asia,China,Services,3531137,177748,20%,Q4,08-12-2020,Offline,31,,,,,
675702,North America,USA,iPhone,5508048,373070,20%,Q1,20-01-2021,Apple Store,26,,,,,
379941,North America,UK,MacBook,2052836,322809,40%,Q3,20-07-2020,E-Commerce,25,,,,,
750084,Europe,France,iPad,3126651,464724,20%,Q2,21-12-2023,Apple Store,34,,,,,
609490,Asia,Brazil,Wearables,1061618,352053,30%,Q1,23-04-2021,Apple Store,30,,,,,
929090,Europe,China,iPad,9243732,99115,30%,Q3,17-11-2023,Apple Store,44,,,,,
465197,North America,USA,Wearables,55649,72586,30%,Q2,02-09-2020,Retail Partner,21,,,,,
205747,Oceania,China,iPhone,1401153,207666,40%,Q1,29-04-2024,Retail Partner,19,,,,,
776390,South America,Australia,iPad,1563071,131853,30%,Q1,24-11-2022,Retail Partner,37,,,,,
127921,Africa,Brazil,MacBook,5076134,371206,35%,Q2,01-06-2020,Online,32,,,,,
581218,Asia,Japan,MacBook,1579545,14630,20%,Q2,16-07-2022,E-Commerce,18,,,,,
528961,Africa,India,iPhone,46353,282646,30%,Q4,22-08-2020,E-Commerce,30,,,,,
658696,North America,USA,Wearables,9777861,458584,20%,Q2,03-11-2020,Apple Store,18,,,,,
957512,Oceania,Canada,MacBook,9688934,497791,30%,Q4,18-05-2020,Online,33,,,,,
301916,Europe,Japan,iPad,2495289,169653,40%,Q2,01-03-2021,E-Commerce,32,,,,,
905375,Africa,USA,MacBook,5807760,334313,30%,Q3,05-10-2020,Offline,46,,,,,
350217,North America,Japan,iPhone,7487329,240912,20%,Q4,17-07-2024,Online,24,,,,,
394309,North America,China,Wearables,7289996,362523,40%,Q4,27-10-2021,Online,29,,,,,
491420,South America,France,MacBook,5066133,495164,35%,Q1,11-12-2020,Apple Store,28,,,,,
890531,Africa,Brazil,iPad,3337181,454658,40%,Q3,18-03-2023,Online,25,,,,,
462017,Asia,Brazil,iPad,6688628,320098,30%,Q1,05-09-2021,Offline,29,,,,,
529989,Asia,China,MacBook,7707523,245099,30%,Q3,04-11-2021,Online,23,,,,,
219004,Oceania,France,MacBook,1258890,300168,35%,Q1,02-10-2023,Offline,50,,,,,
561923,South America,France,iPad,640670,30779,30%,Q4,25-02-2023,Online,26,,,,,
570860,Africa,UK,iPhone,5664203,415927,30%,Q3,18-01-2023,Retail Partner,33,,,,,
355529,North America,India,iPad,3593885,169892,20%,Q2,10-06-2020,Retail Partner,36,,,,,
928641,North America,France,Services,382166,493783,20%,Q4,22-07-2021,Offline,38,,,,,
673582,North America,Australia,MacBook,5037914,22357,30%,Q3,17-08-2022,Retail Partner,23,,,,,
767564,Asia,USA,iPhone,2944934,148491,30%,Q4,11-01-2023,Apple Store,29,,,,,
739306,South America,India,iPad,8569506,398626,35%,Q1,04-01-2023,Apple Store,35,,,,,
254168,Europe,France,Services,2664902,114846,35%,Q3,10-05-2020,Retail Partner,49,,,,,
495378,Africa,Japan,iPhone,4416312,405636,20%,Q4,07-12-2023,Online,19,,,,,
476514,Europe,Brazil,Wearables,9480555,423474,35%,Q2,27-11-2020,E-Commerce,29,,,,,
304736,Oceania,USA,iPhone,7017244,151212,25%,Q3,25-05-2024,Retail Partner,18,,,,,
815830,Africa,USA,Services,2151530,240916,30%,Q1,17-02-2021,Online,25,,,,,
836394,North America,Australia,Services,6870655,162251,30%,Q2,01-07-2024,Online,25,,,,,
259369,North America,France,MacBook,5607076,100734,40%,Q2,16-02-2022,Apple Store,40,,,,,
759433,North America,Brazil,Services,4647106,42022,40%,Q4,20-09-2024,Apple Store,33,,,,,
551846,Oceania,Brazil,iPhone,9855003,242239,30%,Q3,25-01-2024,Online,23,,,,,
626697,Oceania,Canada,iPhone,360967,303626,30%,Q4,21-05-2021,Offline,18,,,,,
372821,Oceania,Japan,MacBook,4623597,124663,35%,Q3,01-07-2023,Online,35,,,,,
313641,Africa,China,MacBook,1021829,212941,20%,Q2,26-04-2020,Online,29,,,,,
321357,Oceania,France,MacBook,1440464,379279,30%,Q2,17-04-2023,Online,30,,,,,
292297,North America,China,Services,3736829,201731,30%,Q1,15-02-2021,E-Commerce,25,,,,,
312130,Oceania,USA,iPhone,4364565,352059,25%,Q4,23-01-2022,Apple Store,25,,,,,
141431,South America,China,Services,6084847,255847,35%,Q2,13-08-2023,E-Commerce,34,,,,,
529687,Asia,USA,iPhone,9033670,275776,20%,Q1,22-07-2024,Apple Store,30,,,,,
596135,North America,USA,Wearables,4511710,92470,40%,Q3,30-10-2021,Offline,40,,,,,
468967,North America,Canada,iPad,5227742,291198,35%,Q1,12-04-2020,Apple Store,45,,,,,
161772,North America,Brazil,MacBook,2617985,4895,40%,Q2,15-08-2024,Apple Store,24,,,,,
395280,North America,China,MacBook,8148104,40415,20%,Q1,06-03-2022,Offline,25,,,,,
505139,North America,India,MacBook,910702,237076,25%,Q1,12-06-2024,Offline,33,,,,,
326557,Oceania,India,iPad,9304209,226636,20%,Q2,09-04-2022,Online,31,,,,,
468645,Europe,France,MacBook,2871235,377403,25%,Q2,15-01-2025,Apple Store,47,,,,,
910521,Africa,China,Services,6747110,33514,25%,Q4,02-02-2020,Offline,33,,,,,
471080,North America,Japan,iPhone,817017,398201,25%,Q3,28-12-2020,Retail Partner,21,,,,,
891845,North America,UK,iPhone,9155282,231147,20%,Q1,18-05-2020,Online,29,,,,,
247615,North America,Canada,MacBook,344465,312898,30%,Q4,13-02-2020,Online,18,,,,,
742953,Europe,Australia,Wearables,8571466,382650,30%,Q3,21-05-2024,Offline,32,,,,,
704074,North America,USA,iPad,9645791,324908,35%,Q2,14-12-2024,Offline,27,,,,,
931878,North America,USA,iPhone,948952,235277,20%,Q2,31-01-2021,E-Commerce,26,,,,,
192510,Asia,China,Services,2303465,86150,20%,Q2,10-07-2024,Online,29,,,,,
939429,Europe,Japan,Wearables,3829802,124770,25%,Q4,01-01-2025,Online,19,,,,,
115481,Africa,Brazil,Wearables,3438357,447403,25%,Q4,06-05-2022,Apple Store,42,,,,,
201399,Asia,France,Wearables,9938094,54984,20%,Q2,16-12-2023,Offline,35,,,,,
627989,North America,Brazil,Services,2372063,228674,35%,Q2,20-12-2021,Offline,37,,,,,
755243,Asia,France,Services,5929395,388572,40%,Q2,07-06-2021,Offline,41,,,,,
838705,South America,UK,MacBook,992735,478401,35%,Q4,11-01-2021,E-Commerce,26,,,,,
951210,North America,Germany,MacBook,1779687,121945,25%,Q2,17-02-2023,E-Commerce,27,,,,,
226560,Asia,Germany,Wearables,8106030,162942,40%,Q2,27-08-2022,Apple Store,34,,,,,
340037,North America,Brazil,MacBook,9741044,82102,35%,Q3,25-12-2022,E-Commerce,18,,,,,
304447,Oceania,Japan,MacBook,2262472,340229,40%,Q1,06-07-2021,Online,27,,,,,
664090,Europe,France,iPhone,6880071,463195,30%,Q2,08-12-2024,E-Commerce,24,,,,,
257326,Oceania,Brazil,iPad,991456,49162,30%,Q2,17-03-2024,Offline,42,,,,,
258580,Europe,Canada,Services,2894128,391880,25%,Q2,22-10-2023,E-Commerce,33,,,,,
769359,South America,India,MacBook,5754901,82319,20%,Q3,03-11-2020,Offline,36,,,,,
148747,Asia,Canada,iPhone,3987606,175761,20%,Q3,05-06-2022,Online,28,,,,,
971049,Oceania,Brazil,iPad,1869537,201186,30%,Q3,05-10-2020,E-Commerce,31,,,,,
819040,North America,Brazil,iPad,2412702,63026,30%,Q3,23-04-2023,Retail Partner,40,,,,,
481252,Asia,Brazil,iPad,8530045,110015,35%,Q4,05-09-2020,Online,35,,,,,
992242,Europe,USA,iPad,966710,343697,20%,Q4,17-11-2022,E-Commerce,28,,,,,
472435,Europe,Germany,MacBook,3489595,234808,35%,Q3,09-07-2024,Online,29,,,,,
633545,Africa,Canada,Services,7361819,223138,30%,Q2,21-09-2023,Offline,26,,,,,
204738,North America,UK,MacBook,110261,402725,40%,Q2,16-01-2025,Online,24,,,,,
412212,South America,China,iPhone,8299843,77677,30%,Q3,21-11-2022,Retail Partner,31,,,,,
834602,North America,Japan,Wearables,4842510,98182,20%,Q3,07-06-2023,Apple Store,42,,,,,
630558,Oceania,Japan,MacBook,3829024,144152,20%,Q4,16-04-2022,Online,34,,,,,
356867,Oceania,Brazil,iPhone,1539368,285768,20%,Q3,16-11-2023,Retail Partner,29,,,,,
206814,North America,Japan,Services,3252003,338955,20%,Q1,18-09-2020,Offline,33,,,,,
409136,North America,Germany,iPad,6155769,383667,40%,Q3,04-10-2020,Retail Partner,25,,,,,
911885,Oceania,Germany,Wearables,2345211,403609,20%,Q4,23-02-2021,Apple Store,36,,,,,
736351,North America,India,iPhone,6201176,45751,20%,Q2,01-10-2020,Online,22,,,,,
930094,North America,UK,MacBook,8809045,371950,30%,Q3,27-06-2021,Retail Partner,47,,,,,
473564,North America,Canada,iPad,638403,316471,40%,Q4,16-01-2022,Apple Store,31,,,,,
759174,North America,France,Services,1161092,21396,30%,Q4,08-10-2023,Offline,31,,,,,
160110,North America,France,Wearables,613456,267356,40%,Q1,08-07-2020,Online,21,,,,,
915466,South America,Australia,Wearables,656467,266717,30%,Q1,16-01-2022,E-Commerce,23,,,,,
824626,Asia,UK,Services,6879750,452020,40%,Q1,26-02-2020,Online,29,,,,,
226320,North America,UK,MacBook,115892,121898,20%,Q2,31-12-2023,Retail Partner,19,,,,,
751642,Africa,Japan,MacBook,3588582,434203,20%,Q2,28-12-2021,E-Commerce,26,,,,,
176589,Oceania,Japan,Wearables,1853152,175535,30%,Q1,06-09-2022,Offline,31,,,,,
620548,North America,Germany,iPhone,5746872,113645,30%,Q1,25-04-2022,Online,33,,,,,
136948,North America,China,MacBook,6289558,51548,20%,Q1,04-03-2021,Online,28,,,,,
349920,North America,USA,iPhone,2207042,205222,35%,Q3,12-05-2023,Online,34,,,,,
916735,South America,India,Services,9336946,22713,40%,Q1,24-08-2020,Online,26,,,,,
816067,Africa,China,Wearables,1327543,477025,25%,Q3,05-07-2020,E-Commerce,32,,,,,
818579,Africa,Brazil,iPad,5095412,103363,20%,Q3,03-07-2020,Online,25,,,,,
545874,Asia,India,iPhone,1757398,113332,25%,Q3,09-05-2023,Offline,29,,,,,
260953,Africa,Japan,MacBook,3871643,233743,25%,Q2,13-04-2024,Apple Store,18,,,,,
946838,South America,Germany,iPad,7668829,177569,30%,Q2,04-04-2021,Online,31,,,,,
622193,Oceania,Canada,Wearables,3800627,360780,30%,Q4,05-04-2023,Offline,28,,,,,
495282,South America,UK,iPad,2406439,327417,20%,Q1,26-04-2024,Online,27,,,,,
863587,North America,Canada,iPhone,9801457,224042,20%,Q1,06-02-2024,Online,27,,,,,
274160,Africa,Australia,MacBook,4382796,77822,40%,Q3,03-06-2021,Apple Store,45,,,,,
459538,Africa,Canada,Services,7827725,436595,30%,Q3,05-09-2020,Offline,30,,,,,
535894,Oceania,China,Services,2004345,332719,20%,Q1,21-08-2022,Online,26,,,,,
258245,Europe,India,Wearables,1687616,12665,40%,Q4,07-03-2021,E-Commerce,30,,,,,
276335,Oceania,Canada,Wearables,5098720,99452,40%,Q2,02-08-2022,Apple Store,19,,,,,
459420,North America,India,Wearables,1734774,360700,30%,Q1,29-04-2024,Retail Partner,19,,,,,
300707,North America,UK,iPhone,6771435,231804,25%,Q4,23-09-2020,Online,34,,,,,
160447,South America,USA,MacBook,7384785,428086,35%,Q4,17-04-2020,Offline,25,,,,,
779159,North America,Australia,iPhone,8105828,428424,20%,Q3,14-01-2025,Online,20,,,,,
218422,Oceania,China,iPad,6082837,434790,40%,Q1,03-07-2021,Offline,42,,,,,
191786,North America,USA,iPad,9863314,259787,40%,Q2,19-04-2023,Online,30,,,,,
507041,North America,USA,Wearables,7112351,159015,40%,Q1,11-11-2020,Apple Store,35,,,,,
897593,Oceania,Australia,Services,6885297,171611,20%,Q3,07-02-2023,Online,27,,,,,
262248,Oceania,Australia,MacBook,4650849,458722,40%,Q1,05-09-2024,Offline,39,,,,,
870698,Asia,Germany,Wearables,7646959,210396,40%,Q2,18-11-2022,Online,26,,,,,
481274,Europe,China,iPhone,1888954,316050,40%,Q3,02-05-2022,Offline,19,,,,,
951685,Asia,India,iPad,5938526,48481,40%,Q2,21-07-2023,Offline,41,,,,,
682666,Europe,Australia,Wearables,6217361,45327,30%,Q4,31-10-2023,E-Commerce,29,,,,,
113974,North America,USA,iPhone,1099306,116123,20%,Q1,14-10-2024,Online,25,,,,,
390493,Europe,Australia,MacBook,4737716,40132,20%,Q3,28-02-2023,Retail Partner,50,,,,,
369493,Asia,UK,iPhone,2160481,405471,35%,Q1,18-03-2021,E-Commerce,23,,,,,
583590,North America,Brazil,Wearables,2622823,195428,40%,Q4,20-07-2021,Offline,22,,,,,
607517,Europe,USA,Wearables,348943,255609,40%,Q3,29-05-2020,E-Commerce,30,,,,,
420500,Africa,France,iPad,3624109,246141,30%,Q4,05-03-2022,Offline,28,,,,,
305951,Africa,Australia,iPhone,3193892,4585,20%,Q1,14-08-2020,Online,21,,,,,
542094,Oceania,Canada,MacBook,9274063,227378,30%,Q2,28-12-2021,Online,26,,,,,
108349,South America,Germany,Wearables,9773339,276039,40%,Q1,21-02-2022,Offline,27,,,,,
615919,North America,USA,Services,8901287,69096,35%,Q1,23-07-2024,Retail Partner,40,,,,,
314573,Oceania,India,iPad,8438015,156428,20%,Q4,16-09-2022,Offline,28,,,,,
522750,North America,France,iPad,2108681,280399,25%,Q2,19-05-2024,Apple Store,45,,,,,
599912,South America,France,iPad,2452878,52692,25%,Q2,22-08-2022,Offline,45,,,,,
303049,Oceania,Australia,Services,7789708,316272,40%,Q3,21-12-2024,Offline,42,,,,,
820334,Asia,India,iPad,6997552,461845,35%,Q3,10-12-2020,Retail Partner,33,,,,,
747440,Oceania,Japan,iPad,5033947,37923,35%,Q3,09-03-2022,Online,30,,,,,
750576,North America,India,iPhone,8889708,376312,30%,Q1,19-02-2022,Offline,29,,,,,
245417,South America,Canada,iPad,4808704,7519,20%,Q3,09-10-2020,E-Commerce,34,,,,,
664633,Europe,USA,iPhone,9629846,372397,30%,Q4,13-10-2020,Retail Partner,31,,,,,
183457,Africa,Canada,iPhone,4520781,464931,35%,Q1,07-01-2024,Apple Store,22,,,,,
730638,North America,France,Wearables,558503,446622,20%,Q4,10-05-2023,Offline,21,,,,,
459975,Asia,France,iPhone,9768290,298546,30%,Q2,01-11-2023,Offline,19,,,,,
595042,Oceania,Canada,Wearables,4597966,400300,20%,Q3,11-04-2022,Retail Partner,37,,,,,
537586,North America,Germany,iPad,9223382,154930,30%,Q1,19-10-2021,E-Commerce,31,,,,,
772578,South America,Germany,iPad,5574609,377914,20%,Q2,02-11-2023,Retail Partner,25,,,,,
840126,Asia,Brazil,iPad,8763474,287705,30%,Q4,01-08-2024,Apple Store,43,,,,,
190777,South America,USA,Services,7893584,380985,35%,Q2,22-05-2021,Online,33,,,,,
530737,Asia,France,Wearables,8889166,276476,30%,Q3,11-08-2022,Offline,42,,,,,
770762,North America,Canada,iPhone,4087616,431964,35%,Q2,11-02-2020,Apple Store,19,,,,,
856346,North America,UK,iPad,4765035,210808,30%,Q4,29-01-2023,Offline,39,,,,,
507874,South America,Australia,iPad,6693070,233552,35%,Q1,18-12-2023,Apple Store,39,,,,,
834248,Africa,USA,iPhone,5854643,373302,20%,Q2,07-05-2024,Apple Store,34,,,,,
133586,South America,Germany,MacBook,8568327,183009,40%,Q2,29-04-2023,Offline,49,,,,,
524131,Africa,Brazil,Services,242642,409661,40%,Q1,02-08-2023,Online,29,,,,,
771359,Europe,India,iPad,7597766,371089,20%,Q3,05-02-2022,Offline,36,,,,,
325168,Oceania,China,iPhone,8551864,234662,40%,Q4,09-03-2022,Retail Partner,24,,,,,
946820,South America,India,iPad,9070674,111361,40%,Q4,14-08-2020,E-Commerce,34,,,,,
410319,Asia,India,Services,4455045,68777,35%,Q1,24-06-2020,Apple Store,26,,,,,
808224,North America,UK,Services,4690490,187330,25%,Q1,05-12-2022,Apple Store,34,,,,,
667184,North America,China,Services,7343570,104710,40%,Q3,12-08-2021,Offline,36,,,,,
431438,Africa,Australia,MacBook,6536906,116491,30%,Q4,10-12-2020,Offline,45,,,,,
493414,Europe,India,iPad,4960342,220898,35%,Q1,11-02-2021,Offline,29,,,,,
834059,Europe,UK,iPad,4536117,85306,30%,Q2,16-06-2021,Offline,42,,,,,
135693,Asia,Australia,MacBook,4032683,213347,40%,Q3,19-05-2021,Offline,19,,,,,
807520,Oceania,UK,Wearables,4914551,379306,25%,Q2,18-07-2020,Online,27,,,,,
398636,Oceania,India,iPad,636787,390816,40%,Q2,19-05-2022,Offline,32,,,,,
223624,South America,Brazil,iPad,2802371,235971,40%,Q3,30-11-2022,Offline,25,,,,,
349683,North America,USA,Services,9761919,44898,40%,Q3,20-03-2023,E-Commerce,32,,,,,
820681,North America,China,Wearables,3017775,203739,40%,Q1,25-05-2024,Retail Partner,30,,,,,
194057,Africa,India,MacBook,8618698,338957,35%,Q1,20-06-2020,E-Commerce,30,,,,,
502339,North America,Brazil,Wearables,8618821,424019,30%,Q1,27-04-2021,Retail Partner,41,,,,,
612473,North America,Germany,Wearables,6599328,102903,30%,Q1,01-08-2023,Online,25,,,,,
187848,South America,USA,Services,2487581,14100,25%,Q1,20-12-2021,Offline,50,,,,,
804556,North America,Japan,MacBook,3437007,347990,20%,Q3,20-08-2024,Online,28,,,,,
411706,North America,France,iPhone,1399508,420420,20%,Q4,01-10-2021,Offline,27,,,,,
517277,North America,China,iPad,1273693,443690,20%,Q4,11-05-2023,Online,32,,,,,
914968,Africa,USA,MacBook,8309887,487919,20%,Q4,06-01-2023,Retail Partner,35,,,,,
464388,North America,China,iPad,7952557,16288,20%,Q1,01-12-2021,Online,26,,,,,
243775,North America,Japan,iPad,7800152,223226,35%,Q3,23-05-2022,E-Commerce,33,,,,,
633107,Africa,Japan,iPad,1645006,40471,30%,Q3,18-10-2020,E-Commerce,26,,,,,
829667,Oceania,India,iPad,677046,410395,20%,Q2,11-08-2023,E-Commerce,26,,,,,
637822,Europe,India,iPhone,6913824,165520,20%,Q3,01-03-2024,Online,32,,,,,
188768,Europe,France,Wearables,7091786,386293,30%,Q3,30-06-2020,Apple Store,28,,,,,
280498,South America,India,Services,9090183,191515,30%,Q1,14-03-2024,Offline,40,,,,,
540064,Europe,Canada,iPad,8906183,214430,30%,Q2,25-01-2021,Online,27,,,,,
333941,North America,Australia,iPhone,9701869,477465,25%,Q4,20-04-2020,E-Commerce,26,,,,,
625399,Oceania,UK,iPad,1900312,161533,30%,Q3,24-09-2023,E-Commerce,29,,,,,
153254,North America,China,Wearables,4316653,113071,20%,Q3,23-09-2020,Apple Store,23,,,,,
341827,South America,USA,Services,4782586,114598,30%,Q2,05-02-2022,Offline,43,,,,,
407694,North America,Australia,Services,3434763,282105,20%,Q2,10-01-2020,Offline,28,,,,,
923461,North America,Brazil,Services,975412,65286,20%,Q4,01-03-2023,E-Commerce,28,,,,,
301815,Oceania,India,Wearables,2248790,415753,20%,Q4,05-11-2022,Offline,22,,,,,
231319,Asia,France,Wearables,4082904,207971,25%,Q1,02-04-2021,Offline,32,,,,,
870920,Oceania,UK,iPhone,6661792,482949,20%,Q2,08-09-2020,E-Commerce,25,,,,,
500178,Europe,India,Services,1151739,324449,30%,Q4,29-12-2024,Offline,45,,,,,
400688,Asia,Japan,iPhone,7193360,493752,20%,Q3,26-01-2024,Online,20,,,,,
574759,Europe,China,MacBook,3543403,496598,40%,Q3,28-03-2024,Offline,25,,,,,
799655,Oceania,Germany,Wearables,8917812,310593,30%,Q4,10-06-2020,Retail Partner,26,,,,,
820740,North America,USA,Services,3294073,480304,30%,Q3,25-09-2022,E-Commerce,29,,,,,
622802,Europe,Brazil,iPad,9455636,465507,30%,Q1,30-08-2022,Apple Store,28,,,,,
158935,Asia,China,MacBook,8970992,289604,35%,Q2,26-06-2024,Retail Partner,47,,,,,
846396,North America,Canada,iPhone,4219415,384938,35%,Q2,05-03-2024,Retail Partner,33,,,,,
932411,North America,India,iPhone,9504534,78344,40%,Q1,05-02-2021,Retail Partner,19,,,,,
410686,North America,USA,Services,3660790,5550,30%,Q1,11-02-2023,Apple Store,33,,,,,
699521,South America,USA,MacBook,3374104,81020,20%,Q4,24-11-2023,Offline,46,,,,,
925776,Europe,France,iPhone,6383131,306643,20%,Q3,23-06-2021,Apple Store,27,,,,,
975306,North America,Brazil,iPhone,3488539,474269,40%,Q1,07-07-2024,Apple Store,24,,,,,
218782,Europe,Germany,iPad,2045020,34291,20%,Q1,09-09-2023,Apple Store,44,,,,,
623373,Asia,USA,Services,8397238,451102,30%,Q1,03-01-2024,Offline,36,,,,,
460951,Asia,Canada,MacBook,9789818,497357,35%,Q3,22-08-2023,E-Commerce,24,,,,,
230139,North America,Australia,iPad,5219227,226481,25%,Q4,13-05-2021,Online,29,,,,,
134474,South America,UK,iPhone,5481739,457495,20%,Q1,23-03-2020,Online,24,,,,,
404038,South America,China,iPhone,214041,120006,40%,Q2,30-08-2024,Apple Store,31,,,,,
365147,Asia,USA,MacBook,8391681,414424,40%,Q2,23-11-2023,Apple Store,48,,,,,
872067,Europe,India,Services,4270717,248269,40%,Q1,31-03-2021,Apple Store,30,,,,,
243132,Asia,Japan,Services,6294157,103503,20%,Q2,01-11-2021,Offline,29,,,,,
754434,Oceania,Brazil,MacBook,6277565,40815,35%,Q3,20-08-2023,Retail Partner,42,,,,,
370123,North America,USA,iPad,3112709,104319,20%,Q1,06-10-2023,Online,26,,,,,
465433,Asia,Australia,Services,495870,395766,25%,Q1,12-11-2020,Offline,36,,,,,
215441,Oceania,Brazil,iPhone,5923157,46948,20%,Q3,08-04-2020,E-Commerce,32,,,,,
832855,North America,Australia,Wearables,6885129,253277,20%,Q4,18-06-2021,Online,31,,,,,
905062,Oceania,France,iPhone,3476091,369604,30%,Q2,28-08-2022,Online,24,,,,,
879497,Europe,Germany,Services,87556,71441,20%,Q2,21-12-2023,Offline,31,,,,,
821176,North America,Australia,MacBook,2081412,220840,30%,Q4,15-08-2022,Apple Store,50,,,,,
906099,Oceania,Germany,Wearables,7462870,432168,40%,Q2,17-07-2023,Retail Partner,31,,,,,
303555,Oceania,Australia,Wearables,860526,342258,40%,Q4,15-07-2023,E-Commerce,35,,,,,
929071,North America,UK,iPad,1040096,149471,40%,Q1,14-07-2022,Offline,25,,,,,
648153,South America,USA,iPad,3050991,182359,20%,Q1,17-04-2022,Offline,35,,,,,
391424,Asia,Japan,Services,3320147,351147,25%,Q3,12-12-2021,Online,28,,,,,
872211,North America,UK,iPhone,178049,418500,40%,Q2,30-05-2023,E-Commerce,31,,,,,
231904,Oceania,China,iPad,2152791,490548,20%,Q2,02-09-2022,Apple Store,38,,,,,
832054,North America,UK,Wearables,3182743,180366,30%,Q2,17-04-2024,Apple Store,28,,,,,
289869,North America,Germany,MacBook,8551117,130312,20%,Q3,21-02-2023,Apple Store,39,,,,,
177754,Europe,Japan,MacBook,9163844,62669,20%,Q4,03-12-2021,Online,23,,,,,
589109,South America,Australia,MacBook,8633914,301169,30%,Q4,04-05-2023,Offline,38,,,,,
304613,North America,India,MacBook,2000028,81097,30%,Q3,09-03-2023,E-Commerce,32,,,,,
512065,Europe,UK,Wearables,2644342,14743,35%,Q4,25-06-2021,Offline,23,,,,,
282147,Europe,UK,MacBook,8690010,302947,35%,Q2,10-04-2021,Offline,42,,,,,
435524,South America,India,iPad,3253941,420476,40%,Q1,27-02-2022,Offline,35,,,,,
594611,Oceania,Brazil,Services,682788,336386,40%,Q1,17-05-2021,E-Commerce,34,,,,,
815962,South America,France,MacBook,4287062,94174,35%,Q3,18-09-2024,E-Commerce,28,,,,,
321655,North America,Germany,Wearables,2356207,269963,25%,Q1,28-08-2021,Apple Store,23,,,,,
102807,Europe,Japan,Wearables,8424508,145684,20%,Q3,25-01-2023,Apple Store,20,,,,,
751022,North America,Canada,iPad,1935302,289462,25%,Q4,14-04-2023,Retail Partner,31,,,,,
228596,South America,Brazil,iPad,7521106,366499,30%,Q2,19-02-2022,Apple Store,33,,,,,
248296,Europe,UK,Services,1858526,135045,30%,Q1,17-04-2021,Apple Store,26,,,,,
434115,North America,Japan,Wearables,1774950,326236,40%,Q1,06-11-2022,Retail Partner,31,,,,,
380764,Europe,China,Services,8818064,441856,25%,Q1,25-12-2021,Apple Store,33,,,,,
861786,North America,Canada,iPhone,7813553,202075,30%,Q1,21-06-2021,E-Commerce,20,,,,,
658892,South America,Brazil,MacBook,3060663,276605,20%,Q1,13-01-2024,E-Commerce,21,,,,,
219950,North America,UK,iPhone,1348948,183826,20%,Q4,07-10-2021,Online,34,,,,,
547016,Africa,Brazil,MacBook,4040166,167927,20%,Q3,09-01-2024,Apple Store,20,,,,,
139112,North America,Brazil,Services,3531980,364735,35%,Q1,30-05-2020,Offline,27,,,,,
668067,Europe,Germany,MacBook,9431995,331654,20%,Q4,06-09-2024,Retail Partner,49,,,,,
594429,Africa,France,Services,912348,100491,30%,Q4,08-11-2021,Online,27,,,,,
637501,South America,Canada,Wearables,6549173,37749,20%,Q1,12-09-2020,Retail Partner,28,,,,,
571777,Africa,UK,Wearables,4585259,291856,25%,Q4,14-01-2024,Offline,43,,,,,
515599,North America,Japan,iPad,1761576,183038,40%,Q3,30-03-2024,Online,34,,,,,
896550,Oceania,Japan,iPhone,3727025,433839,40%,Q3,06-07-2022,Offline,26,,,,,
561558,Oceania,USA,Services,743091,175036,30%,Q3,05-08-2023,Apple Store,32,,,,,
923908,Asia,Germany,Wearables,2635514,44591,25%,Q4,09-08-2021,Retail Partner,33,,,,,
317632,Europe,India,Wearables,4383301,307550,40%,Q3,26-06-2020,E-Commerce,26,,,,,
505682,Oceania,UK,MacBook,1792787,5031,30%,Q3,04-04-2023,Retail Partner,21,,,,,
232583,South America,Japan,Wearables,6416025,395740,20%,Q2,30-04-2022,Apple Store,38,,,,,
315788,South America,China,MacBook,4375010,400570,40%,Q1,14-06-2024,E-Commerce,24,,,,,
218982,North America,France,iPad,2890708,84322,30%,Q1,03-11-2022,Apple Store,37,,,,,
571622,Africa,Australia,MacBook,6246389,462941,30%,Q2,05-01-2023,E-Commerce,24,,,,,
755965,South America,USA,Services,9841343,15480,20%,Q3,06-05-2024,Apple Store,35,,,,,
312386,Asia,USA,iPhone,5740558,156583,30%,Q1,04-08-2021,Apple Store,30,,,,,
690625,Africa,USA,MacBook,7077286,339106,40%,Q3,15-09-2023,Retail Partner,21,,,,,
274984,North America,India,Wearables,3876137,498405,40%,Q2,10-07-2020,Offline,36,,,,,
391415,Europe,India,Wearables,9619780,66217,20%,Q2,03-05-2024,E-Commerce,30,,,,,
646008,North America,USA,MacBook,86190,449544,40%,Q3,19-04-2020,Online,30,,,,,
963139,North America,India,iPhone,1348102,103959,20%,Q4,24-11-2022,Retail Partner,27,,,,,
601773,North America,USA,Services,9642699,284174,40%,Q2,22-05-2021,Offline,37,,,,,
549794,North America,China,iPhone,1559775,339273,35%,Q2,14-11-2024,Online,31,,,,,
836108,Africa,Canada,iPad,5669766,252391,25%,Q4,09-06-2023,Online,30,,,,,
140593,North America,Australia,Services,1644353,185322,40%,Q4,26-11-2022,Offline,31,,,,,
563981,North America,Germany,iPad,4364460,9414,40%,Q2,02-11-2021,Retail Partner,32,,,,,
189709,Asia,China,iPhone,4792569,272654,30%,Q2,15-09-2021,Offline,21,,,,,
545711,Asia,UK,Services,3151821,439925,25%,Q1,27-10-2024,Retail Partner,33,,,,,
525941,North America,Brazil,iPhone,2507293,168087,25%,Q4,05-11-2024,Online,28,,,,,
154267,Europe,Australia,iPhone,1431275,133859,20%,Q1,12-09-2023,Online,19,,,,,
478553,North America,India,iPad,5998885,428929,40%,Q4,17-11-2020,E-Commerce,26,,,,,
443744,Africa,India,iPad,2071101,103618,40%,Q4,03-03-2024,E-Commerce,33,,,,,
517163,Oceania,Australia,Wearables,6209459,339819,40%,Q3,05-02-2024,Offline,35,,,,,
243537,Africa,UK,Wearables,8196644,55542,20%,Q2,03-04-2022,Apple Store,37,,,,,
766735,Asia,Australia,iPhone,6746647,51930,40%,Q2,01-10-2020,Apple Store,18,,,,,
117457,North America,Canada,iPhone,7575406,313389,40%,Q2,02-11-2023,Apple Store,23,,,,,
823615,Oceania,India,Services,3597524,278558,20%,Q1,30-08-2021,Offline,32,,,,,
611461,South America,Germany,iPhone,9600845,229206,30%,Q2,19-11-2021,Offline,19,,,,,
442810,Europe,Canada,Services,2225610,121328,40%,Q4,28-01-2023,Retail Partner,30,,,,,
800810,Oceania,Brazil,iPhone,7655588,252761,30%,Q2,03-01-2024,Apple Store,22,,,,,
431996,North America,France,Services,7037305,317141,25%,Q2,04-02-2021,E-Commerce,26,,,,,
657807,South America,Canada,Wearables,6029143,460106,30%,Q2,13-06-2021,Online,32,,,,,
376521,Europe,France,iPad,6043060,255743,30%,Q3,07-03-2024,Online,29,,,,,
716567,Africa,France,Services,2628426,373586,25%,Q4,01-01-2025,Online,31,,,,,
950172,Asia,India,Wearables,2682999,380109,25%,Q2,19-06-2024,Retail Partner,43,,,,,
745760,Oceania,France,Wearables,3429873,284606,20%,Q2,16-08-2021,E-Commerce,22,,,,,
572605,South America,Germany,iPhone,3602633,334355,40%,Q3,23-12-2022,Offline,31,,,,,
616516,North America,China,iPad,6115165,370397,20%,Q4,10-04-2020,E-Commerce,28,,,,,
685621,North America,Canada,Wearables,1738877,347360,20%,Q2,05-08-2022,E-Commerce,32,,,,,
627614,Oceania,Germany,MacBook,2658445,462485,20%,Q2,25-02-2021,E-Commerce,19,,,,,
202086,Africa,Japan,iPad,5781093,309146,40%,Q4,20-11-2021,Apple Store,25,,,,,
272320,Oceania,Brazil,iPad,236155,175283,25%,Q3,16-09-2023,Apple Store,28,,,,,
490079,South America,Brazil,Wearables,9872671,474149,20%,Q2,20-04-2022,Apple Store,21,,,,,
231183,North America,Japan,iPad,9286049,188686,30%,Q2,14-08-2024,Offline,29,,,,,
751324,Asia,Canada,MacBook,362383,114963,20%,Q2,03-08-2024,E-Commerce,20,,,,,
747778,Asia,Germany,iPad,1645737,279471,30%,Q1,25-07-2023,Apple Store,32,,,,,
924439,Asia,France,MacBook,2467971,267387,30%,Q2,15-03-2024,Retail Partner,37,,,,,
344517,Oceania,France,iPhone,9216385,134339,30%,Q2,16-09-2024,Offline,30,,,,,
637331,Africa,Japan,MacBook,355055,211905,30%,Q1,30-11-2021,E-Commerce,32,,,,,
400597,Africa,USA,Services,7663270,488532,25%,Q4,29-07-2021,Online,27,,,,,
924118,Europe,Canada,iPad,3874843,80626,30%,Q1,17-05-2021,Offline,35,,,,,
320543,Asia,Brazil,Wearables,9390162,187434,40%,Q2,30-01-2020,Apple Store,43,,,,,
235803,North America,USA,Services,8549360,116519,30%,Q2,25-09-2023,E-Commerce,26,,,,,
164244,South America,China,Services,2900756,290899,30%,Q1,15-02-2022,Offline,27,,,,,
232907,North America,France,MacBook,1008285,105377,20%,Q4,09-09-2023,Apple Store,25,,,,,
498351,Oceania,China,iPad,9253351,276765,40%,Q4,29-10-2022,E-Commerce,31,,,,,
909379,Oceania,India,iPhone,3584292,79844,40%,Q1,31-10-2020,Offline,19,,,,,
443312,Asia,China,iPhone,5483485,23335,20%,Q2,11-03-2022,E-Commerce,25,,,,,
504295,Asia,Japan,iPhone,512658,254917,30%,Q4,28-07-2020,Offline,26,,,,,
495456,North America,USA,iPad,6951611,360641,40%,Q2,17-06-2024,Retail Partner,30,,,,,
350397,Africa,France,iPad,8401600,214371,30%,Q1,21-12-2020,Apple Store,26,,,,,
479260,Africa,Australia,Wearables,2838068,35815,20%,Q1,07-02-2022,E-Commerce,32,,,,,
622680,North America,China,iPhone,5915955,147679,20%,Q1,24-04-2020,Retail Partner,33,,,,,
262315,Europe,China,Services,6285661,497372,40%,Q2,03-01-2022,Retail Partner,28,,,,,
625273,Europe,Canada,iPhone,1753576,289116,20%,Q2,06-01-2022,Online,28,,,,,
361943,North America,Canada,Wearables,5696715,208331,20%,Q2,27-08-2022,Apple Store,44,,,,,
334104,North America,India,iPad,8294265,191254,30%,Q2,29-06-2022,Online,25,,,,,
317007,Africa,Germany,Wearables,4909516,1832,40%,Q1,28-10-2020,Retail Partner,32,,,,,
932492,North America,USA,iPad,6254101,227383,30%,Q4,05-04-2022,Apple Store,32,,,,,
808065,North America,Brazil,iPad,4156495,306559,30%,Q3,10-04-2024,Online,26,,,,,
595053,North America,Brazil,MacBook,209618,414648,25%,Q3,24-07-2020,Retail Partner,25,,,,,
604653,Asia,Australia,iPhone,3800221,118134,30%,Q3,07-12-2020,Offline,27,,,,,
752648,South America,China,Services,3988590,412574,20%,Q2,29-02-2024,Offline,38,,,,,
506598,Europe,Japan,Services,2530547,86221,40%,Q4,23-06-2024,Online,29,,,,,
282033,South America,UK,MacBook,4182905,210504,40%,Q1,27-04-2023,Retail Partner,21,,,,,
811993,North America,Germany,iPad,6644569,322969,20%,Q3,27-11-2022,Retail Partner,44,,,,,
240973,South America,Germany,iPad,7086253,326612,35%,Q1,12-04-2024,Offline,42,,,,,
451146,Europe,Japan,iPad,6768771,85551,25%,Q2,10-10-2020,Apple Store,41,,,,,
464676,Africa,France,Wearables,2869008,458198,30%,Q2,29-07-2023,Retail Partner,28,,,,,
609661,Asia,UK,iPad,2263942,21495,25%,Q1,23-12-2021,Retail Partner,37,,,,,
452174,Europe,China,Wearables,2891678,136083,25%,Q3,16-04-2022,E-Commerce,31,,,,,
536005,Asia,France,Services,6120133,329585,40%,Q1,08-05-2021,Retail Partner,25,,,,,
221698,Oceania,France,iPad,5966714,493524,20%,Q3,22-01-2023,E-Commerce,30,,,,,
829038,Europe,India,Services,9249739,203554,40%,Q1,07-11-2024,E-Commerce,34,,,,,
744768,Europe,China,MacBook,3601854,255312,20%,Q2,01-07-2023,Online,19,,,,,
258497,North America,Japan,Wearables,3816107,96195,25%,Q2,21-05-2024,Apple Store,39,,,,,
538764,Africa,Germany,Wearables,4010128,349496,40%,Q4,20-02-2020,Apple Store,45,,,,,
908588,North America,UK,MacBook,115845,69188,25%,Q2,21-12-2022,Online,20,,,,,
243932,Asia,Germany,iPhone,8269981,51826,20%,Q2,26-12-2021,E-Commerce,24,,,,,
832575,North America,Brazil,iPad,9645871,148133,20%,Q3,02-06-2023,Online,35,,,,,
923630,North America,Brazil,iPhone,9573271,446647,35%,Q1,04-10-2022,Apple Store,30,,,,,
638213,North America,India,iPad,4575587,135262,30%,Q1,24-07-2024,Online,28,,,,,
813568,Asia,Brazil,Wearables,8383086,95960,20%,Q1,30-12-2023,Offline,27,,,,,
875215,Europe,Japan,iPhone,5277651,348933,30%,Q4,18-03-2020,Apple Store,28,,,,,
930430,Europe,France,Wearables,7299814,187005,30%,Q3,13-03-2020,E-Commerce,29,,,,,
949158,South America,Japan,Wearables,9060725,113957,30%,Q1,29-06-2023,Offline,20,,,,,
754516,Europe,Canada,iPhone,3500518,211325,40%,Q4,03-04-2022,Online,34,,,,,
812644,Europe,France,MacBook,4673260,167670,35%,Q3,27-03-2022,Retail Partner,42,,,,,
567049,Oceania,Brazil,iPad,6025430,277382,30%,Q4,27-05-2021,Retail Partner,43,,,,,
807612,Oceania,UK,Wearables,9333776,360147,20%,Q3,04-01-2021,Retail Partner,20,,,,,
246479,Europe,UK,iPhone,4528432,188735,30%,Q4,23-06-2022,E-Commerce,19,,,,,
872590,Europe,Canada,MacBook,6852926,32848,40%,Q1,05-02-2020,Online,32,,,,,
273564,South America,USA,Services,5683568,486443,40%,Q1,14-10-2022,Retail Partner,26,,,,,
321230,North America,Canada,Wearables,8615970,257928,20%,Q4,25-11-2022,E-Commerce,18,,,,,
769711,South America,France,iPhone,7206522,49666,20%,Q4,12-12-2021,Online,18,,,,,
374448,South America,Germany,MacBook,8963719,277803,30%,Q2,16-03-2023,Offline,29,,,,,
176354,Europe,UK,Services,5764767,220774,20%,Q1,19-08-2024,Retail Partner,42,,,,,
595768,South America,UK,Services,8122627,405292,30%,Q2,15-09-2023,Online,35,,,,,
592814,Oceania,France,MacBook,1813955,208466,40%,Q4,01-07-2021,Retail Partner,18,,,,,
968717,South America,Japan,Services,1540274,164258,40%,Q1,21-09-2024,Apple Store,27,,,,,
544305,North America,USA,iPad,9184327,321536,20%,Q1,07-06-2020,Retail Partner,32,,,,,
929953,Asia,Canada,iPad,7967543,494674,30%,Q1,22-08-2023,Retail Partner,33,,,,,
495596,Oceania,China,Wearables,1822145,124471,40%,Q4,03-10-2022,E-Commerce,20,,,,,
525033,North America,Canada,Services,4356764,385737,35%,Q2,19-11-2022,E-Commerce,32,,,,,
466353,South America,UK,iPad,3102165,126597,25%,Q1,15-12-2022,Online,27,,,,,
376104,Oceania,France,iPhone,5886359,395294,35%,Q4,13-02-2020,Offline,28,,,,,
783721,Asia,Australia,Wearables,8523177,17495,20%,Q1,10-08-2020,Apple Store,30,,,,,
842018,Europe,Japan,iPhone,8564973,469481,35%,Q1,13-09-2021,Apple Store,19,,,,,
740834,Africa,Japan,MacBook,4596550,1221,30%,Q1,29-07-2024,E-Commerce,23,,,,,
957080,South America,France,MacBook,8203005,296798,20%,Q3,08-04-2020,E-Commerce,31,,,,,
494123,North America,Japan,iPhone,756263,95078,25%,Q2,10-08-2024,Apple Store,34,,,,,
471029,Africa,Australia,iPad,3547558,136110,30%,Q4,07-06-2023,Online,32,,,,,
980192,Oceania,India,iPad,5869529,230849,30%,Q4,16-04-2023,Apple Store,36,,,,,
190619,Asia,Brazil,MacBook,3817695,128229,30%,Q3,09-05-2022,Apple Store,48,,,,,
189625,North America,France,Wearables,1139607,391989,35%,Q4,10-01-2025,Apple Store,39,,,,,
139744,North America,Australia,iPad,1725066,406216,25%,Q4,05-06-2022,Retail Partner,28,,,,,
216865,North America,Japan,Services,8659694,182028,30%,Q3,29-03-2021,Apple Store,25,,,,,
861570,Oceania,Brazil,Wearables,2662445,28628,40%,Q2,14-08-2020,Apple Store,29,,,,,
545440,Oceania,China,Wearables,5405657,137087,20%,Q1,31-03-2022,Apple Store,39,,,,,
582673,North America,France,Services,9946321,8212,25%,Q1,20-08-2024,Retail Partner,37,,,,,
294296,Asia,USA,Wearables,8254568,6810,35%,Q4,09-07-2021,E-Commerce,19,,,,,
703050,South America,Brazil,MacBook,1119542,30722,20%,Q1,25-11-2020,Offline,44,,,,,
806353,North America,Japan,iPad,6654752,263871,40%,Q4,25-01-2021,Retail Partner,29,,,,,
314193,North America,Japan,Wearables,7498865,459889,30%,Q1,29-08-2021,E-Commerce,35,,,,,
304352,South America,USA,iPad,2070332,393939,40%,Q2,16-05-2024,Offline,39,,,,,
892067,Africa,Australia,MacBook,3957665,29960,40%,Q3,23-03-2024,E-Commerce,30,,,,,
322358,South America,Canada,MacBook,9397588,112361,30%,Q3,14-04-2020,Offline,48,,,,,
346042,Africa,China,iPhone,4850432,204156,25%,Q2,16-09-2020,Retail Partner,21,,,,,
893954,Europe,China,iPhone,165441,71011,40%,Q1,07-05-2022,Retail Partner,34,,,,,
817478,Africa,Germany,iPad,6984807,479871,20%,Q2,04-11-2023,E-Commerce,26,,,,,
152380,North America,France,Services,5374862,361825,20%,Q3,20-10-2023,Retail Partner,42,,,,,
408406,North America,Germany,Services,6592439,94295,25%,Q2,18-01-2023,E-Commerce,32,,,,,
737358,Europe,UK,iPhone,9990346,352565,30%,Q3,10-05-2021,Apple Store,34,,,,,
584286,North America,Japan,MacBook,5941451,8253,30%,Q3,06-07-2023,Online,20,,,,,
856625,Asia,India,Services,7297514,411157,20%,Q1,07-04-2022,Retail Partner,45,,,,,
452785,Africa,UK,Wearables,9788428,33886,25%,Q2,25-07-2023,E-Commerce,27,,,,,
924237,North America,Germany,iPhone,1868557,471437,20%,Q1,18-07-2023,Retail Partner,29,,,,,
657906,North America,Germany,iPad,2504009,175641,35%,Q2,11-06-2024,Retail Partner,26,,,,,
772557,North America,Brazil,Services,5102380,197620,20%,Q3,28-06-2022,Online,33,,,,,
842267,North America,China,Wearables,9302640,71218,20%,Q3,05-04-2024,Retail Partner,26,,,,,
300381,South America,USA,Services,7278654,6983,20%,Q2,04-03-2022,E-Commerce,30,,,,,
289446,Asia,UK,iPad,9122654,234646,40%,Q1,11-02-2022,Online,28,,,,,
127828,Oceania,Australia,iPad,4080871,462596,20%,Q4,13-02-2020,Retail Partner,37,,,,,
355943,South America,Japan,iPad,1641851,493802,20%,Q1,29-06-2022,Online,27,,,,,
295218,South America,Brazil,Wearables,4141715,75987,25%,Q2,16-03-2021,E-Commerce,27,,,,,
594072,North America,India,MacBook,9541754,45037,20%,Q1,20-03-2023,Online,24,,,,,
157815,Oceania,Canada,iPhone,6459250,494547,30%,Q3,04-10-2020,E-Commerce,28,,,,,
941700,South America,Brazil,iPad,3729325,452483,30%,Q3,10-09-2020,Online,30,,,,,
479272,Africa,Germany,iPhone,6215618,499151,20%,Q3,17-01-2022,Retail Partner,26,,,,,
624536,Oceania,Brazil,MacBook,7831857,11355,30%,Q3,18-09-2023,Offline,26,,,,,
911775,North America,Germany,iPad,8710016,334642,40%,Q3,22-09-2024,Online,32,,,,,
822318,North America,Germany,iPhone,6956660,482786,40%,Q4,20-07-2024,E-Commerce,21,,,,,
297262,North America,Brazil,Wearables,990291,210208,20%,Q3,08-06-2024,Retail Partner,19,,,,,
180486,North America,China,MacBook,5609566,340344,40%,Q2,24-02-2020,Apple Store,20,,,,,
123452,Europe,China,MacBook,1317588,260649,40%,Q3,07-09-2023,Apple Store,45,,,,,
988863,Africa,USA,Services,1208058,389113,30%,Q4,03-03-2023,Apple Store,26,,,,,
926210,Africa,India,Wearables,8280197,289866,20%,Q1,10-10-2024,Retail Partner,29,,,,,
908497,North America,Canada,Wearables,9947125,102623,40%,Q1,27-06-2021,Offline,42,,,,,
494320,Asia,Brazil,Wearables,2166703,66091,25%,Q2,23-11-2021,Online,32,,,,,
565431,Africa,France,Wearables,8341477,212485,20%,Q1,20-02-2021,E-Commerce,25,,,,,
350389,Europe,Brazil,iPad,1100949,414237,25%,Q2,22-03-2020,Online,33,,,,,
306759,North America,Brazil,MacBook,1863529,493459,40%,Q1,02-05-2022,Retail Partner,47,,,,,
696213,South America,Brazil,iPhone,804512,31499,30%,Q2,12-10-2022,E-Commerce,26,,,,,
419989,Europe,Australia,Wearables,7522741,365556,40%,Q2,12-02-2020,Offline,31,,,,,
624607,North America,China,Wearables,5317134,188984,20%,Q4,11-11-2020,Online,28,,,,,
414005,Asia,UK,iPhone,9157564,86308,25%,Q2,19-05-2020,Online,19,,,,,
826228,Africa,China,Services,3821751,437260,40%,Q2,02-04-2022,Online,31,,,,,
347036,Africa,India,iPhone,5766478,413705,40%,Q1,30-01-2021,Offline,25,,,,,
207831,Europe,Brazil,Wearables,581018,483454,25%,Q1,01-04-2022,Offline,38,,,,,
975752,Asia,UK,iPad,667385,172193,40%,Q4,01-11-2021,Offline,32,,,,,
259361,Oceania,France,iPad,1401838,344625,35%,Q3,23-05-2024,Retail Partner,30,,,,,
394246,North America,Australia,Wearables,7087767,362587,20%,Q1,10-01-2025,Online,26,,,,,
612819,Africa,UK,Wearables,2388237,63772,40%,Q2,13-04-2020,Apple Store,25,,,,,
450495,Europe,India,iPhone,3259791,242139,40%,Q1,11-06-2021,E-Commerce,33,,,,,
952753,Asia,China,iPad,1689398,472496,40%,Q2,05-11-2022,E-Commerce,30,,,,,
856121,North America,China,iPhone,6492582,169504,30%,Q1,13-05-2020,Online,21,,,,,
836607,North America,USA,Services,1320161,173297,30%,Q1,12-07-2023,Online,33,,,,,
938554,North America,France,iPad,7049494,42454,20%,Q1,23-05-2023,Retail Partner,45,,,,,
451854,South America,Japan,Wearables,3430281,495276,25%,Q2,02-12-2021,Apple Store,45,,,,,
433351,Asia,Brazil,iPad,3620083,443610,20%,Q4,24-05-2022,E-Commerce,29,,,,,
608448,North America,Brazil,Services,4524968,295951,20%,Q3,24-02-2020,Offline,32,,,,,
843855,Europe,Canada,iPhone,6987923,459291,30%,Q1,24-11-2024,Apple Store,19,,,,,
857420,Asia,India,Wearables,8338308,286103,25%,Q3,20-08-2023,Offline,40,,,,,
508174,South America,India,iPhone,1614597,124580,30%,Q3,04-06-2024,Apple Store,27,,,,,
337125,Africa,Japan,MacBook,95170,170006,20%,Q3,08-04-2023,Online,25,,,,,
718639,North America,UK,iPad,48189,436034,40%,Q2,15-02-2020,E-Commerce,27,,,,,
570587,North America,USA,Wearables,9283282,112327,40%,Q4,30-04-2024,Retail Partner,30,,,,,
882328,Europe,Japan,iPhone,6490625,420407,30%,Q2,24-11-2024,Offline,23,,,,,
881668,Europe,Germany,Wearables,9263065,408252,20%,Q4,31-08-2020,Apple Store,25,,,,,
166213,North America,Japan,MacBook,3794911,365037,30%,Q2,02-07-2021,Retail Partner,45,,,,,
708866,South America,Japan,Wearables,3339185,75468,20%,Q1,22-12-2021,Offline,20,,,,,
284257,Asia,Japan,MacBook,1028724,24375,20%,Q1,04-11-2020,Offline,24,,,,,
796382,South America,India,MacBook,5615982,122099,25%,Q3,24-02-2020,Retail Partner,36,,,,,
321543,North America,Japan,Services,1266110,233403,20%,Q1,01-12-2023,Apple Store,37,,,,,
735742,South America,Brazil,MacBook,2558640,375100,30%,Q4,08-10-2022,Apple Store,32,,,,,
320741,Africa,Brazil,Services,4185527,451569,40%,Q1,14-11-2024,Online,28,,,,,
899155,North America,France,Services,50697,77952,30%,Q2,26-09-2021,Apple Store,42,,,,,
700413,Asia,Japan,Wearables,6567260,225314,20%,Q2,21-09-2020,Online,33,,,,,
215655,Asia,USA,Services,4656294,477332,35%,Q3,19-12-2024,Offline,48,,,,,
326917,North America,Brazil,Wearables,8509081,154784,25%,Q4,29-11-2023,E-Commerce,32,,,,,
960142,Asia,France,iPad,1266603,418952,20%,Q3,11-04-2024,Offline,38,,,,,
842219,Asia,Japan,Wearables,7528960,168599,30%,Q2,12-02-2024,Apple Store,45,,,,,
967156,South America,Japan,iPhone,2382859,323382,25%,Q4,07-07-2020,E-Commerce,32,,,,,
360076,Asia,China,iPad,3432907,428520,35%,Q2,28-06-2022,Apple Store,30,,,,,
478198,Oceania,France,iPhone,3576126,487261,40%,Q1,04-07-2021,Retail Partner,23,,,,,
221110,Oceania,Brazil,iPad,1580553,6684,20%,Q4,20-10-2020,Retail Partner,40,,,,,
227889,Africa,China,MacBook,6097360,44201,40%,Q4,16-05-2021,Retail Partner,22,,,,,
218941,Asia,France,iPhone,4611066,339644,40%,Q1,22-02-2020,Online,31,,,,,
246901,South America,UK,Services,4586972,97156,30%,Q1,29-10-2023,Online,31,,,,,
780800,North America,China,iPhone,8962255,242795,30%,Q1,02-08-2022,E-Commerce,24,,,,,
934967,Africa,China,Services,7050834,343965,30%,Q2,25-08-2023,Retail Partner,50,,,,,
239063,Europe,France,iPad,6907076,433809,40%,Q2,23-01-2025,E-Commerce,28,,,,,
578700,South America,France,Services,7327216,349807,30%,Q2,18-09-2021,Retail Partner,31,,,,,
395354,Oceania,USA,Wearables,1985684,278451,30%,Q2,28-05-2020,Retail Partner,28,,,,,
107201,North America,China,iPad,7446876,428797,20%,Q2,16-11-2022,Offline,38,,,,,
604075,North America,Australia,Wearables,3105893,443853,35%,Q3,21-05-2022,Retail Partner,30,,,,,
101308,Oceania,USA,Wearables,8821555,323145,30%,Q4,19-09-2022,Retail Partner,26,,,,,
953186,Europe,Australia,iPhone,7039103,250665,25%,Q1,17-04-2022,Retail Partner,19,,,,,
412666,Africa,UK,Services,2100104,333680,40%,Q1,23-02-2024,Offline,46,,,,,
306836,South America,Germany,Services,2709748,48573,40%,Q1,28-09-2021,Online,33,,,,,
444214,South America,China,MacBook,7745568,455651,40%,Q2,25-11-2024,Apple Store,21,,,,,
401943,Europe,China,MacBook,780418,423599,40%,Q4,21-06-2020,Apple Store,49,,,,,
168271,South America,Germany,iPhone,9985364,69005,25%,Q2,25-06-2022,Online,20,,,,,
494503,Oceania,Japan,Services,5235150,278961,25%,Q1,05-10-2020,Retail Partner,36,,,,,
599843,North America,Brazil,iPhone,1377346,290311,20%,Q3,23-09-2020,Retail Partner,22,,,,,
953653,Asia,Canada,iPad,6277238,407744,35%,Q2,05-05-2022,E-Commerce,27,,,,,
110833,North America,Germany,Wearables,8300754,469278,40%,Q1,24-05-2023,Online,23,,,,,
414022,Europe,France,iPhone,8708573,236541,30%,Q2,29-03-2022,E-Commerce,29,,,,,
665138,North America,Germany,iPhone,5143256,425933,20%,Q4,22-01-2025,Online,24,,,,,
795528,North America,France,iPhone,8647359,436817,40%,Q4,30-10-2020,E-Commerce,33,,,,,
189569,South America,Germany,iPad,1425591,341971,25%,Q1,02-05-2022,Offline,25,,,,,
160955,North America,China,Services,3368957,380939,30%,Q2,27-02-2024,E-Commerce,35,,,,,
504525,North America,China,Services,8554069,126003,25%,Q4,19-05-2020,E-Commerce,25,,,,,
571257,Europe,Germany,iPhone,9589562,263220,25%,Q4,01-01-2022,Online,19,,,,,
569438,Oceania,UK,Wearables,8780370,76181,30%,Q2,11-04-2022,Offline,45,,,,,
505538,North America,Brazil,iPhone,397217,360707,35%,Q1,10-01-2021,Online,25,,,,,
967753,North America,Japan,MacBook,9424469,31751,20%,Q4,27-06-2020,Retail Partner,34,,,,,
974168,Europe,China,Services,5351356,152784,30%,Q3,12-02-2020,Online,34,,,,,
177263,Asia,Germany,iPhone,3728734,219375,40%,Q4,25-05-2022,Offline,24,,,,,
959264,Africa,USA,Services,2626082,283726,30%,Q2,05-01-2024,Online,34,,,,,
161048,Africa,Canada,MacBook,4357642,184504,40%,Q2,08-07-2022,Online,33,,,,,
254757,North America,Japan,Services,6357726,180595,30%,Q4,26-08-2023,Offline,44,,,,,
413678,Europe,China,MacBook,3483558,34990,35%,Q1,20-11-2020,Apple Store,20,,,,,
848043,Asia,Japan,Services,9047535,86404,20%,Q2,20-09-2023,Retail Partner,49,,,,,
426066,North America,China,Wearables,795895,296983,40%,Q2,30-06-2020,Apple Store,18,,,,,
512365,Oceania,France,iPhone,2247204,102057,20%,Q4,22-08-2022,Offline,27,,,,,
883307,Asia,Germany,iPhone,9006709,352551,20%,Q1,09-03-2022,Apple Store,33,,,,,
543560,Oceania,UK,Services,38647,273913,30%,Q2,18-10-2022,E-Commerce,35,,,,,
614830,Oceania,China,Services,1839015,402777,25%,Q3,14-07-2023,Retail Partner,49,,,,,
117403,Asia,USA,Wearables,6662749,65988,20%,Q3,26-01-2023,Retail Partner,42,,,,,
545653,North America,Canada,MacBook,6195047,458274,20%,Q4,05-09-2024,Online,31,,,,,
455594,Europe,Japan,MacBook,1768412,337000,35%,Q2,05-05-2021,Retail Partner,18,,,,,
684643,Oceania,China,Services,6464419,2992,20%,Q2,13-06-2020,Retail Partner,46,,,,,
622530,North America,France,iPad,6734056,127953,20%,Q1,05-04-2022,Online,27,,,,,
474450,Asia,UK,MacBook,9549976,8356,20%,Q3,29-01-2024,Retail Partner,21,,,,,
803662,Asia,Brazil,Services,9766650,103140,20%,Q2,15-02-2023,Apple Store,27,,,,,
910585,South America,China,iPad,71820,78980,40%,Q2,27-06-2022,E-Commerce,34,,,,,
554556,North America,USA,iPhone,3723428,321347,30%,Q2,28-09-2020,Retail Partner,26,,,,,
809016,North America,USA,iPhone,7132136,162857,30%,Q2,06-09-2022,Retail Partner,34,,,,,
122339,North America,Japan,iPad,7272700,112212,35%,Q2,13-07-2023,Offline,30,,,,,
664373,Africa,Germany,Wearables,351379,296953,40%,Q4,28-12-2021,Online,26,,,,,
501067,Oceania,India,iPad,1474234,475596,25%,Q4,13-12-2022,E-Commerce,31,,,,,
919769,North America,UK,iPad,7842386,61861,35%,Q4,24-01-2025,E-Commerce,33,,,,,
308319,Africa,Australia,iPad,6218007,106158,40%,Q1,01-05-2021,Online,32,,,,,
141281,North America,Canada,MacBook,5558873,302530,40%,Q1,05-05-2020,Retail Partner,28,,,,,
668764,North America,Brazil,iPad,8537145,100708,40%,Q1,25-12-2022,Online,33,,,,,
740312,South America,India,iPhone,9518535,202836,35%,Q4,24-11-2024,E-Commerce,33,,,,,
774989,Africa,Brazil,iPhone,6913738,105734,30%,Q3,05-12-2024,E-Commerce,22,,,,,
382770,Oceania,Australia,iPad,3812688,469578,40%,Q3,22-06-2022,Offline,35,,,,,
830367,North America,China,iPad,3701631,208694,40%,Q4,24-04-2022,Apple Store,45,,,,,
643467,Oceania,India,iPhone,3652197,367368,30%,Q1,30-10-2022,Apple Store,20,,,,,
609939,North America,Australia,Services,5177294,446574,40%,Q3,07-07-2023,Online,30,,,,,
215399,Europe,UK,MacBook,7042433,250829,40%,Q4,17-05-2023,Retail Partner,31,,,,,
943048,South America,Australia,Services,5025984,463356,35%,Q2,17-01-2022,Retail Partner,36,,,,,
115176,Europe,UK,Wearables,8631142,18905,20%,Q4,07-04-2020,Retail Partner,33,,,,,
625418,Europe,UK,Services,9600558,484168,40%,Q2,01-03-2020,Retail Partner,26,,,,,
594121,Africa,India,MacBook,4518960,410388,20%,Q4,21-12-2022,Online,34,,,,,
438894,Asia,Germany,iPad,7652497,204252,25%,Q4,10-04-2024,Offline,44,,,,,
538879,Africa,China,Wearables,6952294,464833,30%,Q4,20-09-2024,Retail Partner,43,,,,,
979447,Oceania,Brazil,iPad,7918674,90800,40%,Q3,30-08-2020,Apple Store,32,,,,,
369804,South America,France,MacBook,8881602,189071,35%,Q3,04-01-2023,Apple Store,46,,,,,
533270,Oceania,UK,iPad,855189,127298,20%,Q4,29-12-2021,Offline,44,,,,,
663686,North America,Brazil,Services,9101581,285137,20%,Q3,21-11-2023,Online,35,,,,,
973207,North America,Germany,iPad,5326328,139528,30%,Q1,12-07-2023,E-Commerce,32,,,,,
521842,North America,China,Services,1558718,283795,40%,Q1,30-12-2024,Offline,36,,,,,
925943,Oceania,Japan,iPhone,2120331,201035,30%,Q4,30-05-2020,Retail Partner,21,,,,,
253903,North America,Germany,Services,1892312,69659,20%,Q4,16-02-2024,Retail Partner,39,,,,,
657488,Africa,France,Wearables,3108619,385561,30%,Q4,03-06-2020,Offline,41,,,,,
349520,Asia,Brazil,MacBook,4331027,470479,35%,Q2,27-09-2022,Offline,26,,,,,
680061,North America,Germany,Services,1800265,393579,30%,Q1,19-01-2023,Offline,39,,,,,
456491,Africa,Germany,Services,6425983,497068,40%,Q4,21-11-2020,Apple Store,41,,,,,
195796,Asia,Australia,MacBook,2529178,180757,40%,Q3,22-04-2021,Apple Store,37,,,,,
110402,North America,USA,Services,8264083,91666,20%,Q2,28-11-2020,Apple Store,44,,,,,
352916,South America,Germany,MacBook,9927052,463153,30%,Q2,08-02-2024,Retail Partner,39,,,,,
477172,South America,France,Services,5673346,133075,30%,Q3,01-12-2024,Online,32,,,,,
392909,Oceania,China,iPhone,73068,341332,30%,Q1,28-05-2023,E-Commerce,32,,,,,
305869,North America,USA,MacBook,9470199,460645,35%,Q4,30-01-2022,Offline,32,,,,,
876802,Oceania,Brazil,MacBook,1818608,126753,25%,Q4,19-07-2020,Online,19,,,,,
688804,Oceania,USA,MacBook,9481278,488961,20%,Q4,30-04-2021,Retail Partner,46,,,,,
220033,South America,USA,Services,4680963,140200,30%,Q1,27-11-2022,Online,25,,,,,
757372,Oceania,Canada,iPad,2458943,484922,20%,Q4,02-12-2022,E-Commerce,31,,,,,
776671,Oceania,China,Wearables,6546759,412200,40%,Q4,27-08-2022,Apple Store,25,,,,,
947092,North America,India,Services,5000378,283678,25%,Q1,06-09-2024,Offline,49,,,,,
469648,North America,UK,iPad,3177847,498030,20%,Q4,13-11-2021,Offline,28,,,,,
517847,Asia,USA,Services,4973990,343200,20%,Q1,18-08-2024,Retail Partner,26,,,,,
112323,North America,USA,Wearables,2941628,421052,30%,Q1,08-05-2024,Retail Partner,19,,,,,
217807,North America,Canada,MacBook,7303277,410453,40%,Q3,08-02-2022,Apple Store,50,,,,,
163408,Africa,Canada,Services,9208440,123558,30%,Q1,09-01-2023,Apple Store,26,,,,,
244115,Oceania,France,Wearables,854187,213496,35%,Q2,28-05-2022,Online,33,,,,,
320899,North America,India,iPhone,3545583,140200,20%,Q4,20-07-2020,E-Commerce,21,,,,,
205873,Asia,France,MacBook,4976957,456097,20%,Q2,28-09-2024,Retail Partner,50,,,,,
258758,Europe,Brazil,Wearables,9988522,491038,30%,Q2,13-02-2024,Online,31,,,,,
476121,Europe,China,MacBook,9800684,420997,30%,Q2,15-09-2020,Offline,28,,,,,
336950,Oceania,India,Wearables,8014947,342185,40%,Q2,12-12-2022,Apple Store,32,,,,,
729283,Oceania,Germany,iPad,6736099,172909,20%,Q2,24-02-2023,Apple Store,38,,,,,
730330,North America,Germany,iPad,9694442,326483,30%,Q2,05-07-2024,Offline,44,,,,,
670983,Africa,Australia,Wearables,4715928,220918,30%,Q1,01-10-2025,Retail Partner,32,,,,,
219003,North America,Brazil,iPhone,8514510,490987,30%,Q2,23-11-2021,Online,25,,,,,
973096,Asia,UK,iPhone,6034741,325739,40%,Q2,15-12-2020,Offline,20,,,,,
115278,Oceania,China,Wearables,7933309,188901,30%,Q2,25-08-2023,Apple Store,35,,,,,
340857,Europe,Brazil,iPad,9869862,191886,30%,Q3,18-03-2023,Retail Partner,33,,,,,
635357,South America,Australia,Services,6212451,157570,20%,Q3,01-08-2023,Offline,50,,,,,
263803,Oceania,France,Wearables,9243777,86456,35%,Q3,05-04-2023,Online,24,,,,,
743831,North America,China,iPad,9238956,274349,40%,Q2,11-04-2024,Online,33,,,,,
336551,Europe,Canada,Services,319295,102233,30%,Q1,02-01-2024,Offline,37,,,,,
532833,North America,UK,iPhone,2893972,370037,30%,Q1,20-06-2021,Apple Store,18,,,,,
709580,Asia,China,MacBook,3640743,205688,35%,Q3,20-06-2021,Retail Partner,49,,,,,
890450,North America,India,iPad,4820089,126049,40%,Q2,07-12-2020,Retail Partner,33,,,,,
541139,Asia,India,Wearables,4061390,198572,30%,Q3,17-11-2024,E-Commerce,33,,,,,
981954,North America,Japan,iPhone,3875187,396391,30%,Q4,14-09-2023,E-Commerce,25,,,,,
965377,North America,Canada,MacBook,2191503,324703,20%,Q2,02-03-2022,Retail Partner,21,,,,,
304401,North America,China,iPad,8248555,130447,35%,Q2,25-04-2023,Offline,28,,,,,
320356,North America,Canada,Services,1870114,462954,40%,Q4,29-03-2024,Offline,32,,,,,
285484,Europe,Canada,iPhone,1939013,217349,20%,Q4,26-05-2022,E-Commerce,34,,,,,
396768,North America,Australia,MacBook,4963619,322513,20%,Q1,07-05-2020,E-Commerce,22,,,,,
367263,North America,Japan,Wearables,6603271,44540,20%,Q1,08-11-2024,Retail Partner,39,,,,,
251389,South America,India,Wearables,5771438,50359,40%,Q3,09-12-2024,E-Commerce,19,,,,,
651358,South America,Japan,Services,2119210,483192,20%,Q3,20-08-2022,Apple Store,44,,,,,
602266,North America,India,iPhone,612000,106921,20%,Q2,20-08-2021,Offline,18,,,,,
659086,Africa,Canada,iPad,1093179,27846,20%,Q2,31-05-2023,E-Commerce,35,,,,,
259154,North America,Japan,MacBook,7418907,421695,40%,Q1,24-01-2021,E-Commerce,30,,,,,
905677,Africa,Germany,iPhone,8163605,159558,40%,Q2,09-01-2025,Apple Store,29,,,,,
849708,South America,India,Wearables,662621,369226,35%,Q1,25-11-2022,Retail Partner,45,,,,,
533028,North America,Canada,Services,9762969,397400,20%,Q4,05-05-2024,Online,34,,,,,
808622,Africa,Brazil,Services,3322588,169880,35%,Q1,23-04-2023,Online,28,,,,,
795656,North America,Canada,iPhone,4022847,287749,25%,Q1,31-03-2022,Online,18,,,,,
647508,North America,Brazil,iPad,8384978,480458,20%,Q3,18-09-2024,Retail Partner,36,,,,,
233238,South America,UK,Services,1072678,429781,35%,Q1,18-12-2024,E-Commerce,34,,,,,
982683,Asia,Germany,Wearables,4101561,231752,30%,Q4,26-09-2021,Offline,25,,,,,
314415,Africa,Germany,iPhone,3408286,277538,35%,Q2,16-11-2021,E-Commerce,20,,,,,
714667,Oceania,Canada,MacBook,9114014,269912,35%,Q3,30-11-2022,Apple Store,48,,,,,
725222,Asia,USA,Wearables,9246227,63416,30%,Q2,13-06-2020,Apple Store,21,,,,,
972927,Oceania,Japan,iPhone,1876969,135790,30%,Q2,18-06-2021,Offline,31,,,,,
143941,South America,UK,iPhone,7455164,188879,35%,Q1,16-06-2020,Apple Store,27,,,,,
118984,Oceania,France,MacBook,4538109,194281,35%,Q2,26-10-2022,Offline,34,,,,,
685480,North America,Germany,iPad,6946842,229697,30%,Q2,16-06-2021,E-Commerce,32,,,,,
393537,Africa,India,iPad,1999763,407038,40%,Q3,27-12-2021,Online,33,,,,,
927937,Asia,France,iPad,6471191,182383,40%,Q3,24-09-2020,Retail Partner,29,,,,,
521534,North America,India,iPad,9913185,111896,25%,Q1,17-05-2023,Apple Store,31,,,,,
194425,North America,Brazil,MacBook,3374783,91876,35%,Q2,13-09-2023,Offline,34,,,,,
347833,South America,UK,iPad,5304372,445693,40%,Q4,12-09-2023,Offline,37,,,,,
114169,Europe,USA,MacBook,3520925,448348,25%,Q4,10-08-2020,Apple Store,39,,,,,
615566,Asia,India,MacBook,4159566,172195,20%,Q3,21-06-2021,Retail Partner,25,,,,,
230916,South America,France,iPad,2074105,379446,40%,Q1,26-06-2020,E-Commerce,28,,,,,
780190,Africa,UK,MacBook,2926416,4119,25%,Q4,22-05-2023,E-Commerce,23,,,,,
503654,North America,Australia,iPad,4652930,183788,20%,Q3,04-02-2021,Retail Partner,42,,,,,
632003,Oceania,India,iPad,9117401,97150,30%,Q1,08-11-2022,E-Commerce,28,,,,,
934082,Europe,Brazil,iPhone,6900120,91255,25%,Q2,10-03-2022,Apple Store,30,,,,,
585668,Europe,China,iPhone,5447511,87813,40%,Q2,19-12-2022,Online,24,,,,,
921003,North America,Japan,Wearables,6724792,426283,20%,Q1,09-04-2021,Apple Store,20,,,,,
393659,North America,Japan,Wearables,1210265,447032,25%,Q2,26-09-2021,Retail Partner,25,,,,,
667165,Africa,USA,iPad,8954521,152527,20%,Q1,03-08-2022,Retail Partner,33,,,,,
285983,Oceania,France,Wearables,285391,122325,25%,Q2,09-05-2023,Offline,38,,,,,
394637,North America,Canada,Wearables,2444771,344219,20%,Q3,23-05-2023,E-Commerce,32,,,,,
369497,Europe,USA,MacBook,126278,281069,20%,Q2,23-10-2022,Online,19,,,,,
242603,Oceania,UK,iPhone,4403307,404613,30%,Q1,02-06-2023,Offline,29,,,,,
735408,North America,Germany,Services,1129847,119416,40%,Q2,29-10-2023,Online,35,,,,,
860004,Oceania,Brazil,Services,1832235,326706,35%,Q3,03-02-2022,Apple Store,46,,,,,
778154,North America,USA,MacBook,6595831,378780,40%,Q3,28-11-2024,Retail Partner,39,,,,,
336568,Asia,India,iPhone,2733514,150589,20%,Q1,29-12-2022,Online,27,,,,,
482055,Europe,USA,iPhone,9404404,492880,40%,Q3,14-02-2024,Offline,23,,,,,
476518,Oceania,Japan,iPhone,8804743,339867,20%,Q1,09-11-2022,Online,32,,,,,
868578,Asia,China,Wearables,1775402,136251,25%,Q3,02-06-2021,E-Commerce,34,,,,,
163521,Africa,Australia,iPhone,1466467,40421,30%,Q1,03-09-2020,Apple Store,23,,,,,
318162,Oceania,UK,iPad,5775137,351156,30%,Q1,18-02-2021,Online,32,,,,,
200560,North America,France,iPad,9006970,127357,40%,Q2,19-03-2022,Online,28,,,,,
163037,Asia,Japan,MacBook,2481872,133639,20%,Q3,10-03-2020,E-Commerce,23,,,,,
988962,Asia,USA,Wearables,6578317,441100,35%,Q4,15-09-2022,Retail Partner,19,,,,,
900074,Asia,USA,iPhone,2165920,387879,20%,Q1,31-08-2023,Offline,22,,,,,
504224,Oceania,Japan,iPad,4938247,333471,35%,Q3,18-01-2024,Retail Partner,37,,,,,
916383,North America,China,iPad,1667496,86140,30%,Q4,30-08-2022,E-Commerce,30,,,,,
900374,North America,India,iPad,7241268,490789,25%,Q2,22-08-2023,Apple Store,34,,,,,
910551,North America,India,MacBook,8095929,62286,25%,Q2,24-03-2023,Apple Store,33,,,,,
922111,Oceania,Australia,MacBook,6460345,307401,35%,Q4,16-06-2022,E-Commerce,20,,,,,
229892,South America,France,iPad,7444308,316837,35%,Q1,12-11-2021,Online,28,,,,,
230463,North America,China,Services,6262284,394487,30%,Q3,15-04-2021,E-Commerce,26,,,,,
993228,Oceania,France,Services,2749011,207711,20%,Q4,11-01-2021,Retail Partner,34,,,,,
977947,North America,India,iPad,3912308,363685,30%,Q2,25-12-2024,Retail Partner,31,,,,,
507485,Asia,India,iPhone,342748,24799,30%,Q4,03-11-2022,Apple Store,28,,,,,
854285,Europe,France,iPhone,3882018,375024,40%,Q2,02-07-2020,Online,33,,,,,
895423,North America,Australia,MacBook,2428827,313957,25%,Q2,17-09-2021,E-Commerce,22,,,,,
449356,Oceania,Australia,Wearables,1096298,106722,25%,Q3,14-03-2020,Retail Partner,35,,,,,
393675,North America,Brazil,MacBook,747148,133382,40%,Q3,17-04-2024,Offline,46,,,,,
933090,Asia,UK,Services,9880310,229396,20%,Q1,10-07-2022,Apple Store,42,,,,,
892732,Oceania,Germany,MacBook,8417580,392987,20%,Q3,22-08-2024,Online,31,,,,,
963174,North America,USA,MacBook,1796531,344010,40%,Q2,14-04-2024,Apple Store,25,,,,,
304224,North America,Germany,Services,281743,126729,20%,Q1,27-03-2021,Apple Store,34,,,,,
300686,Oceania,Canada,MacBook,7671856,243450,30%,Q2,19-06-2021,E-Commerce,30,,,,,
140084,Africa,Brazil,Services,6723528,247875,20%,Q3,16-12-2024,Online,30,,,,,
802446,South America,UK,MacBook,3384891,474631,20%,Q4,10-12-2020,Online,21,,,,,
750209,Europe,France,Services,3296607,224189,35%,Q3,07-06-2020,Retail Partner,30,,,,,
547698,Asia,UK,iPhone,357977,405289,30%,Q3,15-09-2024,Online,21,,,,,
221336,Asia,China,Services,6905034,84503,30%,Q1,05-04-2023,Retail Partner,47,,,,,
879498,Africa,Canada,Services,1730243,239518,35%,Q3,07-09-2020,Offline,39,,,,,
671765,North America,India,iPad,7455328,423898,35%,Q4,11-10-2024,Offline,32,,,,,
934163,South America,Australia,Services,7715967,7906,30%,Q1,24-01-2022,Retail Partner,26,,,,,
503928,South America,Germany,iPad,1527873,99141,40%,Q2,12-02-2023,Online,32,,,,,
451420,Europe,Canada,Wearables,3089105,272856,30%,Q4,31-10-2022,E-Commerce,22,,,,,
938371,Oceania,UK,MacBook,6096510,252495,20%,Q3,05-09-2021,Offline,50,,,,,
357202,Oceania,France,Wearables,1845440,442899,35%,Q4,25-05-2023,E-Commerce,27,,,,,
924713,Oceania,Japan,iPhone,7889726,406561,20%,Q2,28-12-2024,E-Commerce,24,,,,,
788959,South America,Canada,iPad,5128996,78456,25%,Q4,26-12-2024,Online,26,,,,,
444782,North America,Canada,Services,4990279,336744,40%,Q4,02-05-2020,Apple Store,26,,,,,
636723,South America,USA,Services,5944185,229080,40%,Q2,25-01-2024,Online,34,,,,,
269954,South America,Japan,Wearables,7560348,87474,25%,Q4,10-12-2020,Offline,37,,,,,
443461,Asia,France,iPad,5581552,354839,25%,Q2,27-10-2022,Retail Partner,29,,,,,
438504,Europe,Japan,MacBook,7111091,239181,30%,Q3,04-05-2022,Offline,48,,,,,
915826,Asia,India,iPad,4973232,318455,20%,Q4,24-03-2022,Apple Store,28,,,,,
500873,South America,Canada,iPad,8634161,327277,30%,Q3,29-03-2023,E-Commerce,32,,,,,
925033,North America,France,iPad,9576020,84400,30%,Q3,08-03-2020,Apple Store,28,,,,,
123300,North America,France,iPhone,6636981,78539,40%,Q1,28-05-2022,Retail Partner,24,,,,,
839911,Europe,Germany,Wearables,3050098,92835,30%,Q4,17-09-2023,Offline,27,,,,,
468425,Europe,France,iPad,1968624,147443,35%,Q3,31-01-2024,Online,28,,,,,
135441,North America,Japan,iPad,2495775,465207,20%,Q2,25-12-2022,Offline,28,,,,,
841653,North America,Germany,iPhone,1537318,224924,30%,Q3,04-08-2021,E-Commerce,21,,,,,
919938,Asia,Canada,Services,6016137,267813,30%,Q1,08-12-2020,Online,30,,,,,
382093,Oceania,Canada,Services,8473488,176081,25%,Q4,28-12-2021,Online,29,,,,,
689157,Africa,Germany,MacBook,7002397,225235,25%,Q2,12-10-2021,Online,29,,,,,
383899,Oceania,UK,Services,7646372,270739,25%,Q2,16-11-2020,Apple Store,33,,,,,
974296,Asia,France,MacBook,914384,316144,20%,Q2,29-06-2021,E-Commerce,25,,,,,
492017,North America,Brazil,MacBook,436176,32623,30%,Q2,15-05-2022,Retail Partner,21,,,,,
320304,Africa,France,iPad,600466,87109,35%,Q2,07-11-2021,Offline,28,,,,,
710268,North America,Brazil,iPad,9474341,468257,30%,Q1,17-09-2022,Offline,33,,,,,
589913,North America,Australia,iPhone,9783428,344575,20%,Q3,15-01-2022,Offline,31,,,,,
236229,North America,Brazil,Wearables,152190,147768,30%,Q3,30-10-2024,Offline,30,,,,,
824976,Europe,Brazil,iPad,4019750,387605,40%,Q3,09-11-2022,Online,32,,,,,
722171,Africa,USA,Wearables,2683662,198852,40%,Q3,25-10-2023,Online,34,,,,,
467871,Europe,France,Wearables,9479016,103699,20%,Q3,26-03-2021,Retail Partner,41,,,,,
688376,Africa,Germany,Services,128060,224421,30%,Q2,01-10-2024,Online,34,,,,,
924756,Europe,India,Services,8218324,95090,20%,Q4,20-11-2022,E-Commerce,27,,,,,
107537,Oceania,Germany,MacBook,9966285,212274,40%,Q2,08-08-2021,Online,24,,,,,
950374,North America,Australia,Services,8243084,99637,40%,Q4,03-06-2021,E-Commerce,27,,,,,
668099,Europe,USA,iPhone,1114810,239096,20%,Q1,04-01-2023,Offline,25,,,,,
987635,North America,Germany,Wearables,6800378,214915,25%,Q2,23-01-2024,E-Commerce,33,,,,,
515936,Oceania,China,iPhone,5252331,264800,20%,Q1,22-05-2021,Apple Store,20,,,,,
290981,Asia,Australia,iPhone,4897670,343009,35%,Q2,22-01-2021,Apple Store,25,,,,,
798935,Africa,France,Wearables,8144809,416635,40%,Q1,24-12-2021,Online,27,,,,,
764096,South America,France,MacBook,5474810,68396,25%,Q2,20-07-2024,Apple Store,39,,,,,
123738,North America,Germany,iPad,353320,322166,20%,Q4,08-11-2022,Apple Store,28,,,,,
137265,Europe,China,Services,4548015,137585,25%,Q4,24-12-2021,Online,33,,,,,
527271,Oceania,Brazil,Services,6531577,444740,20%,Q2,13-02-2024,E-Commerce,25,,,,,
446805,South America,USA,Services,2369912,67331,30%,Q2,08-06-2024,E-Commerce,26,,,,,
927980,North America,Australia,Services,6566768,429546,20%,Q3,27-04-2020,Offline,31,,,,,
833308,Oceania,Japan,Services,6463072,53211,40%,Q4,18-03-2024,Online,25,,,,,
920570,Asia,Germany,MacBook,2102560,318740,20%,Q1,25-12-2024,Online,19,,,,,
504351,Asia,USA,iPhone,6116555,346261,40%,Q4,09-12-2020,Retail Partner,23,,,,,
617932,Africa,USA,iPad,9824609,198480,40%,Q4,18-04-2021,Online,34,,,,,
737680,North America,France,Services,9427093,147309,20%,Q2,26-11-2024,Apple Store,45,,,,,
115223,North America,India,MacBook,8572928,320423,25%,Q4,20-07-2020,E-Commerce,20,,,,,
433132,North America,China,MacBook,3649139,15586,40%,Q3,03-05-2024,Retail Partner,40,,,,,
371325,Asia,UK,iPad,1865906,347622,30%,Q1,17-05-2024,Offline,37,,,,,
169460,Africa,France,MacBook,3153848,127519,40%,Q1,09-05-2023,Online,24,,,,,
875292,North America,Germany,Wearables,5813289,137580,20%,Q4,23-12-2024,Retail Partner,36,,,,,
439127,North America,USA,iPad,7601456,375671,25%,Q4,06-02-2021,Apple Store,29,,,,,
680872,Asia,Australia,MacBook,1899940,266974,25%,Q2,05-06-2023,E-Commerce,23,,,,,
833755,Africa,China,MacBook,7854916,290318,35%,Q3,02-06-2022,Retail Partner,34,,,,,
322610,South America,Canada,Services,7589697,57885,40%,Q2,27-01-2023,E-Commerce,28,,,,,
766250,North America,Japan,iPhone,7882886,180869,35%,Q3,24-05-2022,E-Commerce,20,,,,,
179880,Asia,India,MacBook,8229735,373350,20%,Q4,10-01-2024,Online,25,,,,,
540724,Europe,France,MacBook,3266798,438073,35%,Q4,13-10-2020,Offline,34,,,,,
532978,Europe,India,Wearables,4473436,456790,20%,Q4,06-02-2020,Offline,21,,,,,
592088,North America,China,iPhone,8056958,348163,40%,Q1,09-02-2022,Apple Store,28,,,,,
709907,Europe,Brazil,Services,1788031,280319,20%,Q4,16-04-2020,Apple Store,30,,,,,
601666,Europe,Germany,MacBook,2294637,400258,40%,Q4,30-07-2022,E-Commerce,18,,,,,
591455,South America,Brazil,Services,4461739,98621,25%,Q3,03-04-2022,Retail Partner,50,,,,,
877006,South America,Brazil,Services,3735845,145364,40%,Q3,17-07-2023,Offline,26,,,,,
553142,North America,Australia,Wearables,1983959,445903,40%,Q3,07-12-2023,E-Commerce,34,,,,,
658090,Europe,France,iPad,2633960,190536,20%,Q1,18-07-2023,Online,28,,,,,
727047,North America,Japan,iPad,2043882,155695,20%,Q2,02-12-2022,Offline,29,,,,,
324597,Asia,India,Services,5669298,119225,30%,Q3,20-09-2023,Apple Store,29,,,,,
685346,Africa,China,Wearables,5239130,499645,20%,Q2,16-07-2024,Retail Partner,22,,,,,
140148,North America,USA,Services,7946925,148153,40%,Q3,23-04-2021,Online,31,,,,,
735756,North America,France,MacBook,8470431,111449,30%,Q2,28-02-2021,Offline,39,,,,,
822477,Oceania,Japan,iPad,5172144,129191,40%,Q3,05-10-2024,Apple Store,30,,,,,
947978,Africa,Australia,Services,5237032,149927,20%,Q2,06-12-2021,Retail Partner,47,,,,,
466638,Europe,UK,Wearables,2500453,79382,30%,Q2,08-11-2021,Offline,34,,,,,
772175,Africa,France,Wearables,1994048,411667,40%,Q4,11-05-2023,E-Commerce,34,,,,,
397338,North America,Japan,MacBook,2292092,73235,40%,Q1,23-12-2021,Online,26,,,,,
300532,North America,Canada,iPhone,5397204,108681,40%,Q3,23-07-2021,E-Commerce,30,,,,,
370093,Oceania,Canada,MacBook,6539753,483426,20%,Q1,28-02-2021,E-Commerce,30,,,,,
704023,Oceania,Brazil,Services,6189046,368659,20%,Q2,10-03-2021,Apple Store,36,,,,,
747708,Africa,Germany,Wearables,9793191,432878,30%,Q1,10-07-2023,Apple Store,45,,,,,
246109,Asia,Australia,iPad,915743,181453,40%,Q2,13-09-2021,E-Commerce,33,,,,,
390414,North America,Japan,Wearables,2495342,388496,30%,Q4,14-05-2023,Online,20,,,,,
561749,North America,Canada,Wearables,1913432,186550,35%,Q1,15-08-2022,Offline,38,,,,,
827542,Africa,Canada,iPad,2016040,254346,30%,Q4,18-01-2024,Offline,35,,,,,
522375,Africa,France,iPad,3030090,66436,20%,Q4,30-01-2022,Online,25,,,,,
573200,North America,Canada,iPhone,9380927,312170,20%,Q4,05-07-2023,Online,26,,,,,
591649,Europe,China,iPad,281717,233479,35%,Q2,28-06-2020,Retail Partner,34,,,,,
346505,North America,Brazil,Services,1191350,215707,20%,Q4,26-11-2021,Apple Store,50,,,,,
854841,Asia,Japan,MacBook,4891818,354136,40%,Q1,15-03-2023,Retail Partner,19,,,,,
180664,North America,Germany,Services,9080033,210922,35%,Q1,03-02-2020,Online,32,,,,,
551487,Asia,France,MacBook,7372793,289407,35%,Q3,19-03-2024,Apple Store,44,,,,,
562942,Asia,Germany,Services,4938082,284052,30%,Q1,30-01-2024,Retail Partner,50,,,,,
695358,Africa,Japan,iPad,9973453,266291,35%,Q3,10-08-2024,Offline,36,,,,,
174529,Asia,Brazil,iPhone,58601,144795,30%,Q4,09-02-2020,Retail Partner,22,,,,,
679282,Oceania,Australia,Services,8386023,132787,30%,Q1,31-12-2021,E-Commerce,34,,,,,
195736,North America,Australia,Services,7880904,384289,30%,Q1,09-09-2023,Apple Store,47,,,,,
362687,Asia,Canada,MacBook,1156404,351361,20%,Q2,26-02-2020,Online,30,,,,,
453257,North America,UK,MacBook,2240889,410322,20%,Q4,06-08-2020,Online,21,,,,,
218541,Africa,Australia,iPad,84970,458490,20%,Q2,05-05-2022,Retail Partner,27,,,,,
886722,North America,USA,Services,2360595,283836,25%,Q3,05-12-2023,Offline,31,,,,,
527698,Europe,Australia,Services,9788840,327209,30%,Q4,04-12-2020,Online,32,,,,,
821604,Africa,Germany,iPad,498829,491983,40%,Q3,01-01-2022,Retail Partner,34,,,,,
413615,Asia,France,Services,4923030,115655,40%,Q4,08-12-2020,Apple Store,32,,,,,
156451,South America,Germany,Services,9573610,93731,35%,Q3,20-04-2024,Offline,35,,,,,
676871,North America,India,Services,7358573,174375,20%,Q3,06-01-2021,Offline,33,,,,,
720507,Europe,India,MacBook,4719744,324431,30%,Q1,10-02-2020,Offline,23,,,,,
900792,Africa,Australia,Wearables,2261514,216844,35%,Q2,06-10-2020,Offline,24,,,,,
463631,South America,Germany,iPad,4507998,130936,35%,Q4,20-07-2023,Online,35,,,,,
594751,South America,France,MacBook,822607,110292,30%,Q3,30-06-2023,Offline,43,,,,,
817016,North America,Australia,Wearables,3849791,419961,20%,Q2,15-05-2022,Online,28,,,,,
751655,Oceania,India,iPad,3174262,97051,40%,Q4,20-06-2022,Retail Partner,39,,,,,
277233,Europe,Canada,Services,6813470,165601,40%,Q1,14-10-2022,Apple Store,44,,,,,
319482,Oceania,Germany,Services,9912759,107640,20%,Q2,21-10-2024,Retail Partner,28,,,,,
541801,Oceania,UK,iPhone,9612473,376293,35%,Q3,01-08-2023,Retail Partner,20,,,,,
414699,Africa,China,MacBook,3841370,11591,25%,Q3,11-02-2023,Online,19,,,,,
567706,North America,China,MacBook,5025288,114287,30%,Q1,25-06-2021,E-Commerce,35,,,,,
593321,Asia,Germany,MacBook,1708082,137565,30%,Q2,15-06-2024,Retail Partner,41,,,,,
159557,South America,USA,iPad,6235721,471473,20%,Q1,18-09-2022,Online,32,,,,,
950335,South America,Germany,Services,8906824,131599,40%,Q1,02-01-2020,E-Commerce,28,,,,,
733635,Oceania,Australia,iPad,5807022,340553,40%,Q2,31-10-2020,Retail Partner,31,,,,,
729214,North America,Brazil,iPhone,4044436,234670,30%,Q1,08-04-2021,E-Commerce,27,,,,,
124694,South America,UK,iPad,1180266,201936,40%,Q3,26-02-2021,Online,30,,,,,
977394,Europe,Brazil,iPhone,9502487,33509,20%,Q3,13-07-2024,Retail Partner,22,,,,,
491149,Oceania,France,MacBook,116607,296336,35%,Q1,30-06-2024,Online,21,,,,,
457943,Europe,UK,iPad,8160449,474832,30%,Q3,31-12-2022,Retail Partner,26,,,,,
658890,Europe,China,iPad,9628363,271251,25%,Q1,17-04-2024,Apple Store,33,,,,,
167009,Asia,China,iPhone,2375550,111565,40%,Q1,12-10-2020,Offline,23,,,,,
379471,Europe,China,Wearables,6516265,364183,20%,Q2,19-03-2023,Online,18,,,,,
752451,South America,Canada,iPad,9947990,383026,20%,Q2,03-07-2021,Online,26,,,,,
533065,Asia,China,Services,9784456,349339,35%,Q1,30-12-2022,Online,28,,,,,
923563,Asia,Japan,Services,4028662,471995,20%,Q4,02-04-2021,Online,30,,,,,
719728,Asia,Brazil,Wearables,2006530,87459,40%,Q4,08-03-2021,Offline,32,,,,,
162131,South America,Germany,Services,9886238,21221,25%,Q1,18-12-2023,Retail Partner,45,,,,,
628542,North America,China,Wearables,6047508,25069,20%,Q1,15-06-2023,Offline,35,,,,,
824846,South America,UK,MacBook,8360961,89267,30%,Q2,28-06-2022,Offline,24,,,,,
404140,Africa,Japan,Services,121138,193153,40%,Q1,26-12-2024,Retail Partner,43,,,,,
305828,North America,Australia,Services,9870176,223638,35%,Q1,18-04-2021,Retail Partner,28,,,,,
624237,North America,USA,Wearables,3620852,179365,30%,Q4,03-09-2021,E-Commerce,33,,,,,
789282,Oceania,Japan,Services,3334573,68176,30%,Q4,14-09-2023,E-Commerce,25,,,,,
914705,Asia,UK,Services,6122414,433085,25%,Q2,05-07-2023,Apple Store,29,,,,,
546484,South America,USA,Wearables,1579137,460024,30%,Q4,11-06-2023,Online,24,,,,,
865720,South America,Japan,MacBook,9665770,117340,30%,Q3,02-08-2021,Online,34,,,,,
208502,Asia,Brazil,iPad,3426323,273628,20%,Q1,31-12-2023,Online,34,,,,,
733414,Asia,USA,Wearables,8717817,473171,40%,Q2,05-02-2023,Offline,31,,,,,
759183,South America,France,MacBook,5449181,377873,30%,Q2,18-07-2021,E-Commerce,24,,,,,
560335,Europe,Germany,MacBook,6955308,298755,40%,Q3,10-04-2021,Apple Store,45,,,,,
598060,Oceania,France,iPad,2784668,205680,25%,Q2,04-01-2022,E-Commerce,35,,,,,
663697,South America,India,iPhone,7716211,98246,25%,Q4,01-08-2022,Retail Partner,21,,,,,
372203,Europe,Brazil,iPhone,5892791,257557,35%,Q3,09-01-2021,Online,24,,,,,
558437,Oceania,Canada,iPhone,2581504,289862,20%,Q1,01-11-2020,Apple Store,23,,,,,
583047,Africa,Australia,iPhone,8388211,491913,30%,Q1,21-05-2020,E-Commerce,28,,,,,
821855,North America,Canada,MacBook,7016083,212440,20%,Q2,18-04-2020,Apple Store,27,,,,,
991464,Europe,Japan,iPhone,651852,363954,20%,Q1,24-12-2021,Online,24,,,,,
274126,Asia,India,Wearables,3326771,125134,40%,Q2,28-08-2023,Retail Partner,29,,,,,
108490,Oceania,Canada,iPhone,9416063,149416,20%,Q2,22-02-2024,E-Commerce,24,,,,,
406288,Europe,India,Services,7497614,381682,20%,Q4,17-12-2020,E-Commerce,33,,,,,
340937,Africa,Brazil,MacBook,5873368,269196,40%,Q1,04-06-2020,Retail Partner,29,,,,,
400858,Asia,India,iPhone,8408226,406088,30%,Q2,27-08-2023,Retail Partner,20,,,,,
213590,North America,France,iPhone,5131057,13385,35%,Q2,28-05-2024,Apple Store,25,,,,,
813618,Europe,UK,MacBook,439558,428101,35%,Q3,20-06-2020,Offline,35,,,,,
836775,Asia,USA,Wearables,8051846,320453,20%,Q1,11-07-2024,E-Commerce,29,,,,,
232164,Europe,China,Wearables,6190268,163829,30%,Q2,12-07-2023,E-Commerce,25,,,,,
137357,Oceania,Australia,MacBook,1898341,455771,20%,Q2,16-05-2022,Retail Partner,31,,,,,
865666,Europe,Australia,Services,6279129,423827,30%,Q4,14-09-2020,Online,28,,,,,
491765,North America,Germany,Wearables,5616593,229511,20%,Q1,08-08-2023,Offline,28,,,,,
392968,Asia,India,iPhone,1087958,15698,35%,Q4,11-11-2023,Offline,20,,,,,
902041,Oceania,China,Services,7828834,229603,20%,Q3,19-12-2022,Retail Partner,45,,,,,
407235,Africa,Canada,Services,9786042,394622,40%,Q1,01-01-2024,Retail Partner,25,,,,,
102046,Asia,Canada,Wearables,7172644,491974,40%,Q3,01-02-2022,Offline,45,,,,,
374741,Europe,Japan,iPhone,6266983,291424,40%,Q2,23-11-2023,E-Commerce,32,,,,,
752631,Africa,Brazil,Wearables,3122629,464927,35%,Q3,27-08-2020,Retail Partner,25,,,,,
631244,Oceania,USA,iPad,7543370,27945,40%,Q2,01-11-2022,Retail Partner,42,,,,,
132598,North America,USA,iPad,5785375,254186,20%,Q2,17-05-2021,E-Commerce,27,,,,,
936533,Oceania,Brazil,Services,9888071,220529,20%,Q2,18-11-2023,Offline,30,,,,,
443384,North America,Australia,Services,1777983,375486,20%,Q2,19-01-2024,Retail Partner,41,,,,,
224230,North America,USA,Services,6779637,123153,40%,Q3,29-06-2023,Retail Partner,48,,,,,
466510,Oceania,Australia,iPad,7157628,344259,25%,Q1,02-05-2023,Apple Store,28,,,,,
337145,Oceania,Japan,Services,9314764,274938,20%,Q4,22-03-2021,Retail Partner,44,,,,,
927649,North America,Germany,iPhone,6414355,59876,35%,Q3,16-12-2023,Apple Store,23,,,,,
101987,Europe,Germany,Services,728711,312988,20%,Q3,22-06-2020,Online,32,,,,,
572262,Asia,Canada,Services,9445744,251748,35%,Q4,21-11-2023,Apple Store,45,,,,,
208697,North America,Japan,Wearables,7849394,472334,40%,Q1,02-02-2021,Offline,25,,,,,
593897,Asia,UK,iPad,3516497,301994,30%,Q4,17-06-2020,Offline,27,,,,,
788732,South America,Japan,iPad,6877186,352766,40%,Q4,21-10-2021,Apple Store,36,,,,,
691643,Africa,Canada,iPhone,4684869,196630,40%,Q2,07-04-2021,E-Commerce,26,,,,,
603927,Oceania,Australia,iPad,906559,276472,20%,Q1,30-10-2024,Online,35,,,,,
351740,Asia,France,iPhone,1396446,111699,20%,Q3,24-01-2021,Retail Partner,23,,,,,
243477,Europe,UK,Services,3618613,114336,40%,Q3,19-05-2023,Online,33,,,,,
209200,North America,Germany,iPhone,5224132,51245,20%,Q1,11-02-2023,Retail Partner,34,,,,,
706590,South America,India,iPad,8719497,425094,20%,Q2,05-07-2020,Apple Store,42,,,,,
516860,North America,USA,iPhone,2985380,163637,30%,Q1,13-05-2023,Apple Store,26,,,,,
606536,North America,Germany,iPhone,2838647,260702,25%,Q4,13-08-2024,Online,32,,,,,
261747,Europe,Canada,iPad,7898049,320998,40%,Q2,30-09-2023,Offline,30,,,,,
831186,South America,Brazil,iPad,4286857,492890,40%,Q4,06-05-2022,E-Commerce,28,,,,,
359765,Oceania,Japan,iPad,2415024,461436,40%,Q1,23-03-2024,Online,30,,,,,
939701,North America,Canada,MacBook,4868781,414321,40%,Q2,18-07-2021,Apple Store,23,,,,,
806367,Asia,Canada,MacBook,1705782,336883,20%,Q3,31-07-2022,Offline,35,,,,,
892142,North America,Brazil,iPad,4349731,143062,35%,Q2,20-10-2023,Retail Partner,40,,,,,
692116,Africa,Japan,MacBook,1508501,409956,30%,Q2,31-12-2021,Online,29,,,,,
232177,Asia,Canada,Wearables,9708979,280589,35%,Q4,24-02-2024,E-Commerce,22,,,,,
215061,North America,Germany,iPhone,462168,6700,40%,Q1,24-10-2022,Online,24,,,,,
722056,Europe,China,Services,5724185,337557,20%,Q1,24-06-2021,E-Commerce,28,,,,,
310899,Asia,UK,iPad,4796494,280771,40%,Q4,23-01-2023,Online,25,,,,,
707549,Asia,China,iPad,6006058,320487,30%,Q2,10-01-2022,Online,25,,,,,
377352,South America,Canada,MacBook,439865,371822,40%,Q1,05-04-2024,Apple Store,33,,,,,
820858,South America,China,Services,6255625,86225,40%,Q3,15-01-2024,Online,34,,,,,
311665,Africa,Germany,MacBook,9529231,305999,20%,Q4,01-12-2021,Apple Store,38,,,,,
647208,South America,UK,Wearables,6117683,137287,30%,Q2,12-07-2023,Retail Partner,45,,,,,
550027,South America,China,Wearables,8198004,498871,30%,Q2,16-04-2020,Offline,23,,,,,
601574,Europe,USA,Services,1510141,433282,25%,Q2,01-05-2021,Retail Partner,35,,,,,
683169,North America,China,iPhone,7397172,212598,30%,Q2,05-05-2022,Offline,26,,,,,
627085,Oceania,France,iPhone,6836714,167845,40%,Q1,25-05-2021,Retail Partner,24,,,,,
272975,Europe,Australia,iPhone,3602740,212136,30%,Q4,03-03-2023,Online,30,,,,,
919864,Asia,Germany,iPhone,3598784,220913,20%,Q2,03-08-2021,Online,28,,,,,
594245,South America,USA,MacBook,2088571,22816,30%,Q3,28-11-2024,Online,19,,,,,
765275,North America,USA,MacBook,7334047,78377,35%,Q1,28-08-2023,Online,32,,,,,
216811,North America,France,MacBook,643693,48100,20%,Q3,04-12-2021,Online,20,,,,,
366790,Africa,Australia,Services,7761225,132498,20%,Q3,01-08-2023,Offline,34,,,,,
962161,Oceania,France,Wearables,3450248,76645,20%,Q4,17-03-2021,Offline,43,,,,,
640352,Oceania,UK,iPhone,23187,204552,40%,Q3,18-02-2024,Offline,33,,,,,
616912,North America,India,MacBook,70827,342711,40%,Q2,17-07-2020,Online,35,,,,,
805458,Asia,Brazil,iPad,9727703,215518,30%,Q1,01-04-2023,Apple Store,39,,,,,
366315,North America,China,MacBook,8616672,151066,30%,Q2,05-10-2020,Apple Store,19,,,,,
654412,South America,Australia,Wearables,7761004,11121,20%,Q1,03-11-2021,Online,31,,,,,
438161,South America,Australia,iPhone,1882572,263266,30%,Q1,22-10-2021,Apple Store,29,,,,,
975168,Africa,USA,MacBook,5796546,172735,25%,Q3,27-11-2022,Online,29,,,,,
521874,Africa,USA,Wearables,2278102,169546,20%,Q4,10-03-2023,Apple Store,20,,,,,
786386,North America,Australia,Services,7615954,288254,20%,Q3,11-01-2021,E-Commerce,35,,,,,
874463,North America,India,iPad,4719373,468602,20%,Q3,29-01-2021,Online,34,,,,,
345235,Africa,Australia,Services,1832814,148759,40%,Q2,15-07-2020,E-Commerce,35,,,,,
353646,Africa,Canada,Services,1386442,478279,20%,Q1,24-10-2024,Retail Partner,45,,,,,
888603,North America,France,MacBook,6079101,37445,40%,Q2,13-04-2020,Apple Store,31,,,,,
111293,Asia,USA,Services,5645428,46366,25%,Q3,11-09-2023,Retail Partner,45,,,,,
959743,North America,Germany,MacBook,2788576,71505,40%,Q1,22-10-2020,Apple Store,30,,,,,
563792,North America,Canada,iPad,8252176,129629,20%,Q2,12-06-2023,E-Commerce,29,,,,,
512244,North America,USA,MacBook,1745676,277800,30%,Q2,10-11-2023,Offline,49,,,,,
301702,Africa,Japan,Wearables,4846508,81563,35%,Q2,30-12-2022,Apple Store,26,,,,,
422590,South America,Japan,MacBook,3596853,267400,30%,Q3,23-07-2021,Offline,31,,,,,
158993,North America,France,iPhone,9980843,276765,30%,Q4,28-01-2022,Apple Store,26,,,,,
741613,Asia,Brazil,iPad,732585,30382,25%,Q4,25-02-2023,Apple Store,41,,,,,
762053,Asia,Canada,iPad,5823548,51289,20%,Q3,30-08-2023,Retail Partner,41,,,,,
477726,Oceania,France,iPad,6431315,157414,30%,Q1,23-06-2021,Apple Store,29,,,,,
552687,North America,China,Services,9935523,360793,35%,Q2,20-10-2023,Offline,33,,,,,
248865,South America,Australia,MacBook,7438858,31518,35%,Q1,16-04-2021,Offline,22,,,,,
747879,North America,India,iPhone,2365871,94611,20%,Q2,23-06-2022,E-Commerce,26,,,,,
615099,North America,France,MacBook,3071340,46167,40%,Q4,24-11-2022,Retail Partner,20,,,,,
927714,North America,India,Wearables,6737961,144311,35%,Q4,02-06-2024,Retail Partner,42,,,,,
952922,Africa,Australia,iPad,5671190,27692,25%,Q3,04-02-2024,Apple Store,26,,,,,
868921,North America,France,iPad,5478897,249753,30%,Q2,14-01-2025,Online,25,,,,,
693111,North America,Australia,Wearables,479363,229321,20%,Q4,05-03-2022,Online,26,,,,,
953492,Asia,Japan,MacBook,235006,462167,40%,Q1,28-02-2022,E-Commerce,20,,,,,
790265,Europe,Germany,Services,3649800,81922,25%,Q4,17-04-2020,Online,31,,,,,
182529,Oceania,UK,iPad,8256112,143054,40%,Q3,17-04-2020,E-Commerce,30,,,,,
803067,North America,Germany,Services,7229037,371436,40%,Q2,01-11-2024,Apple Store,42,,,,,
107541,Oceania,Japan,Services,3372044,448140,25%,Q3,02-08-2023,Apple Store,27,,,,,
385028,Asia,UK,MacBook,4643414,455066,20%,Q1,21-08-2021,Apple Store,28,,,,,
872919,North America,UK,iPad,5268495,321202,40%,Q3,04-08-2020,E-Commerce,26,,,,,
293486,North America,Australia,iPad,8291595,309494,40%,Q2,01-07-2024,Apple Store,44,,,,,
597159,Asia,India,iPad,4080465,472707,40%,Q1,05-08-2021,E-Commerce,28,,,,,
997065,Oceania,India,iPhone,1867242,475128,40%,Q3,02-04-2021,Online,28,,,,,
963530,South America,Germany,MacBook,9414231,183728,40%,Q1,08-02-2021,E-Commerce,33,,,,,
845502,South America,Japan,iPad,7390480,349131,30%,Q3,09-05-2023,E-Commerce,33,,,,,
132182,Africa,Brazil,iPhone,6728613,355880,40%,Q2,22-09-2023,Offline,30,,,,,
294020,North America,USA,Services,1162447,345725,40%,Q2,06-07-2024,Online,25,,,,,
100080,North America,Australia,Wearables,4137494,267225,25%,Q1,21-05-2020,Retail Partner,22,,,,,
461251,Africa,Germany,iPad,3795919,111651,40%,Q4,16-09-2020,Online,34,,,,,
113021,Oceania,Canada,iPad,8531972,484825,25%,Q1,17-05-2021,Retail Partner,26,,,,,
229178,South America,Germany,Wearables,7056263,286244,35%,Q4,06-05-2022,Retail Partner,20,,,,,
299502,Europe,USA,MacBook,2623931,145065,35%,Q2,26-09-2023,Apple Store,28,,,,,
351254,North America,Japan,iPhone,8871922,363207,30%,Q1,03-02-2023,E-Commerce,18,,,,,
228881,North America,Australia,Services,1220366,391141,40%,Q1,28-03-2023,Apple Store,50,,,,,
260685,North America,USA,iPhone,1946315,81161,20%,Q2,11-02-2024,Retail Partner,25,,,,,
225506,Europe,Canada,Wearables,2736509,127254,30%,Q1,16-06-2024,Retail Partner,44,,,,,
603429,Europe,Japan,iPad,5935708,94677,30%,Q1,19-03-2024,Retail Partner,25,,,,,
448937,North America,Japan,Wearables,7298801,107474,20%,Q2,28-06-2021,Offline,27,,,,,
898068,Oceania,Germany,iPhone,6643397,319611,30%,Q3,02-05-2024,Apple Store,20,,,,,
588602,Asia,Canada,Wearables,4214193,122150,20%,Q2,28-09-2020,Retail Partner,39,,,,,
349842,North America,India,MacBook,626134,255299,40%,Q1,18-06-2021,E-Commerce,27,,,,,
317308,Asia,Japan,Wearables,6544282,417555,40%,Q4,20-01-2022,Online,25,,,,,
693964,North America,India,Services,3746481,389553,20%,Q2,09-06-2024,Retail Partner,30,,,,,
250111,Asia,France,Services,8021090,392772,25%,Q3,21-10-2023,Retail Partner,29,,,,,
845074,South America,Canada,Services,7927772,478893,20%,Q1,08-06-2021,Apple Store,45,,,,,
692318,Africa,Canada,Services,9912433,30116,20%,Q4,19-01-2024,E-Commerce,29,,,,,
410899,Oceania,Australia,iPhone,4141877,138730,40%,Q4,18-01-2024,Offline,23,,,,,
907305,South America,India,iPhone,4051637,184287,20%,Q1,11-10-2023,Offline,25,,,,,
702903,Africa,Japan,Wearables,7457436,252524,30%,Q1,26-08-2024,Apple Store,29,,,,,
999999,South America,Canada,Wearables,3704481,54569,40%,Q4,19-04-2023,Apple Store,30,,,,,
131661,Europe,China,iPad,8410675,210269,40%,Q3,12-05-2022,Apple Store,33,,,,,
575441,Europe,China,Services,71222,257704,20%,Q2,15-10-2021,Offline,30,,,,,
297198,Africa,India,iPhone,894998,393765,40%,Q4,01-03-2020,E-Commerce,19,,,,,
520869,Asia,USA,iPhone,4611810,466606,40%,Q3,20-04-2024,Apple Store,23,,,,,
731265,North America,Canada,iPhone,4347755,408028,30%,Q3,03-08-2023,Retail Partner,32,,,,,
300168,Africa,Australia,Services,5892293,81429,30%,Q1,05-01-2022,Offline,31,,,,,
761384,North America,Brazil,Wearables,6979089,78342,30%,Q2,27-09-2024,Online,35,,,,,
247539,South America,Canada,Wearables,2058857,52896,30%,Q1,30-04-2023,E-Commerce,35,,,,,
854585,Africa,Australia,iPad,9952373,181107,40%,Q2,25-05-2022,Apple Store,40,,,,,
664519,North America,Canada,iPad,3491745,377078,25%,Q4,26-11-2022,Apple Store,36,,,,,
523946,South America,UK,iPad,9726331,447564,20%,Q2,08-07-2023,Online,27,,,,,
264500,North America,Australia,iPhone,3313620,166564,25%,Q3,29-03-2022,Apple Store,31,,,,,
140002,Asia,Australia,Services,7348613,347608,30%,Q3,01-02-2022,Retail Partner,36,,,,,
610141,South America,Japan,Services,931178,79943,40%,Q2,13-01-2022,Online,25,,,,,
381209,South America,France,Services,9092208,254672,20%,Q3,01-10-2020,Apple Store,42,,,,,
935918,Europe,Brazil,Services,432865,14410,40%,Q1,07-09-2024,E-Commerce,26,,,,,
919660,North America,Canada,iPhone,5227158,327262,25%,Q1,15-08-2022,Retail Partner,23,,,,,
989182,Europe,Germany,Services,153483,204827,20%,Q1,13-08-2022,Online,25,,,,,
995201,North America,UK,iPad,7617111,280469,30%,Q2,08-07-2023,Offline,30,,,,,
457420,Europe,UK,Wearables,7947216,79014,30%,Q4,17-02-2023,Online,20,,,,,
355131,North America,USA,iPad,5443512,153276,20%,Q1,19-08-2020,Online,26,,,,,
774499,South America,Australia,Wearables,2813534,114825,20%,Q1,25-12-2023,Offline,26,,,,,
581326,Asia,France,Services,3745260,223311,25%,Q3,15-12-2020,Retail Partner,32,,,,,
525994,Africa,Brazil,iPhone,1024088,196751,30%,Q4,06-02-2024,Retail Partner,29,,,,,
730655,North America,UK,MacBook,9305513,360624,35%,Q3,19-06-2020,Retail Partner,42,,,,,
359759,Europe,UK,iPad,9698444,11309,25%,Q2,17-10-2024,Retail Partner,30,,,,,
476140,Oceania,Canada,iPad,1668151,304638,20%,Q4,17-08-2020,Offline,40,,,,,
197753,Oceania,Brazil,Wearables,4580668,348931,30%,Q3,03-01-2023,Apple Store,45,,,,,
631709,Oceania,Japan,Wearables,9374055,240870,40%,Q3,17-11-2024,Online,31,,,,,
920575,Oceania,UK,Services,8704134,10549,35%,Q2,26-11-2020,Retail Partner,43,,,,,
678519,North America,France,Wearables,5137162,388888,40%,Q1,24-07-2021,Apple Store,45,,,,,
745640,Africa,Germany,Wearables,6033734,29007,40%,Q1,02-09-2024,Apple Store,31,,,,,
715875,North America,India,MacBook,9472092,83897,30%,Q1,08-10-2023,E-Commerce,32,,,,,
936856,Europe,UK,Wearables,3059641,367797,30%,Q1,24-08-2024,Offline,34,,,,,
146746,Asia,China,iPad,8043730,85557,20%,Q3,11-02-2024,Apple Store,26,,,,,
218875,Europe,Australia,iPad,8602879,38918,40%,Q2,19-09-2023,Retail Partner,43,,,,,
192010,Africa,UK,iPad,3919872,176623,40%,Q1,02-06-2020,Offline,29,,,,,
201463,Oceania,France,iPhone,9385162,255339,20%,Q4,14-02-2020,Retail Partner,32,,,,,
517374,Europe,USA,MacBook,7505087,4275,40%,Q2,19-06-2022,Apple Store,39,,,,,
774993,Europe,Germany,Services,7083978,254043,30%,Q4,16-02-2020,Retail Partner,40,,,,,
967449,Europe,UK,Services,5427719,395749,20%,Q2,02-09-2021,Offline,45,,,,,
447816,Oceania,Germany,MacBook,3169506,363820,30%,Q4,20-12-2021,Offline,31,,,,,
535552,Europe,Australia,iPad,259699,185409,20%,Q2,26-06-2024,Online,27,,,,,
966517,North America,Germany,iPhone,3892672,482031,35%,Q3,29-11-2021,Online,25,,,,,
495461,Asia,USA,MacBook,1352117,192587,30%,Q1,25-05-2020,Retail Partner,25,,,,,
919595,North America,France,iPad,6165899,254847,30%,Q3,15-06-2020,Offline,38,,,,,
746079,Asia,Germany,Wearables,2993892,39752,20%,Q1,12-11-2020,Online,27,,,,,
499544,Asia,UK,MacBook,7304207,339479,25%,Q2,07-02-2024,Apple Store,44,,,,,
283856,North America,Japan,iPad,2103952,160916,35%,Q4,04-11-2024,E-Commerce,35,,,,,
196066,Europe,Japan,iPhone,6198357,432839,20%,Q3,12-05-2022,Online,24,,,,,
441777,North America,Australia,Services,3235078,70960,25%,Q3,23-10-2020,Online,27,,,,,
409735,South America,Brazil,Wearables,2691129,45745,40%,Q3,29-06-2022,E-Commerce,27,,,,,
647162,Asia,Australia,Wearables,5439319,66620,25%,Q3,23-01-2022,Online,35,,,,,
824114,Oceania,USA,MacBook,5898527,57804,25%,Q1,19-06-2021,E-Commerce,22,,,,,
554745,North America,Brazil,Services,2192466,157529,25%,Q4,12-01-2021,Offline,30,,,,,
582096,South America,Canada,iPad,2191562,251164,20%,Q3,02-11-2024,Apple Store,34,,,,,
733807,Asia,Germany,Wearables,6798861,453303,40%,Q4,03-06-2022,Online,22,,,,,
732135,Africa,USA,iPad,1381710,492860,30%,Q3,20-06-2024,Apple Store,34,,,,,
578720,South America,India,MacBook,7172172,322411,35%,Q2,02-02-2020,Retail Partner,36,,,,,
429440,North America,UK,iPad,6167882,268781,40%,Q2,22-04-2020,Offline,40,,,,,
793430,South America,Canada,Services,7616636,393789,40%,Q3,14-11-2023,Retail Partner,31,,,,,
423947,North America,Australia,iPad,5815637,54835,40%,Q2,30-03-2024,Offline,31,,,,,
144585,Africa,China,Services,1597507,318284,30%,Q1,29-11-2022,Retail Partner,41,,,,,
520445,Oceania,USA,Services,8728577,480596,40%,Q3,12-12-2021,Apple Store,37,,,,,
511781,Europe,China,Wearables,4282794,163223,30%,Q4,21-01-2022,E-Commerce,29,,,,,
333625,South America,USA,MacBook,9829092,155374,20%,Q1,27-05-2020,Apple Store,31,,,,,
180177,Africa,USA,Services,129497,188810,25%,Q3,01-05-2023,Offline,35,,,,,
424357,Africa,Australia,MacBook,4368616,138874,20%,Q2,21-05-2020,Offline,43,,,,,
685220,North America,Australia,iPad,570731,473656,30%,Q4,05-07-2023,Online,30,,,,,
355990,Africa,UK,Services,6707561,374367,35%,Q1,13-07-2022,Retail Partner,25,,,,,
849636,Europe,Germany,Services,7325608,49789,20%,Q2,14-08-2023,E-Commerce,27,,,,,
287075,North America,UK,Wearables,116665,224738,30%,Q1,17-07-2023,Offline,43,,,,,
187970,Africa,UK,iPhone,8098206,284095,30%,Q2,04-07-2020,Offline,31,,,,,
674495,Europe,India,MacBook,3601604,276909,20%,Q4,23-12-2024,E-Commerce,20,,,,,
131355,Oceania,Brazil,Wearables,5429361,74943,35%,Q3,14-06-2022,E-Commerce,25,,,,,
333056,North America,Brazil,iPhone,974247,208010,40%,Q1,06-10-2022,Online,18,,,,,
993868,South America,USA,iPad,3175317,244413,30%,Q1,25-09-2020,Offline,27,,,,,
494881,Africa,Canada,MacBook,1828221,267984,20%,Q2,14-04-2023,Online,31,,,,,
262540,North America,Japan,iPad,2064801,127819,35%,Q1,24-05-2021,Retail Partner,41,,,,,
379126,North America,Brazil,iPad,5394495,48091,40%,Q2,09-01-2021,Apple Store,33,,,,,
299964,Africa,India,Services,1122353,306347,30%,Q4,07-12-2022,Online,28,,,,,
123186,South America,USA,Services,8928743,76258,20%,Q4,07-05-2021,Retail Partner,42,,,,,
960650,Europe,USA,iPad,790485,43117,35%,Q1,26-02-2024,E-Commerce,35,,,,,
769337,Africa,UK,Services,7453020,382960,40%,Q4,05-05-2023,Online,26,,,,,
594213,Oceania,USA,iPhone,6002704,44705,35%,Q1,28-01-2021,Retail Partner,21,,,,,
734977,Asia,India,Services,204830,227519,20%,Q2,17-01-2022,E-Commerce,30,,,,,
441715,North America,Australia,Wearables,1743558,4942,35%,Q2,07-01-2023,Retail Partner,32,,,,,
218578,North America,Germany,Services,1144601,155081,40%,Q1,15-08-2023,Apple Store,41,,,,,
576998,Oceania,Japan,MacBook,1840476,240012,30%,Q4,04-12-2020,Online,32,,,,,
552676,Europe,Japan,Wearables,3989244,462916,40%,Q4,27-10-2021,Apple Store,28,,,,,
712847,Asia,India,iPhone,7133872,17638,30%,Q1,06-11-2022,Offline,32,,,,,
784986,North America,Australia,Services,3897697,17749,20%,Q4,26-02-2024,Online,25,,,,,
982618,South America,USA,iPhone,3027438,412614,20%,Q1,11-08-2023,Online,27,,,,,
673677,Asia,Germany,Services,794597,394832,20%,Q2,30-09-2021,Apple Store,36,,,,,
517344,Oceania,UK,Wearables,5368048,497557,25%,Q2,06-01-2025,Online,21,,,,,
455398,North America,Germany,iPad,9295567,18643,25%,Q4,24-10-2023,E-Commerce,28,,,,,
629776,South America,USA,iPad,2581211,153318,40%,Q1,07-03-2024,Apple Store,36,,,,,
812436,North America,Brazil,MacBook,5660015,167781,20%,Q2,10-06-2022,Retail Partner,29,,,,,
815073,South America,USA,iPad,6509008,290202,35%,Q3,23-12-2024,Offline,31,,,,,
301742,Africa,Japan,MacBook,3213687,330950,20%,Q1,22-10-2021,Online,20,,,,,
421683,Africa,Brazil,Services,7516737,273780,35%,Q2,10-05-2020,Retail Partner,31,,,,,
792035,Europe,Brazil,Wearables,7117892,276335,40%,Q4,14-06-2022,Retail Partner,29,,,,,
679733,Oceania,Brazil,iPad,7207121,193537,20%,Q3,03-03-2024,Online,30,,,,,
937990,Oceania,India,Services,5383860,159371,25%,Q3,13-02-2024,E-Commerce,33,,,,,
100116,Asia,UK,iPad,422384,457944,20%,Q4,27-10-2022,Offline,28,,,,,
202175,Africa,China,Wearables,1684135,418166,40%,Q4,04-10-2021,Offline,20,,,,,
224076,North America,USA,MacBook,9722002,233159,20%,Q2,28-09-2021,E-Commerce,22,,,,,
199511,North America,USA,MacBook,1501872,308928,20%,Q2,12-02-2024,Online,32,,,,,
276827,Africa,Canada,iPad,2988137,16331,40%,Q4,15-05-2022,Online,27,,,,,
950950,South America,India,Services,585930,37907,30%,Q3,18-10-2020,Retail Partner,42,,,,,
588883,Oceania,UK,MacBook,6914514,51244,20%,Q1,20-07-2024,Apple Store,21,,,,,
898877,Oceania,India,iPad,3871784,458227,30%,Q4,17-06-2023,Apple Store,37,,,,,
654574,Africa,Brazil,iPad,3390748,297100,20%,Q3,12-07-2021,E-Commerce,29,,,,,
198592,South America,Japan,MacBook,1437927,214593,40%,Q4,14-08-2020,Retail Partner,33,,,,,
649833,South America,China,MacBook,9829520,24692,20%,Q3,29-11-2021,Apple Store,45,,,,,
387143,North America,UK,Services,1943877,24868,40%,Q3,18-07-2024,Offline,41,,,,,
131177,North America,China,MacBook,786950,392092,30%,Q2,12-07-2020,E-Commerce,27,,,,,
647420,North America,Germany,Wearables,9812817,333449,40%,Q1,07-12-2020,E-Commerce,22,,,,,
303202,Asia,India,Wearables,3146273,247698,30%,Q4,19-12-2024,Offline,35,,,,,
632646,Europe,France,Services,7704836,179369,35%,Q1,25-10-2022,Offline,46,,,,,
595838,North America,Germany,Wearables,8872298,54388,20%,Q4,11-08-2024,E-Commerce,25,,,,,
469496,North America,Japan,iPhone,7531642,465704,40%,Q2,04-12-2021,Apple Store,28,,,,,
866481,North America,Australia,iPhone,7636105,346403,20%,Q4,27-01-2022,Retail Partner,27,,,,,
256401,North America,Brazil,Services,8326182,97310,40%,Q1,05-03-2023,Retail Partner,42,,,,,
373631,Europe,Japan,iPhone,5619950,104568,30%,Q2,11-06-2021,E-Commerce,26,,,,,
893177,North America,China,MacBook,8761009,190121,30%,Q3,15-04-2020,Retail Partner,44,,,,,
846123,North America,Australia,MacBook,372767,431270,30%,Q4,29-10-2024,Offline,45,,,,,
354375,Oceania,India,Wearables,8458265,105221,40%,Q1,31-12-2023,Retail Partner,30,,,,,
789278,North America,China,Services,1690902,198749,40%,Q1,27-06-2020,Offline,29,,,,,
631947,Asia,Japan,MacBook,3930992,488192,20%,Q4,15-06-2023,E-Commerce,26,,,,,
563023,Europe,China,iPhone,246929,119763,35%,Q1,14-01-2022,Offline,28,,,,,
772972,South America,France,iPad,6269237,175652,40%,Q1,12-09-2022,Retail Partner,34,,,,,
808082,North America,UK,MacBook,434312,131621,40%,Q2,13-04-2021,Offline,34,,,,,
750583,Africa,USA,iPhone,7528075,65917,40%,Q4,11-12-2021,Online,33,,,,,
260995,South America,India,iPad,9261843,89657,20%,Q4,12-07-2021,Retail Partner,45,,,,,
171355,Europe,Brazil,Services,7655714,262701,40%,Q4,19-09-2023,Retail Partner,37,,,,,
861819,North America,Australia,MacBook,6957565,374335,40%,Q3,13-01-2021,Offline,43,,,,,
435839,Africa,Canada,Wearables,1224308,76331,25%,Q2,16-03-2024,Apple Store,35,,,,,
171082,Africa,Australia,iPhone,5642117,75280,35%,Q3,01-10-2023,Offline,20,,,,,
591420,North America,China,iPhone,5883421,243696,20%,Q4,09-03-2024,Offline,18,,,,,
200805,South America,Japan,Wearables,474884,37308,25%,Q4,10-02-2022,Offline,28,,,,,
253820,Oceania,France,Services,7121629,428326,40%,Q4,11-12-2023,Apple Store,49,,,,,
642647,North America,China,MacBook,972729,320332,40%,Q4,16-09-2023,Online,22,,,,,
217128,Africa,USA,iPhone,5333639,372639,30%,Q3,07-01-2020,Online,23,,,,,
205557,North America,Japan,MacBook,8237001,227287,20%,Q4,28-10-2024,Apple Store,38,,,,,
902208,South America,France,Services,5536882,201139,40%,Q2,30-01-2020,Online,29,,,,,
648887,Europe,Australia,iPhone,9655082,260724,30%,Q3,14-03-2023,E-Commerce,30,,,,,
180309,North America,Australia,MacBook,9713550,50728,35%,Q3,09-10-2022,Retail Partner,20,,,,,
633615,North America,Canada,iPhone,4252635,260754,20%,Q3,14-07-2024,E-Commerce,19,,,,,
900714,Asia,Germany,iPhone,7376842,386717,20%,Q2,05-09-2021,Online,33,,,,,
815947,Europe,India,Wearables,3725082,128792,30%,Q4,06-04-2021,Apple Store,31,,,,,
639810,Africa,India,MacBook,7777104,297512,25%,Q4,13-04-2022,Retail Partner,19,,,,,
932033,Asia,UK,Wearables,7523075,485818,25%,Q1,08-07-2023,Apple Store,22,,,,,
717344,Europe,Australia,Wearables,7885197,202790,30%,Q3,06-06-2023,Apple Store,20,,,,,
284666,Europe,France,iPhone,4653223,265690,25%,Q1,16-08-2023,E-Commerce,31,,,,,
242068,Europe,UK,Wearables,5656486,415856,30%,Q2,01-04-2024,Apple Store,41,,,,,
165145,Asia,Germany,iPad,7699063,344084,40%,Q2,26-03-2022,Offline,42,,,,,
476902,North America,Canada,iPad,8483785,34971,35%,Q2,17-09-2023,E-Commerce,28,,,,,
835250,Asia,China,iPhone,1115568,120431,20%,Q4,05-06-2020,Online,27,,,,,
382874,Asia,UK,iPad,5099442,359835,35%,Q3,22-06-2020,Apple Store,28,,,,,
387000,Africa,USA,Wearables,5570207,112615,30%,Q3,09-07-2021,E-Commerce,30,,,,,
190885,Europe,China,iPhone,7028492,233831,40%,Q4,10-06-2024,E-Commerce,28,,,,,
516482,North America,Australia,Services,1522679,377182,20%,Q1,15-09-2021,Apple Store,44,,,,,
115920,Africa,China,iPhone,206267,83859,25%,Q3,24-03-2021,Retail Partner,27,,,,,
405357,South America,Japan,iPhone,3551673,450420,40%,Q4,13-08-2023,Apple Store,21,,,,,
909343,Europe,UK,Wearables,7194732,96176,35%,Q2,20-01-2022,Apple Store,43,,,,,
963332,North America,UK,Wearables,6131608,240752,40%,Q3,22-07-2023,Retail Partner,43,,,,,
432745,North America,China,iPhone,8705963,236769,40%,Q2,28-02-2023,Apple Store,18,,,,,
688444,Europe,USA,Wearables,6994285,177294,40%,Q1,25-05-2022,Offline,25,,,,,
179076,Asia,Canada,MacBook,4707259,397677,20%,Q2,08-08-2023,Online,19,,,,,
769392,Europe,USA,iPad,8601306,325843,35%,Q3,06-08-2022,Retail Partner,43,,,,,
232396,Oceania,USA,MacBook,2250437,34388,35%,Q1,17-02-2021,Online,20,,,,,
553989,South America,Japan,Services,4344348,54863,20%,Q1,04-05-2022,Retail Partner,36,,,,,
512854,Oceania,UK,MacBook,6424304,458229,20%,Q1,25-09-2020,Apple Store,22,,,,,
557765,Asia,India,Services,4789844,138041,40%,Q4,26-09-2023,Offline,47,,,,,
776411,Africa,Germany,iPhone,3209644,343199,25%,Q2,19-04-2020,Offline,23,,,,,
413702,Africa,Canada,Services,1347896,61735,35%,Q3,24-06-2020,Retail Partner,40,,,,,
532799,Europe,USA,Services,4455341,495478,25%,Q2,03-05-2024,Apple Store,39,,,,,
834437,Africa,India,iPad,9177890,223227,30%,Q1,10-07-2021,Online,32,,,,,
282466,North America,China,iPad,1676897,97130,20%,Q3,21-10-2023,Apple Store,37,,,,,
985784,Africa,India,iPad,217652,187995,40%,Q2,01-07-2021,Online,34,,,,,
388115,Asia,Japan,Wearables,4774849,384009,20%,Q3,04-10-2021,Apple Store,18,,,,,
966914,Asia,USA,Wearables,6670580,362658,25%,Q3,29-09-2023,Apple Store,29,,,,,
726157,South America,UK,iPhone,6218749,64626,30%,Q1,16-11-2022,Online,22,,,,,
539063,Europe,USA,iPad,9568569,143346,40%,Q3,13-06-2022,E-Commerce,35,,,,,
411516,Oceania,Australia,Services,2596050,209159,20%,Q2,10-01-2025,Apple Store,35,,,,,
805411,North America,Canada,MacBook,8814315,229528,30%,Q2,07-09-2023,Offline,48,,,,,
647955,Asia,China,Services,5669244,43731,40%,Q2,25-12-2021,Retail Partner,33,,,,,
711121,Europe,France,iPad,7614438,490000,40%,Q3,01-02-2020,Offline,32,,,,,
375243,Europe,USA,iPhone,5655304,359872,40%,Q3,09-11-2024,E-Commerce,24,,,,,
865163,Europe,France,iPad,4257811,37139,20%,Q4,08-10-2022,Retail Partner,29,,,,,
458734,South America,India,Services,6318820,454965,40%,Q1,02-09-2023,Offline,36,,,,,
538141,Africa,Australia,Services,572373,295105,25%,Q1,22-01-2024,Online,30,,,,,
757828,Europe,USA,Services,4004163,136086,40%,Q3,21-02-2020,Online,27,,,,,
152128,North America,China,iPhone,3572122,415544,30%,Q2,15-07-2021,Online,18,,,,,
712581,North America,USA,Services,6108405,385469,35%,Q1,28-10-2023,Online,30,,,,,
524045,Europe,Germany,Services,8678397,62561,35%,Q1,04-11-2023,Online,33,,,,,
214307,Europe,Brazil,iPad,9509040,246173,20%,Q4,04-03-2020,Online,29,,,,,
426332,Europe,Canada,iPhone,4399432,132741,30%,Q4,23-06-2023,Offline,30,,,,,
648514,North America,UK,MacBook,2767271,473274,30%,Q4,09-02-2021,Offline,21,,,,,
896540,South America,Germany,iPhone,4140526,227701,40%,Q3,06-01-2025,Online,27,,,,,
750644,Europe,Canada,Wearables,385767,148197,35%,Q1,05-01-2025,E-Commerce,28,,,,,
655254,Asia,Germany,MacBook,2393375,441542,40%,Q4,24-01-2025,Online,26,,,,,
344871,North America,China,MacBook,2526123,163764,20%,Q2,20-09-2023,Online,20,,,,,
932301,South America,India,iPhone,1039271,165694,20%,Q1,03-10-2023,Online,34,,,,,
467443,Africa,Brazil,iPad,3528126,414091,25%,Q1,17-02-2022,Online,31,,,,,
756657,Africa,Germany,Wearables,4304354,422948,20%,Q1,07-12-2024,E-Commerce,31,,,,,
133915,South America,Canada,MacBook,7759874,58298,20%,Q3,24-09-2021,Retail Partner,33,,,,,
771801,Africa,Canada,iPad,4437933,273105,20%,Q3,20-02-2021,Offline,40,,,,,
325002,Asia,China,MacBook,6643289,60306,20%,Q3,06-07-2023,Online,23,,,,,
126681,Oceania,India,Services,6179309,297143,40%,Q4,03-11-2022,Apple Store,40,,,,,
381468,Europe,Canada,Services,1346850,442940,40%,Q3,14-07-2021,E-Commerce,25,,,,,
759864,Oceania,India,MacBook,9904118,312566,30%,Q1,11-03-2024,Apple Store,40,,,,,
885734,Africa,China,iPhone,8389151,294801,20%,Q2,12-04-2021,Online,28,,,,,
736952,Europe,India,Wearables,199190,325784,30%,Q2,02-08-2024,Offline,32,,,,,
955325,Europe,UK,Services,4648101,276014,25%,Q2,16-12-2023,E-Commerce,32,,,,,
162577,Asia,Brazil,iPhone,2938540,401727,40%,Q4,06-02-2023,Apple Store,22,,,,,
779448,North America,France,Wearables,8780890,327159,30%,Q3,10-11-2022,E-Commerce,23,,,,,
552485,Asia,USA,Wearables,7997532,244943,40%,Q1,27-03-2020,Retail Partner,25,,,,,
531500,North America,Japan,Wearables,9699158,307940,40%,Q2,21-09-2020,Offline,25,,,,,
421695,Asia,USA,Services,5847130,271254,40%,Q3,16-12-2024,Online,30,,,,,
692415,Asia,Australia,iPhone,2330209,67718,30%,Q1,17-12-2021,E-Commerce,23,,,,,
522521,Africa,Brazil,iPad,6359666,456696,20%,Q3,19-04-2020,Online,29,,,,,
565237,Asia,India,Services,2688145,346823,30%,Q1,15-09-2023,Online,26,,,,,
729334,North America,UK,Services,9383580,304537,20%,Q2,28-12-2022,Offline,28,,,,,
391766,South America,Australia,iPad,3463110,372749,25%,Q1,03-07-2023,E-Commerce,32,,,,,
712247,North America,China,iPad,8980652,293464,35%,Q4,15-11-2023,Apple Store,27,,,,,
396340,Asia,UK,iPad,8859328,257488,20%,Q3,27-09-2022,Apple Store,38,,,,,
255987,Asia,UK,iPad,6299068,432963,40%,Q3,24-01-2025,Online,30,,,,,
650816,Oceania,USA,iPad,4211379,110653,35%,Q4,16-02-2021,Apple Store,31,,,,,
867994,North America,Australia,iPad,59445,227949,25%,Q2,25-12-2023,Offline,34,,,,,
418082,Oceania,Canada,Services,6945018,49475,25%,Q1,02-09-2022,Offline,32,,,,,
727345,Asia,Japan,Services,9455752,250099,25%,Q2,05-06-2021,Offline,45,,,,,
846568,South America,Canada,Services,1325640,134526,35%,Q4,11-03-2022,Apple Store,48,,,,,
425303,Africa,India,MacBook,8842815,175766,30%,Q3,16-03-2020,Offline,26,,,,,
933176,South America,France,MacBook,5368115,108093,40%,Q3,19-07-2021,Apple Store,23,,,,,
552144,Asia,USA,iPad,7087271,283938,30%,Q2,13-12-2023,E-Commerce,32,,,,,
976658,South America,Japan,MacBook,4673464,454172,20%,Q2,06-08-2022,Apple Store,38,,,,,
463252,North America,France,iPad,495833,87805,25%,Q3,10-09-2020,E-Commerce,32,,,,,
943194,North America,Brazil,iPhone,7835866,464492,20%,Q3,10-04-2020,Retail Partner,29,,,,,
287186,South America,China,MacBook,9384543,374629,35%,Q1,30-06-2022,Online,26,,,,,
683419,Africa,USA,MacBook,7193937,355658,30%,Q2,16-06-2024,Offline,50,,,,,
912206,North America,Canada,MacBook,9283286,69248,35%,Q4,27-06-2023,Online,35,,,,,
901418,North America,USA,Services,9142210,78120,30%,Q1,18-12-2022,Online,30,,,,,
628133,Africa,Japan,Wearables,2421525,291073,40%,Q1,28-04-2021,Apple Store,20,,,,,
256126,North America,Canada,iPhone,2698496,115475,40%,Q4,29-10-2020,E-Commerce,29,,,,,
509759,Oceania,France,iPad,3870070,418204,25%,Q4,12-04-2022,Offline,32,,,,,
655108,Europe,China,Services,6502934,355394,30%,Q3,20-01-2023,Retail Partner,47,,,,,
771581,South America,Japan,iPad,641379,136368,20%,Q2,21-07-2023,Retail Partner,29,,,,,
125182,Oceania,Germany,iPhone,7273562,236440,40%,Q3,01-06-2024,E-Commerce,31,,,,,
479424,North America,Canada,Wearables,6676777,385375,30%,Q3,08-01-2021,E-Commerce,29,,,,,
881916,Oceania,China,iPhone,7877471,227481,35%,Q2,29-02-2024,Apple Store,24,,,,,
413256,Asia,Brazil,Services,1598442,195421,30%,Q3,06-02-2020,Retail Partner,41,,,,,
360129,Europe,Brazil,MacBook,4410591,429411,40%,Q4,12-06-2020,Offline,44,,,,,
106908,South America,India,Wearables,8517805,496233,40%,Q2,09-05-2021,Retail Partner,40,,,,,
562060,Oceania,UK,MacBook,6063794,353359,30%,Q3,01-01-2021,Retail Partner,24,,,,,
864831,Europe,Australia,MacBook,741956,36374,20%,Q1,10-04-2024,E-Commerce,18,,,,,
398338,Asia,China,iPhone,3230095,265194,30%,Q2,01-07-2020,Retail Partner,26,,,,,
626380,North America,Brazil,Services,4471941,326194,35%,Q4,20-02-2020,Offline,50,,,,,
113816,Oceania,India,iPad,6938548,4750,25%,Q1,18-07-2023,Offline,29,,,,,
279817,Europe,France,Wearables,6542682,362584,35%,Q4,03-03-2024,Offline,35,,,,,
939242,North America,India,MacBook,7952059,265082,30%,Q1,10-04-2023,E-Commerce,19,,,,,
390999,Africa,Canada,MacBook,3594134,495628,30%,Q3,30-11-2020,E-Commerce,29,,,,,
774865,Africa,France,MacBook,6845516,185616,25%,Q3,25-02-2023,E-Commerce,31,,,,,
609688,South America,Canada,MacBook,9627956,207931,35%,Q4,11-10-2023,Offline,20,,,,,
833089,Oceania,China,Services,4515636,266904,20%,Q2,07-01-2024,Online,29,,,,,
733416,Africa,China,Wearables,9834335,39881,40%,Q4,15-02-2022,Retail Partner,20,,,,,
942515,Oceania,France,iPad,4345924,493727,30%,Q1,31-05-2022,Offline,31,,,,,
946932,North America,India,Wearables,2511477,85527,20%,Q1,20-09-2020,Online,24,,,,,
101602,Europe,India,Wearables,2466556,255377,40%,Q4,25-05-2022,Online,26,,,,,
261894,Oceania,France,Services,1554638,427599,40%,Q1,28-09-2023,Apple Store,31,,,,,
238191,North America,Brazil,iPhone,5301895,122412,40%,Q3,29-05-2021,E-Commerce,20,,,,,
200220,Europe,USA,iPhone,6074291,342891,20%,Q3,02-05-2021,Offline,19,,,,,
869696,Oceania,Canada,MacBook,3529663,404650,25%,Q1,25-07-2020,Online,34,,,,,
701227,South America,USA,Services,1952347,399831,30%,Q4,11-01-2023,Offline,30,,,,,
628630,South America,India,iPad,1223933,211006,20%,Q4,07-06-2020,Retail Partner,30,,,,,
652912,North America,China,iPad,7226295,130449,40%,Q1,21-03-2023,E-Commerce,33,,,,,
843085,Oceania,UK,MacBook,6902433,381620,35%,Q3,26-07-2024,E-Commerce,26,,,,,
708906,South America,Australia,MacBook,5856677,364267,30%,Q4,03-07-2022,Apple Store,27,,,,,
420764,Oceania,China,iPhone,181679,78894,20%,Q1,23-10-2020,Retail Partner,21,,,,,
415950,North America,Brazil,Wearables,3331968,226342,35%,Q4,20-10-2024,Retail Partner,21,,,,,
873184,North America,USA,MacBook,8341669,485305,40%,Q2,23-06-2021,Retail Partner,20,,,,,
826220,Europe,China,MacBook,8606951,485637,30%,Q1,02-09-2022,Retail Partner,26,,,,,
906235,Africa,Japan,Services,7403822,15956,40%,Q4,04-02-2023,Apple Store,36,,,,,
568328,North America,Japan,Services,3756155,184613,25%,Q1,24-08-2020,Retail Partner,42,,,,,
746584,Oceania,UK,MacBook,2737004,212952,30%,Q1,03-01-2021,Online,24,,,,,
215474,Oceania,Canada,MacBook,8766869,137960,30%,Q4,20-02-2023,Online,31,,,,,
337157,South America,Canada,iPad,310520,83690,40%,Q1,09-07-2020,Offline,40,,,,,
892446,Africa,Australia,Wearables,5567535,192106,30%,Q1,07-07-2024,Apple Store,44,,,,,
945792,North America,Australia,iPhone,6569227,333661,30%,Q2,08-09-2020,Offline,31,,,,,
226778,South America,Canada,iPhone,3408723,135658,40%,Q3,20-05-2020,Offline,31,,,,,
339782,Europe,Australia,Wearables,373352,226546,25%,Q2,05-12-2023,Apple Store,22,,,,,
334138,South America,France,iPad,1570876,185980,30%,Q4,21-01-2022,Offline,45,,,,,
256855,Europe,USA,iPhone,5777466,371219,20%,Q4,27-01-2022,Retail Partner,31,,,,,
733046,Oceania,China,Services,8729003,466962,30%,Q3,14-09-2024,Online,32,,,,,
215002,Oceania,China,iPhone,40899,236609,35%,Q4,27-09-2024,Online,33,,,,,
575976,Oceania,Brazil,MacBook,4859138,488183,20%,Q3,20-02-2021,Apple Store,28,,,,,
429090,South America,Japan,MacBook,758069,11513,25%,Q1,14-11-2023,Offline,21,,,,,
475621,Oceania,France,MacBook,9204960,154608,30%,Q1,15-04-2024,Apple Store,45,,,,,
381718,Africa,China,iPad,9471037,168713,35%,Q2,06-03-2024,E-Commerce,31,,,,,
448302,Asia,Canada,Services,3386168,204157,40%,Q2,26-12-2024,Online,35,,,,,
537823,South America,India,Wearables,6023304,418232,30%,Q2,03-03-2021,Online,21,,,,,
777560,Asia,Australia,iPhone,3327915,76616,20%,Q2,26-12-2021,Apple Store,25,,,,,
252306,South America,Japan,Wearables,5166335,125774,30%,Q3,17-06-2023,Apple Store,27,,,,,
935821,North America,India,Wearables,8906562,479586,20%,Q3,31-10-2020,Online,28,,,,,
328025,Europe,China,iPad,9492703,190720,35%,Q2,13-09-2020,Offline,29,,,,,
193966,Europe,Australia,iPhone,5701760,223686,30%,Q3,01-12-2023,Online,34,,,,,
789465,South America,France,Wearables,5507370,474131,40%,Q2,06-07-2020,Online,32,,,,,
634185,Europe,USA,MacBook,789440,71706,30%,Q3,08-09-2021,Offline,27,,,,,
346987,Europe,UK,Wearables,3214348,258391,20%,Q2,07-10-2022,Offline,29,,,,,
987090,Africa,France,Wearables,6439551,483566,30%,Q1,09-05-2020,Apple Store,36,,,,,
688017,Europe,Australia,iPad,8709830,445074,35%,Q2,13-05-2021,Online,27,,,,,
654426,North America,China,Wearables,2045969,319143,30%,Q2,21-09-2021,Offline,31,,,,,
830535,South America,Germany,iPad,448769,232835,40%,Q2,12-02-2023,Retail Partner,33,,,,,
644098,Europe,Brazil,MacBook,7300402,311532,25%,Q2,28-12-2020,Online,19,,,,,
292408,Africa,Japan,Services,8070329,446449,40%,Q3,02-01-2023,Apple Store,26,,,,,
938711,South America,India,iPhone,1108478,50182,35%,Q1,20-02-2024,Online,33,,,,,
615793,Africa,Japan,MacBook,2368201,392729,20%,Q1,29-12-2023,Retail Partner,44,,,,,
975946,Asia,France,Wearables,2465481,312819,25%,Q3,27-07-2024,Online,24,,,,,
737294,North America,Germany,iPad,9575891,11684,30%,Q1,23-01-2021,Online,25,,,,,
977771,North America,France,Services,3071571,433448,30%,Q4,12-10-2023,Retail Partner,29,,,,,
897220,Asia,China,iPhone,3236643,478870,25%,Q1,03-04-2020,Offline,23,,,,,
585060,North America,China,Services,8827713,323613,30%,Q3,04-04-2020,Offline,44,,,,,
584553,South America,UK,iPhone,4708490,217286,40%,Q4,27-02-2024,E-Commerce,31,,,,,
420447,Europe,Japan,Wearables,4727995,384595,40%,Q4,18-07-2021,Retail Partner,41,,,,,
489601,South America,China,MacBook,5137619,358686,35%,Q3,16-11-2022,Apple Store,28,,,,,
140249,North America,USA,Wearables,6954012,292608,40%,Q1,24-10-2020,Apple Store,18,,,,,
865057,Africa,Germany,MacBook,9796924,425156,25%,Q4,09-05-2020,Offline,37,,,,,
503881,North America,Australia,MacBook,9116221,289409,25%,Q1,20-06-2023,Online,34,,,,,
428170,North America,France,Services,1909494,147414,40%,Q4,09-03-2021,Apple Store,43,,,,,
425471,Oceania,Canada,Services,5272722,405797,40%,Q3,16-02-2022,Apple Store,39,,,,,
824982,North America,India,Services,8895149,9979,30%,Q2,25-06-2022,Offline,37,,,,,
108530,Asia,Brazil,iPhone,2915616,47485,30%,Q2,16-09-2020,E-Commerce,26,,,,,
518220,Asia,Australia,MacBook,2283011,473571,25%,Q2,31-12-2023,Online,32,,,,,
798257,North America,China,iPhone,163757,135410,30%,Q1,21-05-2024,Offline,34,,,,,
731986,Oceania,UK,MacBook,9891913,433256,40%,Q1,11-03-2020,Offline,44,,,,,
308424,South America,Australia,Wearables,7152598,71753,20%,Q1,04-02-2021,E-Commerce,23,,,,,
618145,Africa,Canada,MacBook,4224158,210775,40%,Q4,27-07-2020,Retail Partner,21,,,,,
793359,Europe,USA,Services,3214042,26840,40%,Q4,21-09-2023,E-Commerce,31,,,,,
807530,Asia,Canada,iPad,4935506,452513,20%,Q4,09-08-2024,Online,29,,,,,
974530,Africa,Canada,iPhone,5104136,59843,20%,Q4,29-07-2022,Retail Partner,32,,,,,
873428,Europe,Australia,MacBook,5318705,285018,35%,Q1,15-10-2024,Offline,46,,,,,
391834,Africa,India,Services,7294115,344640,20%,Q2,27-01-2022,Offline,47,,,,,
604491,South America,Canada,Wearables,6384814,180992,25%,Q4,29-06-2021,Retail Partner,41,,,,,
312198,Africa,UK,Wearables,6585792,104554,30%,Q2,06-06-2020,Apple Store,38,,,,,
924304,Asia,Brazil,MacBook,6051821,192586,40%,Q4,23-05-2022,E-Commerce,24,,,,,
451743,Asia,USA,Wearables,9268817,14851,25%,Q2,28-03-2020,Apple Store,41,,,,,
801070,Asia,Australia,iPhone,7093021,67932,25%,Q2,31-10-2020,E-Commerce,31,,,,,
872020,North America,China,iPhone,7339667,282636,35%,Q1,12-01-2022,Offline,19,,,,,
132696,North America,Australia,Services,4862826,76069,40%,Q4,07-10-2020,E-Commerce,33,,,,,
152154,South America,France,iPhone,5020604,496121,35%,Q4,03-04-2021,Retail Partner,24,,,,,
653307,Africa,Japan,iPhone,3911422,428917,40%,Q4,21-02-2023,Apple Store,18,,,,,
347336,Africa,USA,iPad,3469981,136165,25%,Q1,24-12-2024,Retail Partner,26,,,,,
744728,North America,Australia,MacBook,6597724,224394,40%,Q4,09-01-2023,E-Commerce,26,,,,,
340367,South America,Brazil,MacBook,1813001,51520,20%,Q2,31-01-2023,E-Commerce,32,,,,,
147424,Africa,Australia,iPhone,60091,84381,30%,Q1,03-02-2023,Online,34,,,,,
722384,Africa,China,iPhone,6197030,455941,30%,Q4,01-06-2021,Apple Store,27,,,,,
705388,South America,India,iPad,7870357,431401,20%,Q1,14-10-2023,Retail Partner,37,,,,,
101456,Asia,UK,Services,2665085,208289,40%,Q3,01-06-2024,Offline,37,,,,,
629530,Asia,Australia,iPad,9202969,118494,30%,Q4,26-04-2020,Offline,27,,,,,
787204,South America,USA,Wearables,3489860,113334,20%,Q3,30-11-2020,Retail Partner,34,,,,,
814052,North America,Germany,MacBook,6662826,322389,40%,Q3,07-07-2022,Apple Store,38,,,,,
589798,North America,Canada,Services,2472100,370369,40%,Q4,25-01-2023,E-Commerce,25,,,,,
587946,Oceania,France,iPad,6349012,154030,35%,Q2,17-12-2024,Online,33,,,,,
217486,North America,Canada,iPad,4452559,241503,35%,Q2,08-03-2021,Online,29,,,,,
365924,Europe,USA,Wearables,8110257,392140,30%,Q2,06-01-2024,Retail Partner,32,,,,,
628514,Europe,Australia,iPad,6495158,429858,30%,Q3,10-06-2021,Online,33,,,,,
277121,Oceania,Canada,iPhone,2634553,185688,40%,Q1,14-09-2022,Offline,23,,,,,
741529,Europe,UK,Services,3304257,90385,40%,Q2,07-02-2024,Retail Partner,43,,,,,
236815,North America,Australia,Services,3801340,284501,40%,Q3,12-04-2020,Retail Partner,46,,,,,
514799,Europe,Canada,Wearables,2845885,78249,40%,Q1,14-06-2021,Online,35,,,,,
861413,North America,India,iPhone,132315,467886,20%,Q2,19-02-2020,Online,23,,,,,
925368,North America,Brazil,iPad,3075450,119908,25%,Q1,30-04-2023,E-Commerce,31,,,,,
902984,North America,Canada,iPad,1806019,430911,20%,Q4,30-01-2020,E-Commerce,25,,,,,
121915,Africa,Germany,Services,3751051,176419,40%,Q2,02-07-2024,Apple Store,49,,,,,
229319,Europe,Canada,Wearables,438770,239559,20%,Q4,16-07-2020,Retail Partner,28,,,,,
866861,South America,Canada,Wearables,7900044,266524,40%,Q4,07-05-2023,Offline,34,,,,,
244394,Asia,USA,MacBook,7526663,112445,35%,Q1,05-07-2021,E-Commerce,22,,,,,
369743,North America,Australia,MacBook,2740462,206088,20%,Q4,17-03-2024,Apple Store,48,,,,,
770599,North America,Australia,iPhone,6997098,458453,30%,Q1,26-01-2024,Retail Partner,21,,,,,
866437,South America,Brazil,iPad,4722406,62062,35%,Q2,14-07-2022,Online,34,,,,,
341027,Africa,China,iPhone,6295295,347188,30%,Q1,12-08-2023,Offline,31,,,,,
674962,North America,India,Services,6533414,268590,20%,Q3,10-08-2021,Retail Partner,46,,,,,
459067,Asia,Canada,iPad,2851455,245018,40%,Q1,31-07-2021,E-Commerce,33,,,,,
662128,Asia,Japan,iPhone,4153178,432546,40%,Q3,21-04-2020,Retail Partner,28,,,,,
418321,North America,Brazil,iPhone,7630607,326910,30%,Q3,25-10-2020,Apple Store,30,,,,,
155181,North America,Japan,iPad,2070231,451570,35%,Q3,20-05-2023,Retail Partner,42,,,,,
276189,Africa,China,Wearables,5616146,149543,25%,Q1,28-02-2020,Retail Partner,31,,,,,
934012,North America,UK,MacBook,4764858,167613,40%,Q3,06-11-2024,E-Commerce,30,,,,,
213576,South America,Australia,MacBook,7104456,403757,30%,Q2,19-09-2020,Online,34,,,,,
843252,South America,Canada,Services,9115892,148282,35%,Q3,18-12-2021,Retail Partner,36,,,,,
807615,Africa,Canada,Wearables,3011377,32251,30%,Q4,30-11-2020,Retail Partner,31,,,,,
794894,Oceania,USA,Wearables,8127535,360318,30%,Q1,18-05-2021,Retail Partner,21,,,,,
433650,Africa,Brazil,Wearables,6731892,116760,35%,Q1,12-07-2020,Offline,30,,,,,
521671,Asia,Brazil,Services,9423352,245215,30%,Q2,15-08-2023,Retail Partner,45,,,,,
906639,North America,UK,Wearables,1868934,306661,35%,Q4,06-05-2020,Retail Partner,41,,,,,
809991,Oceania,India,iPhone,2835305,122097,40%,Q4,10-01-2025,Online,21,,,,,
750533,Oceania,Australia,iPad,9329751,274559,30%,Q3,30-01-2021,Apple Store,41,,,,,
556646,North America,USA,Services,6682210,140976,20%,Q2,04-04-2020,E-Commerce,34,,,,,
400633,South America,Japan,MacBook,801913,209827,30%,Q4,26-08-2022,Retail Partner,24,,,,,
127447,North America,Australia,Wearables,9054976,78845,40%,Q1,27-03-2024,Retail Partner,21,,,,,
402323,Asia,India,iPad,8648563,246272,20%,Q1,01-09-2021,E-Commerce,25,,,,,
639781,North America,India,iPhone,7206862,32197,40%,Q2,28-10-2023,E-Commerce,33,,,,,
104156,Africa,USA,MacBook,5099584,10603,25%,Q3,09-09-2020,Offline,36,,,,,
944153,Oceania,Australia,Services,1963727,135978,35%,Q1,23-12-2020,Online,32,,,,,
226748,Asia,USA,Services,957530,309486,40%,Q4,22-04-2023,E-Commerce,32,,,,,
362051,North America,Australia,Services,6518039,252837,20%,Q4,25-05-2024,Offline,35,,,,,
646092,Oceania,Canada,iPhone,2805059,165688,30%,Q1,26-09-2024,Online,19,,,,,
264234,Asia,Brazil,MacBook,3665546,328842,20%,Q1,01-01-2022,Online,24,,,,,
878095,South America,Japan,Services,9338853,217486,20%,Q1,04-07-2024,Offline,41,,,,,
470583,Asia,Australia,iPhone,4171560,302704,20%,Q2,25-06-2022,Offline,25,,,,,
554519,North America,Germany,iPhone,446422,51981,20%,Q1,23-07-2022,Online,33,,,,,
209688,South America,Japan,iPhone,8372330,412937,40%,Q4,14-02-2024,Apple Store,24,,,,,
698273,Asia,Germany,Services,2896156,450949,20%,Q2,04-05-2022,Offline,25,,,,,
788818,Africa,China,Wearables,1325018,260325,20%,Q3,30-08-2024,Online,20,,,,,
628428,Asia,Canada,MacBook,3043998,292827,30%,Q3,22-08-2024,Apple Store,23,,,,,
262754,North America,USA,Wearables,3269807,144294,25%,Q3,13-11-2023,Online,18,,,,,
319008,North America,UK,MacBook,9347348,187090,20%,Q4,02-01-2023,Online,20,,,,,
960016,North America,Germany,iPhone,7294508,32123,40%,Q3,10-03-2022,Retail Partner,19,,,,,
896942,Oceania,Canada,MacBook,2977703,402067,25%,Q4,17-03-2021,Retail Partner,46,,,,,
637657,Asia,India,iPhone,3448952,451949,35%,Q3,06-04-2020,Online,22,,,,,
509711,Africa,Australia,iPhone,4571587,23114,30%,Q1,12-07-2020,Online,24,,,,,
548953,South America,Japan,iPhone,402449,18669,25%,Q3,04-09-2024,Online,24,,,,,
687029,Oceania,USA,Services,595725,161653,40%,Q2,24-09-2020,Offline,31,,,,,
274861,Oceania,Brazil,Wearables,4446687,335863,40%,Q4,27-10-2024,Retail Partner,21,,,,,
149708,Africa,Brazil,iPad,761969,442071,30%,Q3,20-02-2024,Online,35,,,,,
926034,South America,China,MacBook,1573882,337406,40%,Q4,21-11-2023,Apple Store,23,,,,,
714900,North America,Australia,Services,2432496,36276,40%,Q3,16-11-2024,Offline,28,,,,,
357742,Africa,Germany,iPhone,4873116,77690,40%,Q4,28-09-2021,Offline,28,,,,,
179473,Africa,Brazil,iPhone,7486049,153973,40%,Q2,24-05-2024,Retail Partner,31,,,,,
310348,Europe,USA,iPad,4383278,59170,35%,Q3,21-04-2023,Offline,28,,,,,
496037,Oceania,India,iPhone,5598247,294343,40%,Q4,16-09-2024,Online,29,,,,,
736981,Europe,Japan,MacBook,9902775,342481,35%,Q1,22-01-2024,Online,31,,,,,
821590,Oceania,Australia,Services,1450758,319744,40%,Q4,03-03-2024,Online,25,,,,,
867867,Europe,Canada,Wearables,2797941,241190,25%,Q2,02-11-2024,Offline,30,,,,,
468758,North America,Canada,Wearables,6718283,173424,20%,Q3,07-01-2020,Offline,40,,,,,
509611,Asia,UK,iPhone,2219729,306453,30%,Q3,08-04-2021,Apple Store,18,,,,,
500836,North America,UK,Services,821394,170878,20%,Q2,02-05-2022,Apple Store,25,,,,,
347704,Europe,Japan,Wearables,1307651,371814,35%,Q2,05-03-2021,E-Commerce,29,,,,,
953672,North America,Canada,Wearables,4968417,72342,30%,Q4,17-09-2023,Online,20,,,,,
503646,Africa,France,iPad,7630386,260282,40%,Q1,11-06-2024,Online,32,,,,,
975324,Europe,China,iPhone,3236683,164069,30%,Q1,13-12-2021,Apple Store,20,,,,,
866626,South America,France,Wearables,3231031,453517,20%,Q3,17-05-2023,E-Commerce,21,,,,,
382098,Europe,Canada,Wearables,5301135,65928,25%,Q3,05-07-2023,Offline,35,,,,,
497655,North America,Germany,Wearables,2813617,373979,40%,Q2,28-01-2023,Retail Partner,31,,,,,
397708,North America,India,Wearables,5934813,291367,25%,Q3,23-01-2022,Offline,26,,,,,
499093,Asia,USA,Wearables,5665075,98640,20%,Q1,26-04-2020,E-Commerce,28,,,,,
696081,Africa,Australia,MacBook,9807257,351982,30%,Q4,10-02-2023,Online,30,,,,,
734625,North America,Japan,Wearables,5952770,114839,20%,Q3,09-05-2022,Offline,30,,,,,
825294,Asia,Canada,iPhone,3308125,142227,30%,Q4,20-03-2024,E-Commerce,30,,,,,
840427,South America,France,Services,6314981,414876,20%,Q3,06-02-2024,Apple Store,38,,,,,
766159,North America,UK,MacBook,1589195,82133,40%,Q3,07-06-2024,Apple Store,28,,,,,
634564,North America,Australia,Services,3451931,166303,20%,Q3,23-10-2023,Offline,33,,,,,
343743,Europe,Germany,iPhone,9684836,81523,25%,Q4,12-08-2022,Offline,31,,,,,
101385,North America,China,MacBook,3784040,113023,40%,Q4,01-02-2023,Online,35,,,,,
697086,Africa,Germany,iPad,207805,242040,20%,Q4,31-07-2020,Online,27,,,,,
260947,Europe,France,MacBook,8544143,108263,25%,Q3,02-05-2023,Online,19,,,,,
772082,North America,Brazil,iPhone,754082,104122,20%,Q2,25-09-2024,Online,25,,,,,
470718,South America,China,iPad,2250692,101912,40%,Q3,04-03-2021,Online,25,,,,,
418939,North America,India,iPhone,6171138,474392,25%,Q3,15-08-2021,Retail Partner,24,,,,,
916718,North America,Germany,MacBook,4666967,431167,20%,Q2,07-09-2023,Retail Partner,31,,,,,
289876,North America,India,iPhone,4130116,19426,40%,Q3,16-07-2020,Retail Partner,21,,,,,
101692,Oceania,USA,Services,6793424,279421,40%,Q2,22-06-2020,Apple Store,36,,,,,
858496,Asia,France,iPhone,6839401,145507,40%,Q4,12-10-2021,Online,30,,,,,
231609,North America,China,Wearables,2888519,123453,25%,Q1,07-10-2023,Apple Store,30,,,,,
248778,Africa,China,MacBook,6132689,465713,20%,Q4,25-01-2020,Apple Store,41,,,,,
977605,Oceania,Germany,Wearables,4145112,267658,20%,Q1,28-07-2021,Retail Partner,29,,,,,
982133,North America,India,MacBook,5283832,403729,40%,Q3,22-09-2022,Online,30,,,,,
637556,North America,Germany,iPhone,6950579,5114,40%,Q1,16-10-2021,Offline,31,,,,,
785809,North America,India,iPad,3951090,222817,25%,Q1,19-04-2022,Retail Partner,37,,,,,
402200,Europe,Japan,Services,1415547,457910,20%,Q4,09-08-2020,E-Commerce,32,,,,,
528511,Asia,Brazil,Services,5141817,475832,30%,Q3,31-10-2020,Offline,25,,,,,
483770,Asia,Germany,Services,598564,116451,40%,Q2,31-03-2020,Apple Store,27,,,,,
675671,Europe,Australia,iPhone,3902481,23191,30%,Q4,09-11-2024,Retail Partner,21,,,,,
798241,North America,USA,iPhone,1246620,145580,40%,Q1,24-06-2023,Offline,24,,,,,
324920,Europe,UK,MacBook,8552090,6070,40%,Q1,03-10-2022,Online,35,,,,,
841282,North America,Canada,iPhone,8690706,68997,20%,Q2,11-06-2023,E-Commerce,33,,,,,
993102,Europe,UK,MacBook,9538062,223574,35%,Q2,13-04-2024,Retail Partner,20,,,,,
644504,Africa,India,MacBook,6821586,269641,30%,Q4,28-05-2021,Offline,23,,,,,
969861,North America,Japan,Wearables,8188706,468411,20%,Q1,09-09-2020,E-Commerce,33,,,,,
794499,Africa,UK,Wearables,8206024,218670,30%,Q2,11-07-2021,Apple Store,34,,,,,
206346,Europe,Japan,MacBook,3640540,289903,40%,Q3,21-04-2022,E-Commerce,30,,,,,
683534,Asia,France,MacBook,1689543,79945,40%,Q1,18-12-2020,Apple Store,20,,,,,
826497,Oceania,Canada,iPhone,3730253,155400,20%,Q4,12-08-2021,E-Commerce,24,,,,,
439268,Africa,USA,iPad,3836125,90054,35%,Q3,01-10-2024,Online,27,,,,,
186970,Africa,Brazil,Wearables,628806,84752,40%,Q1,14-08-2023,E-Commerce,30,,,,,
837495,Europe,Canada,Services,9015343,219782,30%,Q2,07-04-2022,Retail Partner,26,,,,,
527890,South America,China,iPad,5924814,104636,20%,Q3,30-12-2021,Retail Partner,32,,,,,
916661,Africa,Canada,iPhone,5977340,131796,20%,Q4,13-01-2022,Online,32,,,,,
973531,Asia,Canada,iPhone,2808938,310423,20%,Q1,28-02-2023,Apple Store,32,,,,,
756540,Africa,Germany,iPhone,1711474,363186,20%,Q3,06-02-2022,Apple Store,27,,,,,
585019,Oceania,UK,Services,5379934,85409,40%,Q4,04-06-2022,E-Commerce,28,,,,,
490973,Asia,Canada,iPhone,269112,89353,30%,Q3,12-05-2020,Online,25,,,,,
957080,North America,USA,iPad,8881255,46312,30%,Q3,12-10-2023,Retail Partner,35,,,,,
648745,North America,India,Wearables,493649,268500,25%,Q1,15-10-2020,Retail Partner,30,,,,,
418989,Oceania,Canada,iPhone,3507873,45949,20%,Q4,07-06-2021,Offline,21,,,,,
458413,Europe,UK,iPhone,6457206,243711,30%,Q3,30-09-2021,Retail Partner,34,,,,,
534187,Africa,Japan,Wearables,3092186,27074,35%,Q4,24-04-2023,Online,32,,,,,
598047,South America,USA,Wearables,7633848,68901,40%,Q2,14-09-2022,Apple Store,41,,,,,
578234,Asia,USA,Wearables,5628927,471260,20%,Q3,27-11-2022,Apple Store,34,,,,,
405626,South America,Brazil,iPhone,5389623,228638,30%,Q4,27-12-2020,E-Commerce,24,,,,,
460785,Europe,China,Wearables,9170994,304396,20%,Q1,10-09-2023,E-Commerce,33,,,,,
517316,North America,Brazil,MacBook,1372163,165532,20%,Q3,21-12-2021,E-Commerce,25,,,,,
557044,North America,USA,iPhone,1390876,311602,40%,Q3,25-09-2021,Retail Partner,28,,,,,
540504,Europe,Germany,Wearables,19470,316259,40%,Q1,16-06-2023,Online,19,,,,,
710830,Europe,India,Services,1038854,322102,25%,Q2,26-01-2024,Online,29,,,,,
376538,Oceania,China,iPad,6633186,355961,30%,Q2,03-08-2020,Retail Partner,35,,,,,
535314,South America,USA,MacBook,627983,455094,25%,Q2,13-06-2023,E-Commerce,23,,,,,
479791,North America,India,Wearables,3994474,411989,40%,Q1,08-11-2024,Offline,30,,,,,
181447,Europe,India,iPad,2699228,166715,40%,Q1,10-02-2024,Retail Partner,28,,,,,
915794,Europe,UK,iPad,6897439,443677,30%,Q4,04-08-2022,Retail Partner,42,,,,,
360983,South America,Germany,iPad,6897508,389334,40%,Q1,20-11-2022,Online,26,,,,,
819079,Europe,Australia,MacBook,2089861,176390,20%,Q2,28-03-2023,E-Commerce,23,,,,,
737885,North America,India,iPad,8974228,11141,30%,Q1,06-10-2024,Offline,32,,,,,
489900,Asia,China,iPad,9956625,249107,30%,Q2,30-11-2021,Offline,33,,,,,
108053,Africa,Japan,MacBook,5278591,146227,40%,Q2,01-07-2022,Online,35,,,,,
664649,North America,Germany,iPhone,6305546,222069,35%,Q3,13-12-2024,Apple Store,26,,,,,
253869,South America,Japan,Wearables,9310630,216373,20%,Q3,02-01-2021,Retail Partner,26,,,,,
254249,Europe,Brazil,MacBook,1389517,391809,20%,Q1,26-11-2023,Retail Partner,32,,,,,
529053,Oceania,Australia,Wearables,513832,224581,40%,Q1,18-09-2024,Retail Partner,36,,,,,
769081,North America,India,MacBook,4837588,321333,20%,Q2,13-01-2021,Offline,44,,,,,
442967,Asia,China,iPad,4852852,470581,30%,Q4,29-03-2021,Retail Partner,38,,,,,
592250,North America,Germany,Wearables,2510414,273654,30%,Q3,21-05-2024,Apple Store,31,,,,,
838855,Asia,India,Services,6342174,403570,40%,Q1,03-04-2024,Apple Store,31,,,,,
775001,Oceania,Canada,Services,935312,379391,40%,Q2,18-09-2021,Offline,46,,,,,
658147,Asia,India,Services,4830642,448207,40%,Q2,15-07-2020,Offline,28,,,,,
168330,North America,India,iPhone,8919389,340785,40%,Q1,25-02-2024,Retail Partner,28,,,,,
868555,Oceania,China,Wearables,3356273,433661,40%,Q1,13-09-2022,Apple Store,30,,,,,
370789,North America,Japan,Wearables,7501229,293498,30%,Q2,15-11-2024,Offline,28,,,,,
843761,North America,Australia,Services,5508586,38771,35%,Q2,19-03-2024,Offline,31,,,,,
290957,Africa,USA,iPad,6999235,462916,40%,Q3,02-12-2020,Offline,33,,,,,
996222,North America,China,iPad,6623310,145842,40%,Q4,11-11-2023,Retail Partner,36,,,,,
452338,Africa,Germany,MacBook,8309668,208585,40%,Q2,17-03-2020,Online,27,,,,,
133619,Oceania,France,Wearables,5217280,38865,25%,Q2,29-11-2021,Offline,26,,,,,
405451,South America,Japan,iPad,4612163,152641,40%,Q4,15-11-2021,E-Commerce,25,,,,,
776132,Asia,India,iPhone,7445908,422541,30%,Q2,13-12-2022,E-Commerce,32,,,,,
603760,South America,India,Wearables,3179369,160064,25%,Q4,01-05-2021,Retail Partner,19,,,,,
886457,Europe,UK,Wearables,8527278,434811,35%,Q1,11-12-2022,Online,18,,,,,
472091,Oceania,USA,iPad,5819927,165833,40%,Q1,22-07-2020,E-Commerce,30,,,,,
155929,South America,USA,iPhone,1903349,166867,20%,Q3,26-10-2024,Online,34,,,,,
673161,Asia,Germany,MacBook,1922709,66882,20%,Q1,08-08-2024,Apple Store,43,,,,,
774669,North America,Japan,Services,1910899,470402,20%,Q1,21-02-2024,E-Commerce,25,,,,,
450562,Oceania,Canada,iPad,1783921,17429,30%,Q1,27-07-2023,E-Commerce,31,,,,,
249539,Asia,Australia,Wearables,5333575,426167,20%,Q1,02-03-2024,Retail Partner,40,,,,,
731107,Europe,UK,Wearables,9727137,344569,25%,Q2,31-10-2024,Online,24,,,,,
583152,North America,Canada,MacBook,9942250,374610,40%,Q1,23-06-2020,E-Commerce,25,,,,,
538374,North America,UK,iPad,4180442,317692,30%,Q4,27-09-2024,Retail Partner,45,,,,,
672082,Oceania,USA,MacBook,1266477,168564,25%,Q2,24-07-2023,Online,33,,,,,
761123,Europe,Canada,MacBook,7150705,459879,40%,Q2,01-07-2024,Apple Store,41,,,,,
436550,North America,China,Services,700603,343032,20%,Q1,04-02-2021,Retail Partner,30,,,,,
767441,North America,Canada,iPhone,3248950,245541,20%,Q3,04-09-2022,E-Commerce,29,,,,,
317018,North America,India,MacBook,1866313,161630,20%,Q2,01-09-2025,E-Commerce,27,,,,,
166038,South America,Japan,iPhone,8877428,22563,20%,Q4,07-12-2020,Retail Partner,22,,,,,
828670,Oceania,UK,Services,9044595,408777,40%,Q4,09-03-2023,Offline,36,,,,,
157517,Asia,USA,iPhone,7011828,121742,40%,Q4,21-08-2023,Online,26,,,,,
675623,Africa,France,iPad,1139321,147585,20%,Q1,20-03-2023,Retail Partner,33,,,,,
976111,South America,UK,Services,6268592,103233,20%,Q3,01-11-2023,Online,33,,,,,
601593,North America,France,Services,3288891,297736,35%,Q3,10-05-2024,E-Commerce,28,,,,,
845909,Asia,Brazil,MacBook,4901474,20453,30%,Q2,15-11-2024,E-Commerce,29,,,,,
101449,Europe,Canada,Services,652627,331679,20%,Q2,26-04-2020,E-Commerce,32,,,,,
913505,Asia,France,MacBook,8715558,201001,30%,Q4,18-05-2020,Offline,40,,,,,
843992,Oceania,UK,Services,1699094,39488,25%,Q3,02-12-2024,Apple Store,26,,,,,
665031,Asia,Canada,MacBook,1280631,18944,40%,Q3,04-07-2023,Apple Store,33,,,,,
973349,Asia,Canada,iPhone,5554901,314797,20%,Q4,28-12-2024,Offline,32,,,,,
319887,South America,Germany,iPad,4929999,101880,25%,Q3,08-01-2022,Retail Partner,30,,,,,
566703,North America,China,iPhone,5071484,131896,30%,Q4,27-12-2022,Retail Partner,20,,,,,
708706,South America,UK,Services,6499345,497167,20%,Q4,06-07-2022,Apple Store,50,,,,,
493571,Europe,China,iPad,2576178,296888,20%,Q2,02-10-2020,E-Commerce,32,,,,,
360957,South America,UK,MacBook,7238889,309365,30%,Q2,01-03-2024,Retail Partner,30,,,,,
691113,North America,UK,iPhone,7516544,322721,30%,Q3,18-09-2024,E-Commerce,25,,,,,
918559,Africa,Germany,Wearables,7389349,23735,30%,Q1,28-08-2022,Apple Store,36,,,,,
186991,Asia,Germany,iPad,4109569,128142,20%,Q4,18-09-2023,Online,29,,,,,
133717,Oceania,USA,Services,1692976,254943,35%,Q1,01-05-2024,Offline,40,,,,,
629382,South America,India,Wearables,3117832,419491,20%,Q2,03-12-2022,E-Commerce,22,,,,,
735666,South America,Germany,MacBook,2247732,307285,30%,Q4,28-06-2020,Offline,42,,,,,
683275,Europe,France,iPhone,1296997,356682,25%,Q4,07-06-2022,Offline,23,,,,,
648842,Asia,China,iPhone,1564840,177686,30%,Q3,15-06-2022,Offline,28,,,,,
216082,Europe,China,iPhone,3048623,478869,20%,Q1,18-03-2020,E-Commerce,24,,,,,
256835,North America,USA,Wearables,946594,34224,25%,Q4,14-04-2023,E-Commerce,35,,,,,
134806,South America,Japan,iPad,1325215,50187,30%,Q3,24-09-2023,Apple Store,39,,,,,
726738,Africa,India,MacBook,1744721,230443,30%,Q4,05-12-2022,Retail Partner,44,,,,,
789119,North America,Japan,iPhone,9293710,253836,40%,Q2,27-07-2021,Online,29,,,,,
380092,North America,USA,MacBook,8538707,146500,35%,Q2,23-10-2023,E-Commerce,25,,,,,
438143,Europe,India,Services,7208091,477437,30%,Q1,17-07-2024,Online,27,,,,,
372310,Africa,China,Wearables,8176504,193216,30%,Q4,24-04-2021,Apple Store,39,,,,,
127732,Africa,Brazil,iPhone,2383380,412178,35%,Q2,19-12-2022,Apple Store,30,,,,,
545916,Oceania,Brazil,MacBook,2923404,312528,30%,Q4,12-11-2024,Offline,49,,,,,
643139,South America,USA,MacBook,611906,236912,35%,Q2,29-01-2020,Online,32,,,,,
192581,Africa,China,iPad,2459543,194548,30%,Q3,05-07-2021,Online,28,,,,,
788728,Oceania,Brazil,iPhone,3231124,479869,30%,Q3,11-01-2023,Online,24,,,,,
218471,Asia,Canada,Services,8619260,245675,35%,Q1,01-11-2022,Offline,44,,,,,
562526,Africa,Canada,MacBook,6819250,457872,30%,Q1,19-08-2022,Retail Partner,39,,,,,
164557,Africa,UK,Services,2066218,345138,30%,Q2,13-03-2023,E-Commerce,27,,,,,
518024,Oceania,Germany,iPhone,6597218,48914,35%,Q2,14-09-2021,E-Commerce,18,,,,,
578511,North America,Brazil,Services,2385971,247688,25%,Q3,19-01-2025,E-Commerce,31,,,,,
622807,North America,India,iPad,78344,228600,35%,Q3,23-05-2022,E-Commerce,31,,,,,
125681,North America,Brazil,iPhone,4328102,355050,30%,Q2,04-09-2022,Offline,22,,,,,
735747,Europe,Japan,Services,7347840,283163,20%,Q3,09-05-2023,Offline,29,,,,,
701934,Asia,France,iPad,9227187,53753,40%,Q2,01-10-2020,Apple Store,41,,,,,
413450,Europe,Australia,iPhone,5210883,154332,40%,Q2,22-10-2024,Online,27,,,,,
708139,Africa,Australia,Services,3091628,358494,25%,Q3,26-09-2024,Retail Partner,37,,,,,
743459,Europe,Canada,iPad,2482772,105441,20%,Q3,03-01-2022,E-Commerce,26,,,,,
289406,North America,Canada,iPhone,488973,9694,30%,Q1,18-04-2021,E-Commerce,26,,,,,
104994,North America,UK,Wearables,4886403,18315,20%,Q1,14-10-2020,Online,31,,,,,
223261,Oceania,Canada,iPhone,4612771,405620,20%,Q2,01-03-2024,Online,20,,,,,
714626,Africa,Brazil,iPad,509912,284670,30%,Q4,22-09-2021,Online,35,,,,,
220638,North America,UK,Wearables,1487208,185731,40%,Q3,27-07-2023,Apple Store,44,,,,,
179953,Europe,USA,iPhone,8010594,135151,25%,Q4,24-05-2023,Apple Store,34,,,,,
497036,Europe,Japan,Wearables,6767594,351373,40%,Q4,06-02-2022,Apple Store,42,,,,,
606643,Africa,Australia,Wearables,3694336,68155,30%,Q4,08-05-2020,Online,26,,,,,
442436,Asia,Germany,MacBook,5901609,59735,25%,Q2,18-09-2023,Retail Partner,40,,,,,
458996,Oceania,USA,Services,3091664,108442,25%,Q4,19-07-2023,E-Commerce,27,,,,,
506306,South America,UK,iPad,3550661,493870,20%,Q1,30-03-2024,Offline,45,,,,,
913049,North America,India,Services,881538,182327,20%,Q3,31-12-2024,Online,31,,,,,
313904,North America,Australia,iPad,6968941,73894,25%,Q2,12-05-2024,E-Commerce,27,,,,,
447478,Asia,UK,Services,4336158,363303,40%,Q3,19-07-2023,Retail Partner,49,,,,,
160119,North America,France,iPad,2848642,388862,40%,Q2,09-05-2020,E-Commerce,26,,,,,
803824,Africa,USA,iPhone,1954042,453869,35%,Q1,23-03-2024,Retail Partner,30,,,,,
538181,Oceania,France,Services,7464720,128689,20%,Q3,15-09-2023,Offline,35,,,,,
782712,North America,UK,iPhone,3589278,112955,20%,Q3,31-03-2023,E-Commerce,19,,,,,
781154,North America,India,Services,7293348,240946,30%,Q4,02-10-2020,Retail Partner,49,,,,,
222514,North America,Germany,MacBook,3373535,319630,30%,Q4,25-04-2022,Retail Partner,22,,,,,
243284,Asia,Canada,iPhone,7760935,198592,25%,Q4,24-10-2022,Apple Store,23,,,,,
323834,North America,USA,MacBook,5076713,400134,40%,Q3,24-03-2021,Retail Partner,28,,,,,
180518,North America,Japan,Services,3552561,371461,35%,Q3,22-04-2023,Apple Store,32,,,,,
858841,Europe,UK,Wearables,7273139,184391,40%,Q1,05-02-2023,E-Commerce,31,,,,,
524235,North America,UK,MacBook,8491936,374340,35%,Q2,25-02-2020,Retail Partner,43,,,,,
452016,South America,Australia,Services,1669440,96521,35%,Q3,31-03-2022,Apple Store,43,,,,,
785675,North America,UK,iPhone,6873176,5109,40%,Q3,02-03-2023,Retail Partner,32,,,,,
257739,Oceania,India,Wearables,3415531,431720,40%,Q4,03-07-2024,E-Commerce,27,,,,,
821612,Africa,France,iPad,2712551,339739,40%,Q4,14-03-2022,Retail Partner,40,,,,,
109702,Europe,China,iPad,4462599,197018,30%,Q2,13-09-2024,Offline,34,,,,,
519132,North America,China,Wearables,3415806,82033,30%,Q1,04-03-2021,Offline,18,,,,,
856202,Africa,UK,Services,7563106,253992,40%,Q3,30-06-2022,E-Commerce,35,,,,,
293051,North America,China,Wearables,5064891,365009,40%,Q4,24-10-2021,Apple Store,21,,,,,
526339,Oceania,Germany,MacBook,8504257,186416,25%,Q2,26-07-2023,Apple Store,41,,,,,
861668,Oceania,France,Services,6923228,293665,35%,Q3,09-07-2020,Apple Store,42,,,,,
315064,Oceania,USA,Wearables,6236422,494972,20%,Q2,09-06-2023,Online,31,,,,,
843143,North America,China,Services,8323044,169764,35%,Q1,12-03-2024,Offline,37,,,,,
191142,Europe,Germany,MacBook,7435967,114785,25%,Q3,21-04-2020,Online,34,,,,,
630229,North America,Australia,iPhone,876646,129381,25%,Q1,05-03-2024,Apple Store,21,,,,,
526518,Africa,UK,MacBook,7172336,154377,35%,Q1,18-12-2023,Online,28,,,,,
745621,Asia,USA,MacBook,6016557,414206,25%,Q3,18-06-2022,E-Commerce,18,,,,,
390360,North America,Brazil,Wearables,1173231,286048,30%,Q4,25-04-2022,Apple Store,42,,,,,
721736,Africa,USA,MacBook,6263235,377009,30%,Q4,04-09-2024,Offline,49,,,,,
504734,Asia,UK,Wearables,9196820,316605,40%,Q1,12-10-2021,Offline,38,,,,,
926965,Asia,UK,Wearables,8497817,405896,25%,Q4,02-08-2022,Retail Partner,32,,,,,
215332,Europe,China,MacBook,6801502,278347,20%,Q2,03-01-2020,Retail Partner,41,,,,,
941679,North America,India,iPhone,6851628,255433,20%,Q2,25-09-2022,Apple Store,34,,,,,
957356,South America,Canada,Services,2227186,347130,40%,Q2,10-10-2020,Apple Store,35,,,,,
994649,Europe,Japan,iPad,6300438,461437,30%,Q3,13-10-2020,Apple Store,42,,,,,
582843,South America,France,Services,541867,458759,35%,Q2,02-10-2024,Retail Partner,50,,,,,
310785,Africa,India,iPad,8735888,374097,20%,Q3,31-07-2020,Online,32,,,,,
693098,Asia,UK,MacBook,7390404,303396,25%,Q2,19-03-2023,Online,30,,,,,
345445,South America,USA,Services,7440251,390090,30%,Q2,16-04-2023,Online,25,,,,,
188701,South America,Brazil,Wearables,2733992,235690,35%,Q3,27-05-2023,Offline,19,,,,,
928127,South America,USA,MacBook,8356348,121760,20%,Q4,02-03-2022,Retail Partner,39,,,,,
476285,Oceania,Canada,MacBook,6490327,90237,40%,Q4,19-06-2022,Online,24,,,,,
222681,South America,France,Services,4758844,363159,20%,Q3,24-06-2021,Apple Store,47,,,,,
131232,North America,France,Services,6327300,42477,30%,Q3,06-09-2023,E-Commerce,28,,,,,
669843,North America,China,iPad,944348,147698,35%,Q4,24-01-2023,Retail Partner,28,,,,,
992153,Asia,Canada,iPhone,7767660,89409,20%,Q2,28-12-2023,Retail Partner,20,,,,,
912480,South America,Australia,Services,1664088,91410,30%,Q2,26-12-2021,E-Commerce,32,,,,,
151884,South America,France,MacBook,8609193,401091,35%,Q3,24-08-2021,Apple Store,49,,,,,
178033,North America,China,iPad,814238,234027,30%,Q1,14-10-2020,Retail Partner,42,,,,,
507012,North America,Brazil,MacBook,9027003,1401,40%,Q4,05-04-2022,Retail Partner,32,,,,,
562232,North America,Japan,iPad,4673702,324655,25%,Q3,12-01-2022,Offline,33,,,,,
302771,Africa,China,Wearables,2386116,221315,20%,Q1,12-07-2023,Offline,37,,,,,
406582,North America,China,Services,2922252,255424,30%,Q2,24-02-2023,Apple Store,35,,,,,
362452,North America,Brazil,Services,6923195,306343,40%,Q2,21-07-2023,Apple Store,32,,,,,
624794,North America,UK,MacBook,9657128,327967,35%,Q4,23-12-2021,Apple Store,44,,,,,
890634,Oceania,China,iPhone,8869108,279473,30%,Q1,15-10-2022,Online,21,,,,,
220123,Africa,Canada,Services,4551495,314490,40%,Q4,13-09-2023,Apple Store,45,,,,,
975430,Africa,Brazil,iPad,3884294,374424,35%,Q3,16-03-2020,Apple Store,36,,,,,
322968,South America,China,Services,9217422,323799,40%,Q1,18-08-2024,E-Commerce,34,,,,,
125538,North America,Australia,MacBook,396776,370087,25%,Q3,27-04-2021,Retail Partner,47,,,,,
188252,Oceania,Japan,iPhone,4086629,402823,20%,Q2,15-07-2024,Apple Store,29,,,,,
902662,Europe,Brazil,iPad,9969847,254157,25%,Q3,19-05-2021,Retail Partner,32,,,,,
738211,Europe,Brazil,Wearables,8323043,41015,40%,Q4,08-08-2022,Offline,24,,,,,
467169,Asia,Germany,MacBook,1444036,231623,25%,Q3,03-05-2023,Apple Store,49,,,,,
846160,South America,Brazil,Wearables,8080860,271536,20%,Q4,05-04-2024,Retail Partner,34,,,,,
173186,Oceania,UK,iPhone,9069183,376923,20%,Q3,30-11-2023,Offline,22,,,,,
342237,South America,China,iPhone,6462960,379128,40%,Q3,28-12-2023,E-Commerce,24,,,,,
175500,North America,Australia,Services,7044977,376082,20%,Q3,25-08-2020,Retail Partner,44,,,,,
474061,North America,Japan,iPhone,6160971,342441,30%,Q2,23-11-2023,Offline,31,,,,,
159845,Asia,China,iPad,5442286,80336,40%,Q3,16-12-2022,Offline,44,,,,,
701622,North America,UK,MacBook,8409884,8247,25%,Q3,04-05-2024,Online,18,,,,,
418553,North America,Canada,MacBook,7010763,347584,20%,Q3,23-08-2023,Offline,36,,,,,
508545,Africa,USA,iPhone,7537841,414549,20%,Q2,09-11-2024,Offline,23,,,,,
473279,North America,France,Services,8004099,184450,40%,Q3,18-10-2020,Apple Store,31,,,,,
829593,Africa,China,Services,8750035,401200,35%,Q3,27-02-2020,Retail Partner,50,,,,,
327214,North America,China,Wearables,5707361,375303,25%,Q1,17-07-2020,Apple Store,25,,,,,
872102,Europe,Japan,Services,6677981,12596,35%,Q1,10-08-2024,Retail Partner,32,,,,,
677429,Europe,Canada,MacBook,3737430,48720,25%,Q4,01-10-2024,Apple Store,45,,,,,
898802,North America,USA,MacBook,515961,390766,35%,Q1,20-03-2024,E-Commerce,35,,,,,
694296,North America,Australia,Services,2086975,345837,40%,Q3,27-05-2024,Offline,44,,,,,
507353,North America,China,iPhone,2974717,182546,40%,Q3,07-09-2022,Apple Store,21,,,,,
705435,Europe,Brazil,iPhone,4036458,73996,20%,Q2,01-06-2021,E-Commerce,31,,,,,
152227,South America,Australia,iPhone,7851960,293855,35%,Q4,09-01-2024,Online,25,,,,,
508847,South America,Germany,iPad,6375443,63183,35%,Q4,05-06-2021,Online,26,,,,,
857108,North America,India,Services,5188357,415257,25%,Q2,16-03-2021,E-Commerce,28,,,,,
990636,South America,France,iPhone,7542318,68751,30%,Q3,16-10-2023,Online,19,,,,,
944689,Asia,Australia,iPad,607184,371942,30%,Q4,12-08-2021,E-Commerce,31,,,,,
937206,North America,France,iPhone,2398288,436143,25%,Q1,09-09-2020,Apple Store,34,,,,,
992366,Africa,Japan,iPhone,4095804,426611,30%,Q1,16-09-2024,Online,28,,,,,
156291,Europe,France,Services,1532956,257229,20%,Q2,27-05-2023,Apple Store,35,,,,,
607856,Asia,Brazil,Wearables,4884607,296342,30%,Q4,28-07-2020,Online,25,,,,,
886222,Asia,Canada,iPad,7190570,337212,40%,Q2,29-04-2021,Online,28,,,,,
423132,South America,Germany,Wearables,4798616,198723,30%,Q3,07-01-2023,E-Commerce,23,,,,,
275388,North America,Japan,MacBook,7244597,42825,40%,Q1,17-06-2024,Online,32,,,,,
668323,Oceania,Canada,Services,3997367,183633,30%,Q3,27-06-2024,Retail Partner,34,,,,,
212474,Europe,Germany,MacBook,3679034,11054,25%,Q2,08-05-2021,Online,35,,,,,
529867,North America,India,MacBook,3176078,350457,40%,Q1,28-07-2021,E-Commerce,20,,,,,
351213,North America,Australia,iPad,2538661,374513,40%,Q3,20-07-2022,Retail Partner,31,,,,,
529110,Europe,Japan,iPhone,3053043,389053,20%,Q1,22-06-2021,Online,22,,,,,
538271,Europe,Japan,iPad,6862402,137435,25%,Q2,21-03-2023,Online,30,,,,,
955487,Europe,Japan,iPad,9949159,395139,20%,Q1,22-11-2023,Retail Partner,31,,,,,
793176,Europe,Germany,Services,4872873,171511,40%,Q1,03-04-2021,E-Commerce,32,,,,,
651013,Oceania,Canada,MacBook,3423097,498016,25%,Q4,24-11-2020,Offline,29,,,,,
490146,Oceania,India,MacBook,9779735,328708,30%,Q2,28-12-2021,Apple Store,21,,,,,
567743,Oceania,UK,Services,9649487,58849,40%,Q3,16-06-2022,Offline,47,,,,,
643085,Oceania,Germany,MacBook,1589175,81305,40%,Q1,20-06-2021,Retail Partner,23,,,,,
467721,Africa,China,iPhone,2622709,276669,20%,Q4,03-10-2022,Retail Partner,34,,,,,
786277,North America,China,iPhone,6574740,77792,30%,Q1,06-02-2024,Retail Partner,25,,,,,
778684,Asia,USA,Services,1887077,416393,20%,Q1,19-12-2020,E-Commerce,27,,,,,
994654,Asia,Australia,MacBook,3630310,108704,30%,Q1,05-05-2020,E-Commerce,24,,,,,
213626,South America,China,Wearables,6132226,414993,35%,Q4,10-08-2021,Retail Partner,27,,,,,
682371,North America,USA,iPad,8173918,90667,25%,Q1,17-12-2024,Online,25,,,,,
468714,Oceania,USA,MacBook,3501003,216850,40%,Q4,19-10-2024,E-Commerce,25,,,,,
411995,Oceania,Canada,MacBook,1579588,31122,35%,Q1,06-05-2020,Online,24,,,,,
945057,Asia,Canada,MacBook,5590655,116081,30%,Q4,20-08-2020,E-Commerce,30,,,,,
857833,South America,Canada,iPhone,187673,204791,20%,Q3,19-11-2020,Online,26,,,,,
386302,Africa,Japan,MacBook,9824635,466527,30%,Q2,27-07-2020,Online,27,,,,,
785040,Europe,China,iPhone,9800885,444469,20%,Q2,05-11-2023,E-Commerce,27,,,,,
525684,South America,China,iPhone,8973457,16721,30%,Q4,05-09-2021,Offline,34,,,,,
653054,Europe,France,iPad,52071,341364,30%,Q2,07-02-2023,Retail Partner,43,,,,,
499006,Asia,Germany,iPhone,2728230,254221,30%,Q4,28-03-2021,Offline,26,,,,,
713759,North America,Canada,Wearables,411336,90445,40%,Q3,07-03-2020,E-Commerce,22,,,,,
598082,Asia,USA,iPad,7009837,461086,30%,Q3,18-09-2022,E-Commerce,35,,,,,
333504,North America,Japan,iPhone,5060881,4676,35%,Q4,29-07-2020,Online,29,,,,,
380255,Africa,Canada,iPad,5928377,116935,40%,Q1,28-06-2021,E-Commerce,32,,,,,
547044,Oceania,Canada,iPhone,553857,148924,30%,Q4,13-03-2022,Retail Partner,34,,,,,
325446,Africa,Japan,Services,1916804,169545,20%,Q1,04-05-2020,Apple Store,25,,,,,
344314,North America,China,iPad,9311836,391504,40%,Q1,24-04-2020,Apple Store,40,,,,,
670754,Oceania,Brazil,MacBook,9170811,499421,20%,Q1,13-11-2021,Apple Store,22,,,,,
206170,North America,India,Wearables,882504,135637,30%,Q3,26-10-2023,E-Commerce,26,,,,,
705158,North America,Australia,Services,5848488,248662,35%,Q1,21-11-2021,Online,26,,,,,
343055,Europe,France,Services,2433858,449140,20%,Q3,19-09-2024,E-Commerce,25,,,,,
202481,South America,Canada,MacBook,3608165,13876,25%,Q3,16-04-2024,Offline,32,,,,,
830401,North America,Australia,Services,2405077,114954,30%,Q2,20-09-2024,Apple Store,25,,,,,
468595,Europe,Canada,Wearables,3713936,252502,30%,Q3,08-03-2020,Online,20,,,,,
805219,Asia,India,iPhone,2453192,244679,30%,Q2,13-04-2023,Offline,29,,,,,
274131,Africa,India,MacBook,284458,340001,40%,Q3,04-11-2021,Online,22,,,,,
556644,Europe,Canada,Wearables,698979,162168,30%,Q1,24-10-2022,E-Commerce,25,,,,,
840211,North America,USA,Services,8380921,338600,30%,Q1,18-05-2023,Online,32,,,,,
332409,Oceania,France,Services,1521231,166514,40%,Q1,02-02-2022,Retail Partner,43,,,,,
169359,North America,Canada,Wearables,5365330,250038,20%,Q1,29-07-2020,Retail Partner,32,,,,,
102123,Oceania,China,Wearables,3471707,68572,40%,Q1,21-05-2024,Offline,21,,,,,
879920,North America,Japan,Services,4438182,209042,30%,Q4,12-02-2023,Retail Partner,37,,,,,
564800,Oceania,UK,iPad,7971799,84196,30%,Q3,03-05-2023,Apple Store,30,,,,,
834274,North America,UK,Services,7714266,290620,30%,Q3,09-11-2024,E-Commerce,27,,,,,
800294,North America,Australia,MacBook,30874,137648,40%,Q2,23-08-2024,Offline,50,,,,,
449090,Oceania,China,iPhone,5596720,82727,20%,Q3,29-01-2024,Apple Store,25,,,,,
849533,North America,France,iPhone,1234680,291626,35%,Q4,03-08-2023,Apple Store,21,,,,,
536341,Oceania,Japan,MacBook,6205519,33959,40%,Q4,30-04-2023,Offline,49,,,,,
720034,North America,France,iPad,770337,7837,25%,Q1,20-12-2023,E-Commerce,34,,,,,
251829,South America,China,Wearables,8496172,437834,20%,Q2,01-01-2022,E-Commerce,21,,,,,
247644,North America,USA,MacBook,7530823,128613,35%,Q3,03-08-2022,Retail Partner,27,,,,,
804548,Europe,Japan,MacBook,7785569,399213,40%,Q3,12-02-2024,E-Commerce,21,,,,,
929973,North America,Japan,Wearables,1515873,181536,35%,Q3,15-08-2021,Retail Partner,41,,,,,
671143,North America,Brazil,Services,8077048,136809,20%,Q4,09-01-2024,Offline,41,,,,,
480701,Africa,Canada,iPhone,2731058,260195,30%,Q3,13-04-2024,E-Commerce,19,,,,,
241768,Oceania,India,Wearables,1325668,201114,30%,Q1,03-10-2022,Online,35,,,,,
647432,Oceania,Germany,MacBook,5979654,455312,35%,Q2,17-02-2022,Offline,40,,,,,
305277,South America,India,iPhone,197070,450119,20%,Q4,22-07-2024,Offline,26,,,,,
337834,Asia,Japan,MacBook,3196640,428917,30%,Q3,15-12-2021,Offline,33,,,,,
390990,North America,China,Wearables,6015458,232524,40%,Q4,13-08-2022,Retail Partner,31,,,,,
834223,South America,Australia,iPad,3089047,405581,40%,Q1,21-09-2021,Apple Store,33,,,,,
698153,Asia,Canada,iPad,723129,304291,20%,Q1,27-07-2023,Retail Partner,34,,,,,
307162,North America,Canada,MacBook,2125724,339884,35%,Q1,11-05-2020,Online,33,,,,,
543189,Europe,Australia,Services,7311928,396408,35%,Q3,17-08-2023,Apple Store,41,,,,,
930217,Africa,Canada,Services,4961402,222144,30%,Q1,21-10-2023,Offline,35,,,,,
688979,Africa,France,Wearables,9012816,64753,35%,Q4,16-05-2024,Offline,31,,,,,
806774,Oceania,Canada,iPad,4482790,128792,40%,Q1,21-10-2024,Offline,39,,,,,
508553,Asia,Germany,iPad,5722469,313820,40%,Q1,26-08-2020,Apple Store,26,,,,,
556815,Asia,India,MacBook,8399891,337966,20%,Q2,19-04-2022,Retail Partner,38,,,,,
752851,Oceania,USA,MacBook,3857621,242792,40%,Q1,10-09-2021,Online,33,,,,,
581305,Asia,Canada,MacBook,7836365,366576,25%,Q2,28-07-2024,Apple Store,26,,,,,
324044,Europe,Germany,iPad,8819303,13078,25%,Q4,29-11-2022,E-Commerce,26,,,,,
608841,Africa,Canada,iPhone,7778455,153739,40%,Q2,13-09-2020,Retail Partner,22,,,,,
244017,Africa,France,Services,1242413,125306,30%,Q4,03-09-2024,Retail Partner,40,,,,,
923728,North America,Canada,iPhone,3649050,305264,20%,Q1,01-03-2024,Online,31,,,,,
404606,Asia,Canada,Wearables,5333180,196596,25%,Q4,07-08-2022,E-Commerce,20,,,,,
624363,Africa,India,Wearables,6295110,123389,30%,Q3,31-12-2020,Offline,21,,,,,
210771,Oceania,Australia,MacBook,4766252,397382,40%,Q3,09-04-2022,Apple Store,33,,,,,
452060,North America,India,Wearables,6681483,318102,30%,Q4,05-07-2022,Online,29,,,,,
270722,Asia,France,iPhone,8082684,377989,25%,Q4,01-03-2021,Offline,25,,,,,
414250,North America,Japan,iPad,8779750,69729,30%,Q1,16-09-2022,Retail Partner,34,,,,,
724995,Europe,France,Wearables,4734952,435700,20%,Q2,01-01-2023,E-Commerce,19,,,,,
598027,North America,UK,Services,8383525,494686,40%,Q3,15-10-2020,Apple Store,47,,,,,
999828,South America,Germany,Services,4204461,264889,35%,Q1,16-07-2024,Online,25,,,,,
156637,Europe,Japan,iPhone,1497366,16939,30%,Q4,31-07-2023,E-Commerce,32,,,,,
962104,South America,Germany,MacBook,5106442,179012,40%,Q2,08-07-2022,Online,31,,,,,
709195,South America,USA,MacBook,9691678,119543,35%,Q2,31-12-2023,Online,34,,,,,
797643,Asia,UK,MacBook,7596575,241328,20%,Q3,04-10-2020,E-Commerce,35,,,,,
482846,Europe,USA,iPhone,976969,170268,20%,Q1,21-12-2022,Retail Partner,28,,,,,
162887,Oceania,Australia,Services,975801,135706,20%,Q3,10-06-2020,E-Commerce,30,,,,,
367385,Africa,Brazil,iPhone,3023686,270465,35%,Q3,10-09-2022,E-Commerce,23,,,,,
214200,Africa,Canada,MacBook,6125490,331595,40%,Q1,17-03-2022,Online,33,,,,,
474815,Africa,Japan,iPhone,4365091,172583,30%,Q4,24-11-2023,Offline,25,,,,,
465125,North America,Canada,iPad,7321055,169934,30%,Q1,22-07-2020,Online,28,,,,,
939222,North America,China,iPhone,9367930,307269,25%,Q2,01-04-2022,Offline,21,,,,,
665823,Asia,Australia,Services,2449233,135111,20%,Q1,29-12-2022,Offline,38,,,,,
872760,Asia,China,MacBook,2891733,347723,40%,Q2,04-07-2023,E-Commerce,18,,,,,
518590,Europe,Japan,MacBook,9561402,257439,35%,Q4,24-07-2023,Apple Store,43,,,,,
310329,Oceania,Brazil,iPhone,1239349,473553,35%,Q2,04-08-2023,E-Commerce,22,,,,,
483137,Europe,Brazil,iPad,6035896,414034,40%,Q2,22-08-2024,Online,30,,,,,
838629,North America,Germany,MacBook,9120211,471956,25%,Q2,14-03-2022,E-Commerce,35,,,,,
241301,Europe,France,Wearables,1464533,179628,20%,Q4,07-12-2024,Online,22,,,,,
828659,North America,Germany,iPad,94094,484318,20%,Q4,24-03-2021,Retail Partner,29,,,,,
875678,North America,UK,iPhone,7995588,109767,30%,Q2,27-07-2023,Retail Partner,23,,,,,
519540,South America,China,Wearables,3453115,285686,30%,Q1,09-09-2022,Online,32,,,,,
536465,South America,USA,MacBook,9616024,26760,20%,Q1,23-08-2021,Online,25,,,,,
514370,Africa,UK,Services,7491596,12717,30%,Q3,21-08-2023,Retail Partner,30,,,,,
551060,South America,Japan,iPhone,4384905,210495,40%,Q1,15-10-2020,Retail Partner,20,,,,,
919630,North America,Brazil,Wearables,4609148,294490,25%,Q2,25-03-2020,E-Commerce,33,,,,,
429307,Asia,USA,iPad,3783717,136991,25%,Q4,19-09-2023,Apple Store,43,,,,,
955091,Africa,Germany,Wearables,9275748,19349,30%,Q3,06-01-2024,Online,22,,,,,
722265,Europe,China,iPhone,8951024,93894,40%,Q2,25-08-2024,Retail Partner,20,,,,,
712816,Oceania,France,iPhone,6022455,377192,30%,Q2,12-08-2022,Apple Store,33,,,,,
617140,Asia,USA,MacBook,9077389,188115,30%,Q4,10-03-2024,Apple Store,39,,,,,
